strategy_id,primary_id,ID,sector,subsector,value,Year,Gas,design_id,future_id,strategy,Code,Contry,source,value_original,value_hp
0,0,1.A.1 - Energy Industries:CO2,1 - Energy,1.A.1 - Energy Industries,0.0001783895349587,2022,CO2,0,0,Strategy TX:BASE,CDMX,cdmx,SISEPUEDE,0.0001783895349587,
0,0,1.A.1 - Energy Industries:CO2,1 - Energy,1.A.1 - Energy Industries,0.0001823535683542,2023,CO2,0,0,Strategy TX:BASE,CDMX,cdmx,SISEPUEDE,0.0001823535683542,
0,0,1.A.1 - Energy Industries:CO2,1 - Energy,1.A.1 - Energy Industries,0.0001849734639357,2024,CO2,0,0,Strategy TX:BASE,CDMX,cdmx,SISEPUEDE,0.0001849734639357,
0,0,1.A.1 - Energy Industries:CO2,1 - Energy,1.A.1 - Energy Industries,0.0001860472741893,2025,CO2,0,0,Strategy TX:BASE,CDMX,cdmx,SISEPUEDE,0.0001860472741893,
0,0,1.A.1 - Energy Industries:CO2,1 - Energy,1.A.1 - Energy Industries,0.0001879933468943,2026,CO2,0,0,Strategy TX:BASE,CDMX,cdmx,SISEPUEDE,0.0001879933468943,
0,0,1.A.1 - Energy Industries:CO2,1 - Energy,1.A.1 - Energy Industries,0.0001901803668589,2027,CO2,0,0,Strategy TX:BASE,CDMX,cdmx,SISEPUEDE,0.0001901803668589,
0,0,1.A.1 - Energy Industries:CO2,1 - Energy,1.A.1 - Energy Industries,0.0001924109836914,2028,CO2,0,0,Strategy TX:BASE,CDMX,cdmx,SISEPUEDE,0.0001924109836914,
0,0,1.A.1 - Energy Industries:CO2,1 - Energy,1.A.1 - Energy Industries,0.0001946777189271,2029,CO2,0,0,Strategy TX:BASE,CDMX,cdmx,SISEPUEDE,0.0001946777189271,
0,0,1.A.1 - Energy Industries:CO2,1 - Energy,1.A.1 - Energy Industries,0.0001971731617822,2030,CO2,0,0,Strategy TX:BASE,CDMX,cdmx,SISEPUEDE,0.0001971731617822,
0,0,1.A.1 - Energy Industries:CO2,1 - Energy,1.A.1 - Energy Industries,0.0001998685441891,2031,CO2,0,0,Strategy TX:BASE,CDMX,cdmx,SISEPUEDE,0.0001998685441891,
0,0,1.A.1 - Energy Industries:CO2,1 - Energy,1.A.1 - Energy Industries,0.0002027724004267,2032,CO2,0,0,Strategy TX:BASE,CDMX,cdmx,SISEPUEDE,0.0002027724004267,
0,0,1.A.1 - Energy Industries:CO2,1 - Energy,1.A.1 - Energy Industries,0.0002058938087486,2033,CO2,0,0,Strategy TX:BASE,CDMX,cdmx,SISEPUEDE,0.0002058938087486,
0,0,1.A.1 - Energy Industries:CO2,1 - Energy,1.A.1 - Energy Industries,0.0002092423573242,2034,CO2,0,0,Strategy TX:BASE,CDMX,cdmx,SISEPUEDE,0.0002092423573242,
0,0,1.A.1 - Energy Industries:CO2,1 - Energy,1.A.1 - Energy Industries,0.0002128282544813,2035,CO2,0,0,Strategy TX:BASE,CDMX,cdmx,SISEPUEDE,0.0002128282544813,
0,0,1.A.1 - Energy Industries:CO2,1 - Energy,1.A.1 - Energy Industries,0.0002166623547348,2036,CO2,0,0,Strategy TX:BASE,CDMX,cdmx,SISEPUEDE,0.0002166623547348,
0,0,1.A.1 - Energy Industries:CO2,1 - Energy,1.A.1 - Energy Industries,0.0002207562199564,2037,CO2,0,0,Strategy TX:BASE,CDMX,cdmx,SISEPUEDE,0.0002207562199564,
0,0,1.A.1 - Energy Industries:CO2,1 - Energy,1.A.1 - Energy Industries,0.0002251222688983,2038,CO2,0,0,Strategy TX:BASE,CDMX,cdmx,SISEPUEDE,0.0002251222688983,
0,0,1.A.1 - Energy Industries:CO2,1 - Energy,1.A.1 - Energy Industries,0.0002297532431551,2039,CO2,0,0,Strategy TX:BASE,CDMX,cdmx,SISEPUEDE,0.0002297532431551,
0,0,1.A.1 - Energy Industries:CO2,1 - Energy,1.A.1 - Energy Industries,0.0002346216398873,2040,CO2,0,0,Strategy TX:BASE,CDMX,cdmx,SISEPUEDE,0.0002346216398873,
0,0,1.A.1 - Energy Industries:CO2,1 - Energy,1.A.1 - Energy Industries,0.0002395871597823,2041,CO2,0,0,Strategy TX:BASE,CDMX,cdmx,SISEPUEDE,0.0002395871597823,
0,0,1.A.1 - Energy Industries:CO2,1 - Energy,1.A.1 - Energy Industries,0.000244627432012,2042,CO2,0,0,Strategy TX:BASE,CDMX,cdmx,SISEPUEDE,0.000244627432012,
0,0,1.A.1 - Energy Industries:CO2,1 - Energy,1.A.1 - Energy Industries,0.0002496967213544,2043,CO2,0,0,Strategy TX:BASE,CDMX,cdmx,SISEPUEDE,0.0002496967213544,
0,0,1.A.1 - Energy Industries:CO2,1 - Energy,1.A.1 - Energy Industries,0.0002548038315185,2044,CO2,0,0,Strategy TX:BASE,CDMX,cdmx,SISEPUEDE,0.0002548038315185,
0,0,1.A.1 - Energy Industries:CO2,1 - Energy,1.A.1 - Energy Industries,0.0002599579527914,2045,CO2,0,0,Strategy TX:BASE,CDMX,cdmx,SISEPUEDE,0.0002599579527914,
0,0,1.A.1 - Energy Industries:CO2,1 - Energy,1.A.1 - Energy Industries,0.0002651365933755,2046,CO2,0,0,Strategy TX:BASE,CDMX,cdmx,SISEPUEDE,0.0002651365933755,
0,0,1.A.1 - Energy Industries:CO2,1 - Energy,1.A.1 - Energy Industries,0.0002703359652747,2047,CO2,0,0,Strategy TX:BASE,CDMX,cdmx,SISEPUEDE,0.0002703359652747,
0,0,1.A.1 - Energy Industries:CO2,1 - Energy,1.A.1 - Energy Industries,0.0002755849589332,2048,CO2,0,0,Strategy TX:BASE,CDMX,cdmx,SISEPUEDE,0.0002755849589332,
0,0,1.A.1 - Energy Industries:CO2,1 - Energy,1.A.1 - Energy Industries,0.0002809214475079,2049,CO2,0,0,Strategy TX:BASE,CDMX,cdmx,SISEPUEDE,0.0002809214475079,
0,0,1.A.1 - Energy Industries:CO2,1 - Energy,1.A.1 - Energy Industries,0.0002863666024108,2050,CO2,0,0,Strategy TX:BASE,CDMX,cdmx,SISEPUEDE,0.0002863666024108,
0,0,1.A.1 - Energy Industries:CO2,1 - Energy,1.A.1 - Energy Industries,0.0002940846439589,2051,CO2,0,0,Strategy TX:BASE,CDMX,cdmx,SISEPUEDE,0.0002940846439589,
0,0,1.A.1 - Energy Industries:CO2,1 - Energy,1.A.1 - Energy Industries,0.0003019337217858,2052,CO2,0,0,Strategy TX:BASE,CDMX,cdmx,SISEPUEDE,0.0003019337217858,
0,0,1.A.1 - Energy Industries:CO2,1 - Energy,1.A.1 - Energy Industries,0.0003098579001431,2053,CO2,0,0,Strategy TX:BASE,CDMX,cdmx,SISEPUEDE,0.0003098579001431,
0,0,1.A.1 - Energy Industries:CO2,1 - Energy,1.A.1 - Energy Industries,0.0003178581184761,2054,CO2,0,0,Strategy TX:BASE,CDMX,cdmx,SISEPUEDE,0.0003178581184761,
0,0,1.A.1 - Energy Industries:CO2,1 - Energy,1.A.1 - Energy Industries,0.0003258812993779,2055,CO2,0,0,Strategy TX:BASE,CDMX,cdmx,SISEPUEDE,0.0003258812993779,
0,0,1.A.1 - Energy Industries:CO2,1 - Energy,1.A.1 - Energy Industries,0.0003339332383802,2056,CO2,0,0,Strategy TX:BASE,CDMX,cdmx,SISEPUEDE,0.0003339332383802,
0,0,1.A.1 - Energy Industries:CO2,1 - Energy,1.A.1 - Energy Industries,0.0003420499805849,2057,CO2,0,0,Strategy TX:BASE,CDMX,cdmx,SISEPUEDE,0.0003420499805849,
0,0,1.A.1 - Energy Industries:CO2,1 - Energy,1.A.1 - Energy Industries,0.0003502357501585,2058,CO2,0,0,Strategy TX:BASE,CDMX,cdmx,SISEPUEDE,0.0003502357501585,
0,0,1.A.1 - Energy Industries:CO2,1 - Energy,1.A.1 - Energy Industries,0.0003585253860489,2059,CO2,0,0,Strategy TX:BASE,CDMX,cdmx,SISEPUEDE,0.0003585253860489,
0,0,1.A.1 - Energy Industries:CO2,1 - Energy,1.A.1 - Energy Industries,0.0003669548632264,2060,CO2,0,0,Strategy TX:BASE,CDMX,cdmx,SISEPUEDE,0.0003669548632264,
0,0,1.A.2 - Manufacturing and Construction:CH4,1 - Energy,1.A.2 - Manufacturing and Construction,0.0017550620828852205,2022,CH4,0,0,Strategy TX:BASE,CDMX,cdmx,SISEPUEDE,0.0017550620828852205,
0,0,1.A.2 - Manufacturing and Construction:CH4,1 - Energy,1.A.2 - Manufacturing and Construction,0.0017970418957458263,2023,CH4,0,0,Strategy TX:BASE,CDMX,cdmx,SISEPUEDE,0.0017970418957458263,
0,0,1.A.2 - Manufacturing and Construction:CH4,1 - Energy,1.A.2 - Manufacturing and Construction,0.0018246289532867152,2024,CH4,0,0,Strategy TX:BASE,CDMX,cdmx,SISEPUEDE,0.0018246289532867152,
0,0,1.A.2 - Manufacturing and Construction:CH4,1 - Energy,1.A.2 - Manufacturing and Construction,0.0018359184988167826,2025,CH4,0,0,Strategy TX:BASE,CDMX,cdmx,SISEPUEDE,0.0018359184988167826,
0,0,1.A.2 - Manufacturing and Construction:CH4,1 - Energy,1.A.2 - Manufacturing and Construction,0.0018562852512590128,2026,CH4,0,0,Strategy TX:BASE,CDMX,cdmx,SISEPUEDE,0.0018562852512590128,
0,0,1.A.2 - Manufacturing and Construction:CH4,1 - Energy,1.A.2 - Manufacturing and Construction,0.0018790988135494481,2027,CH4,0,0,Strategy TX:BASE,CDMX,cdmx,SISEPUEDE,0.0018790988135494481,
0,0,1.A.2 - Manufacturing and Construction:CH4,1 - Energy,1.A.2 - Manufacturing and Construction,0.0019022899845200483,2028,CH4,0,0,Strategy TX:BASE,CDMX,cdmx,SISEPUEDE,0.0019022899845200483,
0,0,1.A.2 - Manufacturing and Construction:CH4,1 - Energy,1.A.2 - Manufacturing and Construction,0.0019257755558995606,2029,CH4,0,0,Strategy TX:BASE,CDMX,cdmx,SISEPUEDE,0.0019257755558995606,
0,0,1.A.2 - Manufacturing and Construction:CH4,1 - Energy,1.A.2 - Manufacturing and Construction,0.0019515378539167337,2030,CH4,0,0,Strategy TX:BASE,CDMX,cdmx,SISEPUEDE,0.0019515378539167337,
0,0,1.A.2 - Manufacturing and Construction:CH4,1 - Energy,1.A.2 - Manufacturing and Construction,0.0019792631808624775,2031,CH4,0,0,Strategy TX:BASE,CDMX,cdmx,SISEPUEDE,0.0019792631808624775,
0,0,1.A.2 - Manufacturing and Construction:CH4,1 - Energy,1.A.2 - Manufacturing and Construction,0.0020090232316581683,2032,CH4,0,0,Strategy TX:BASE,CDMX,cdmx,SISEPUEDE,0.0020090232316581683,
0,0,1.A.2 - Manufacturing and Construction:CH4,1 - Energy,1.A.2 - Manufacturing and Construction,0.0020408972657556274,2033,CH4,0,0,Strategy TX:BASE,CDMX,cdmx,SISEPUEDE,0.0020408972657556274,
0,0,1.A.2 - Manufacturing and Construction:CH4,1 - Energy,1.A.2 - Manufacturing and Construction,0.002074969992622964,2034,CH4,0,0,Strategy TX:BASE,CDMX,cdmx,SISEPUEDE,0.002074969992622964,
0,0,1.A.2 - Manufacturing and Construction:CH4,1 - Energy,1.A.2 - Manufacturing and Construction,0.002111332493256529,2035,CH4,0,0,Strategy TX:BASE,CDMX,cdmx,SISEPUEDE,0.002111332493256529,
0,0,1.A.2 - Manufacturing and Construction:CH4,1 - Energy,1.A.2 - Manufacturing and Construction,0.0021500831034462725,2036,CH4,0,0,Strategy TX:BASE,CDMX,cdmx,SISEPUEDE,0.0021500831034462725,
0,0,1.A.2 - Manufacturing and Construction:CH4,1 - Energy,1.A.2 - Manufacturing and Construction,0.0021913276933302676,2037,CH4,0,0,Strategy TX:BASE,CDMX,cdmx,SISEPUEDE,0.0021913276933302676,
0,0,1.A.2 - Manufacturing and Construction:CH4,1 - Energy,1.A.2 - Manufacturing and Construction,0.002235180513457201,2038,CH4,0,0,Strategy TX:BASE,CDMX,cdmx,SISEPUEDE,0.002235180513457201,
0,0,1.A.2 - Manufacturing and Construction:CH4,1 - Energy,1.A.2 - Manufacturing and Construction,0.00228155439072402,2039,CH4,0,0,Strategy TX:BASE,CDMX,cdmx,SISEPUEDE,0.00228155439072402,
0,0,1.A.2 - Manufacturing and Construction:CH4,1 - Energy,1.A.2 - Manufacturing and Construction,0.002330155762734177,2040,CH4,0,0,Strategy TX:BASE,CDMX,cdmx,SISEPUEDE,0.002330155762734177,
0,0,1.A.2 - Manufacturing and Construction:CH4,1 - Energy,1.A.2 - Manufacturing and Construction,0.0023795530335151338,2041,CH4,0,0,Strategy TX:BASE,CDMX,cdmx,SISEPUEDE,0.0023795530335151338,
0,0,1.A.2 - Manufacturing and Construction:CH4,1 - Energy,1.A.2 - Manufacturing and Construction,0.0024295083877286963,2042,CH4,0,0,Strategy TX:BASE,CDMX,cdmx,SISEPUEDE,0.0024295083877286963,
0,0,1.A.2 - Manufacturing and Construction:CH4,1 - Energy,1.A.2 - Manufacturing and Construction,0.002479548131999273,2043,CH4,0,0,Strategy TX:BASE,CDMX,cdmx,SISEPUEDE,0.002479548131999273,
0,0,1.A.2 - Manufacturing and Construction:CH4,1 - Energy,1.A.2 - Manufacturing and Construction,0.0025297472444835425,2044,CH4,0,0,Strategy TX:BASE,CDMX,cdmx,SISEPUEDE,0.0025297472444835425,
0,0,1.A.2 - Manufacturing and Construction:CH4,1 - Energy,1.A.2 - Manufacturing and Construction,0.002580184118772204,2045,CH4,0,0,Strategy TX:BASE,CDMX,cdmx,SISEPUEDE,0.002580184118772204,
0,0,1.A.2 - Manufacturing and Construction:CH4,1 - Energy,1.A.2 - Manufacturing and Construction,0.0026306194249392494,2046,CH4,0,0,Strategy TX:BASE,CDMX,cdmx,SISEPUEDE,0.0026306194249392494,
0,0,1.A.2 - Manufacturing and Construction:CH4,1 - Energy,1.A.2 - Manufacturing and Construction,0.002681001774252044,2047,CH4,0,0,Strategy TX:BASE,CDMX,cdmx,SISEPUEDE,0.002681001774252044,
0,0,1.A.2 - Manufacturing and Construction:CH4,1 - Energy,1.A.2 - Manufacturing and Construction,0.0027316028651097756,2048,CH4,0,0,Strategy TX:BASE,CDMX,cdmx,SISEPUEDE,0.0027316028651097756,
0,0,1.A.2 - Manufacturing and Construction:CH4,1 - Energy,1.A.2 - Manufacturing and Construction,0.002782781769024484,2049,CH4,0,0,Strategy TX:BASE,CDMX,cdmx,SISEPUEDE,0.002782781769024484,
0,0,1.A.2 - Manufacturing and Construction:CH4,1 - Energy,1.A.2 - Manufacturing and Construction,0.002834727624395325,2050,CH4,0,0,Strategy TX:BASE,CDMX,cdmx,SISEPUEDE,0.002834727624395325,
0,0,1.A.2 - Manufacturing and Construction:CH4,1 - Energy,1.A.2 - Manufacturing and Construction,0.0029104136116936173,2051,CH4,0,0,Strategy TX:BASE,CDMX,cdmx,SISEPUEDE,0.0029104136116936173,
0,0,1.A.2 - Manufacturing and Construction:CH4,1 - Energy,1.A.2 - Manufacturing and Construction,0.0029873718710349646,2052,CH4,0,0,Strategy TX:BASE,CDMX,cdmx,SISEPUEDE,0.0029873718710349646,
0,0,1.A.2 - Manufacturing and Construction:CH4,1 - Energy,1.A.2 - Manufacturing and Construction,0.0030650519959274,2053,CH4,0,0,Strategy TX:BASE,CDMX,cdmx,SISEPUEDE,0.0030650519959274,
0,0,1.A.2 - Manufacturing and Construction:CH4,1 - Energy,1.A.2 - Manufacturing and Construction,0.0031434629711450997,2054,CH4,0,0,Strategy TX:BASE,CDMX,cdmx,SISEPUEDE,0.0031434629711450997,
0,0,1.A.2 - Manufacturing and Construction:CH4,1 - Energy,1.A.2 - Manufacturing and Construction,0.003222083468097153,2055,CH4,0,0,Strategy TX:BASE,CDMX,cdmx,SISEPUEDE,0.003222083468097153,
0,0,1.A.2 - Manufacturing and Construction:CH4,1 - Energy,1.A.2 - Manufacturing and Construction,0.003300971146343295,2056,CH4,0,0,Strategy TX:BASE,CDMX,cdmx,SISEPUEDE,0.003300971146343295,
0,0,1.A.2 - Manufacturing and Construction:CH4,1 - Energy,1.A.2 - Manufacturing and Construction,0.0033804790902788547,2057,CH4,0,0,Strategy TX:BASE,CDMX,cdmx,SISEPUEDE,0.0033804790902788547,
0,0,1.A.2 - Manufacturing and Construction:CH4,1 - Energy,1.A.2 - Manufacturing and Construction,0.003460650144109031,2058,CH4,0,0,Strategy TX:BASE,CDMX,cdmx,SISEPUEDE,0.003460650144109031,
0,0,1.A.2 - Manufacturing and Construction:CH4,1 - Energy,1.A.2 - Manufacturing and Construction,0.00354182725234819,2059,CH4,0,0,Strategy TX:BASE,CDMX,cdmx,SISEPUEDE,0.00354182725234819,
0,0,1.A.2 - Manufacturing and Construction:CH4,1 - Energy,1.A.2 - Manufacturing and Construction,0.0036243643349373575,2060,CH4,0,0,Strategy TX:BASE,CDMX,cdmx,SISEPUEDE,0.0036243643349373575,
0,0,1.A.2 - Manufacturing and Construction:CO2,1 - Energy,1.A.2 - Manufacturing and Construction,3.0639573634565487,2022,CO2,0,0,Strategy TX:BASE,CDMX,cdmx,SISEPUEDE,3.0639573634565487,
0,0,1.A.2 - Manufacturing and Construction:CO2,1 - Energy,1.A.2 - Manufacturing and Construction,3.137414755356458,2023,CO2,0,0,Strategy TX:BASE,CDMX,cdmx,SISEPUEDE,3.137414755356458,
0,0,1.A.2 - Manufacturing and Construction:CO2,1 - Energy,1.A.2 - Manufacturing and Construction,3.1857782868675986,2024,CO2,0,0,Strategy TX:BASE,CDMX,cdmx,SISEPUEDE,3.1857782868675986,
0,0,1.A.2 - Manufacturing and Construction:CO2,1 - Energy,1.A.2 - Manufacturing and Construction,3.205611628401728,2025,CO2,0,0,Strategy TX:BASE,CDMX,cdmx,SISEPUEDE,3.205611628401728,
0,0,1.A.2 - Manufacturing and Construction:CO2,1 - Energy,1.A.2 - Manufacturing and Construction,3.241333785839862,2026,CO2,0,0,Strategy TX:BASE,CDMX,cdmx,SISEPUEDE,3.241333785839862,
0,0,1.A.2 - Manufacturing and Construction:CO2,1 - Energy,1.A.2 - Manufacturing and Construction,3.2813382311527604,2027,CO2,0,0,Strategy TX:BASE,CDMX,cdmx,SISEPUEDE,3.2813382311527604,
0,0,1.A.2 - Manufacturing and Construction:CO2,1 - Energy,1.A.2 - Manufacturing and Construction,3.3220027423651084,2028,CO2,0,0,Strategy TX:BASE,CDMX,cdmx,SISEPUEDE,3.3220027423651084,
0,0,1.A.2 - Manufacturing and Construction:CO2,1 - Energy,1.A.2 - Manufacturing and Construction,3.363178446970247,2029,CO2,0,0,Strategy TX:BASE,CDMX,cdmx,SISEPUEDE,3.363178446970247,
0,0,1.A.2 - Manufacturing and Construction:CO2,1 - Energy,1.A.2 - Manufacturing and Construction,3.408335531943107,2030,CO2,0,0,Strategy TX:BASE,CDMX,cdmx,SISEPUEDE,3.408335531943107,
0,0,1.A.2 - Manufacturing and Construction:CO2,1 - Energy,1.A.2 - Manufacturing and Construction,3.4569236813695188,2031,CO2,0,0,Strategy TX:BASE,CDMX,cdmx,SISEPUEDE,3.4569236813695188,
0,0,1.A.2 - Manufacturing and Construction:CO2,1 - Energy,1.A.2 - Manufacturing and Construction,3.509069017674208,2032,CO2,0,0,Strategy TX:BASE,CDMX,cdmx,SISEPUEDE,3.509069017674208,
0,0,1.A.2 - Manufacturing and Construction:CO2,1 - Energy,1.A.2 - Manufacturing and Construction,3.564909559349415,2033,CO2,0,0,Strategy TX:BASE,CDMX,cdmx,SISEPUEDE,3.564909559349415,
0,0,1.A.2 - Manufacturing and Construction:CO2,1 - Energy,1.A.2 - Manufacturing and Construction,3.624593657306728,2034,CO2,0,0,Strategy TX:BASE,CDMX,cdmx,SISEPUEDE,3.624593657306728,
0,0,1.A.2 - Manufacturing and Construction:CO2,1 - Energy,1.A.2 - Manufacturing and Construction,3.688281125643712,2035,CO2,0,0,Strategy TX:BASE,CDMX,cdmx,SISEPUEDE,3.688281125643712,
0,0,1.A.2 - Manufacturing and Construction:CO2,1 - Energy,1.A.2 - Manufacturing and Construction,3.7561443760051345,2036,CO2,0,0,Strategy TX:BASE,CDMX,cdmx,SISEPUEDE,3.7561443760051345,
0,0,1.A.2 - Manufacturing and Construction:CO2,1 - Energy,1.A.2 - Manufacturing and Construction,3.8283690424038013,2037,CO2,0,0,Strategy TX:BASE,CDMX,cdmx,SISEPUEDE,3.8283690424038013,
0,0,1.A.2 - Manufacturing and Construction:CO2,1 - Energy,1.A.2 - Manufacturing and Construction,3.905155152139035,2038,CO2,0,0,Strategy TX:BASE,CDMX,cdmx,SISEPUEDE,3.905155152139035,
0,0,1.A.2 - Manufacturing and Construction:CO2,1 - Energy,1.A.2 - Manufacturing and Construction,3.9863508404849117,2039,CO2,0,0,Strategy TX:BASE,CDMX,cdmx,SISEPUEDE,3.9863508404849117,
0,0,1.A.2 - Manufacturing and Construction:CO2,1 - Energy,1.A.2 - Manufacturing and Construction,4.07144300346534,2040,CO2,0,0,Strategy TX:BASE,CDMX,cdmx,SISEPUEDE,4.07144300346534,
0,0,1.A.2 - Manufacturing and Construction:CO2,1 - Energy,1.A.2 - Manufacturing and Construction,4.157926554080408,2041,CO2,0,0,Strategy TX:BASE,CDMX,cdmx,SISEPUEDE,4.157926554080408,
0,0,1.A.2 - Manufacturing and Construction:CO2,1 - Energy,1.A.2 - Manufacturing and Construction,4.245385645028453,2042,CO2,0,0,Strategy TX:BASE,CDMX,cdmx,SISEPUEDE,4.245385645028453,
0,0,1.A.2 - Manufacturing and Construction:CO2,1 - Energy,1.A.2 - Manufacturing and Construction,4.3329923518146085,2043,CO2,0,0,Strategy TX:BASE,CDMX,cdmx,SISEPUEDE,4.3329923518146085,
0,0,1.A.2 - Manufacturing and Construction:CO2,1 - Energy,1.A.2 - Manufacturing and Construction,4.420878591199563,2044,CO2,0,0,Strategy TX:BASE,CDMX,cdmx,SISEPUEDE,4.420878591199563,
0,0,1.A.2 - Manufacturing and Construction:CO2,1 - Energy,1.A.2 - Manufacturing and Construction,4.509181882622937,2045,CO2,0,0,Strategy TX:BASE,CDMX,cdmx,SISEPUEDE,4.509181882622937,
0,0,1.A.2 - Manufacturing and Construction:CO2,1 - Energy,1.A.2 - Manufacturing and Construction,4.597484068714363,2046,CO2,0,0,Strategy TX:BASE,CDMX,cdmx,SISEPUEDE,4.597484068714363,
0,0,1.A.2 - Manufacturing and Construction:CO2,1 - Energy,1.A.2 - Manufacturing and Construction,4.685695620811634,2047,CO2,0,0,Strategy TX:BASE,CDMX,cdmx,SISEPUEDE,4.685695620811634,
0,0,1.A.2 - Manufacturing and Construction:CO2,1 - Energy,1.A.2 - Manufacturing and Construction,4.774292963876146,2048,CO2,0,0,Strategy TX:BASE,CDMX,cdmx,SISEPUEDE,4.774292963876146,
0,0,1.A.2 - Manufacturing and Construction:CO2,1 - Energy,1.A.2 - Manufacturing and Construction,4.863904051853326,2049,CO2,0,0,Strategy TX:BASE,CDMX,cdmx,SISEPUEDE,4.863904051853326,
0,0,1.A.2 - Manufacturing and Construction:CO2,1 - Energy,1.A.2 - Manufacturing and Construction,4.954860489589152,2050,CO2,0,0,Strategy TX:BASE,CDMX,cdmx,SISEPUEDE,4.954860489589152,
0,0,1.A.2 - Manufacturing and Construction:CO2,1 - Energy,1.A.2 - Manufacturing and Construction,5.087348570147082,2051,CO2,0,0,Strategy TX:BASE,CDMX,cdmx,SISEPUEDE,5.087348570147082,
0,0,1.A.2 - Manufacturing and Construction:CO2,1 - Energy,1.A.2 - Manufacturing and Construction,5.222066253300787,2052,CO2,0,0,Strategy TX:BASE,CDMX,cdmx,SISEPUEDE,5.222066253300787,
0,0,1.A.2 - Manufacturing and Construction:CO2,1 - Energy,1.A.2 - Manufacturing and Construction,5.3580507393120795,2053,CO2,0,0,Strategy TX:BASE,CDMX,cdmx,SISEPUEDE,5.3580507393120795,
0,0,1.A.2 - Manufacturing and Construction:CO2,1 - Energy,1.A.2 - Manufacturing and Construction,5.495317767157954,2054,CO2,0,0,Strategy TX:BASE,CDMX,cdmx,SISEPUEDE,5.495317767157954,
0,0,1.A.2 - Manufacturing and Construction:CO2,1 - Energy,1.A.2 - Manufacturing and Construction,5.632954942082584,2055,CO2,0,0,Strategy TX:BASE,CDMX,cdmx,SISEPUEDE,5.632954942082584,
0,0,1.A.2 - Manufacturing and Construction:CO2,1 - Energy,1.A.2 - Manufacturing and Construction,5.7710626916978285,2056,CO2,0,0,Strategy TX:BASE,CDMX,cdmx,SISEPUEDE,5.7710626916978285,
0,0,1.A.2 - Manufacturing and Construction:CO2,1 - Energy,1.A.2 - Manufacturing and Construction,5.910259900259544,2057,CO2,0,0,Strategy TX:BASE,CDMX,cdmx,SISEPUEDE,5.910259900259544,
0,0,1.A.2 - Manufacturing and Construction:CO2,1 - Energy,1.A.2 - Manufacturing and Construction,6.05062099363668,2058,CO2,0,0,Strategy TX:BASE,CDMX,cdmx,SISEPUEDE,6.05062099363668,
0,0,1.A.2 - Manufacturing and Construction:CO2,1 - Energy,1.A.2 - Manufacturing and Construction,6.192746207849145,2059,CO2,0,0,Strategy TX:BASE,CDMX,cdmx,SISEPUEDE,6.192746207849145,
0,0,1.A.2 - Manufacturing and Construction:CO2,1 - Energy,1.A.2 - Manufacturing and Construction,6.337254959521929,2060,CO2,0,0,Strategy TX:BASE,CDMX,cdmx,SISEPUEDE,6.337254959521929,
0,0,1.A.2 - Manufacturing and Construction:N2O,1 - Energy,1.A.2 - Manufacturing and Construction,0.0021707235257827115,2022,N2O,0,0,Strategy TX:BASE,CDMX,cdmx,SISEPUEDE,0.0021707235257827115,
0,0,1.A.2 - Manufacturing and Construction:N2O,1 - Energy,1.A.2 - Manufacturing and Construction,0.0022225035892548726,2023,N2O,0,0,Strategy TX:BASE,CDMX,cdmx,SISEPUEDE,0.0022225035892548726,
0,0,1.A.2 - Manufacturing and Construction:N2O,1 - Energy,1.A.2 - Manufacturing and Construction,0.0022564547560615846,2024,N2O,0,0,Strategy TX:BASE,CDMX,cdmx,SISEPUEDE,0.0022564547560615846,
0,0,1.A.2 - Manufacturing and Construction:N2O,1 - Energy,1.A.2 - Manufacturing and Construction,0.002270314085258079,2025,N2O,0,0,Strategy TX:BASE,CDMX,cdmx,SISEPUEDE,0.002270314085258079,
0,0,1.A.2 - Manufacturing and Construction:N2O,1 - Energy,1.A.2 - Manufacturing and Construction,0.002295365291689562,2026,N2O,0,0,Strategy TX:BASE,CDMX,cdmx,SISEPUEDE,0.002295365291689562,
0,0,1.A.2 - Manufacturing and Construction:N2O,1 - Energy,1.A.2 - Manufacturing and Construction,0.002323433854026349,2027,N2O,0,0,Strategy TX:BASE,CDMX,cdmx,SISEPUEDE,0.002323433854026349,
0,0,1.A.2 - Manufacturing and Construction:N2O,1 - Energy,1.A.2 - Manufacturing and Construction,0.002351968750644172,2028,N2O,0,0,Strategy TX:BASE,CDMX,cdmx,SISEPUEDE,0.002351968750644172,
0,0,1.A.2 - Manufacturing and Construction:N2O,1 - Energy,1.A.2 - Manufacturing and Construction,0.002380870087003755,2029,N2O,0,0,Strategy TX:BASE,CDMX,cdmx,SISEPUEDE,0.002380870087003755,
0,0,1.A.2 - Manufacturing and Construction:N2O,1 - Energy,1.A.2 - Manufacturing and Construction,0.00241258174451306,2030,N2O,0,0,Strategy TX:BASE,CDMX,cdmx,SISEPUEDE,0.00241258174451306,
0,0,1.A.2 - Manufacturing and Construction:N2O,1 - Energy,1.A.2 - Manufacturing and Construction,0.0024467179635287682,2031,N2O,0,0,Strategy TX:BASE,CDMX,cdmx,SISEPUEDE,0.0024467179635287682,
0,0,1.A.2 - Manufacturing and Construction:N2O,1 - Energy,1.A.2 - Manufacturing and Construction,0.0024833666163937137,2032,N2O,0,0,Strategy TX:BASE,CDMX,cdmx,SISEPUEDE,0.0024833666163937137,
0,0,1.A.2 - Manufacturing and Construction:N2O,1 - Energy,1.A.2 - Manufacturing and Construction,0.002522626028129618,2033,N2O,0,0,Strategy TX:BASE,CDMX,cdmx,SISEPUEDE,0.002522626028129618,
0,0,1.A.2 - Manufacturing and Construction:N2O,1 - Energy,1.A.2 - Manufacturing and Construction,0.002564600579983813,2034,N2O,0,0,Strategy TX:BASE,CDMX,cdmx,SISEPUEDE,0.002564600579983813,
0,0,1.A.2 - Manufacturing and Construction:N2O,1 - Energy,1.A.2 - Manufacturing and Construction,0.0026094022491182857,2035,N2O,0,0,Strategy TX:BASE,CDMX,cdmx,SISEPUEDE,0.0026094022491182857,
0,0,1.A.2 - Manufacturing and Construction:N2O,1 - Energy,1.A.2 - Manufacturing and Construction,0.002657152042661661,2036,N2O,0,0,Strategy TX:BASE,CDMX,cdmx,SISEPUEDE,0.002657152042661661,
0,0,1.A.2 - Manufacturing and Construction:N2O,1 - Energy,1.A.2 - Manufacturing and Construction,0.002707980228485105,2037,N2O,0,0,Strategy TX:BASE,CDMX,cdmx,SISEPUEDE,0.002707980228485105,
0,0,1.A.2 - Manufacturing and Construction:N2O,1 - Energy,1.A.2 - Manufacturing and Construction,0.0027620276383187956,2038,N2O,0,0,Strategy TX:BASE,CDMX,cdmx,SISEPUEDE,0.0027620276383187956,
0,0,1.A.2 - Manufacturing and Construction:N2O,1 - Energy,1.A.2 - Manufacturing and Construction,0.0028191861847842916,2039,N2O,0,0,Strategy TX:BASE,CDMX,cdmx,SISEPUEDE,0.0028191861847842916,
0,0,1.A.2 - Manufacturing and Construction:N2O,1 - Energy,1.A.2 - Manufacturing and Construction,0.0028790932882745124,2040,N2O,0,0,Strategy TX:BASE,CDMX,cdmx,SISEPUEDE,0.0028790932882745124,
0,0,1.A.2 - Manufacturing and Construction:N2O,1 - Energy,1.A.2 - Manufacturing and Construction,0.0029399831799193856,2041,N2O,0,0,Strategy TX:BASE,CDMX,cdmx,SISEPUEDE,0.0029399831799193856,
0,0,1.A.2 - Manufacturing and Construction:N2O,1 - Energy,1.A.2 - Manufacturing and Construction,0.0030015622848420746,2042,N2O,0,0,Strategy TX:BASE,CDMX,cdmx,SISEPUEDE,0.0030015622848420746,
0,0,1.A.2 - Manufacturing and Construction:N2O,1 - Energy,1.A.2 - Manufacturing and Construction,0.0030632455244100033,2043,N2O,0,0,Strategy TX:BASE,CDMX,cdmx,SISEPUEDE,0.0030632455244100033,
0,0,1.A.2 - Manufacturing and Construction:N2O,1 - Energy,1.A.2 - Manufacturing and Construction,0.003125124779602972,2044,N2O,0,0,Strategy TX:BASE,CDMX,cdmx,SISEPUEDE,0.003125124779602972,
0,0,1.A.2 - Manufacturing and Construction:N2O,1 - Energy,1.A.2 - Manufacturing and Construction,0.0031872964570956925,2045,N2O,0,0,Strategy TX:BASE,CDMX,cdmx,SISEPUEDE,0.0031872964570956925,
0,0,1.A.2 - Manufacturing and Construction:N2O,1 - Energy,1.A.2 - Manufacturing and Construction,0.0032494648289937617,2046,N2O,0,0,Strategy TX:BASE,CDMX,cdmx,SISEPUEDE,0.0032494648289937617,
0,0,1.A.2 - Manufacturing and Construction:N2O,1 - Energy,1.A.2 - Manufacturing and Construction,0.003311566181151826,2047,N2O,0,0,Strategy TX:BASE,CDMX,cdmx,SISEPUEDE,0.003311566181151826,
0,0,1.A.2 - Manufacturing and Construction:N2O,1 - Energy,1.A.2 - Manufacturing and Construction,0.003373934803506271,2048,N2O,0,0,Strategy TX:BASE,CDMX,cdmx,SISEPUEDE,0.003373934803506271,
0,0,1.A.2 - Manufacturing and Construction:N2O,1 - Energy,1.A.2 - Manufacturing and Construction,0.0034370138937747487,2049,N2O,0,0,Strategy TX:BASE,CDMX,cdmx,SISEPUEDE,0.0034370138937747487,
0,0,1.A.2 - Manufacturing and Construction:N2O,1 - Energy,1.A.2 - Manufacturing and Construction,0.0035010362047644033,2050,N2O,0,0,Strategy TX:BASE,CDMX,cdmx,SISEPUEDE,0.0035010362047644033,
0,0,1.A.2 - Manufacturing and Construction:N2O,1 - Energy,1.A.2 - Manufacturing and Construction,0.003594348743584878,2051,N2O,0,0,Strategy TX:BASE,CDMX,cdmx,SISEPUEDE,0.003594348743584878,
0,0,1.A.2 - Manufacturing and Construction:N2O,1 - Energy,1.A.2 - Manufacturing and Construction,0.0036892277669516534,2052,N2O,0,0,Strategy TX:BASE,CDMX,cdmx,SISEPUEDE,0.0036892277669516534,
0,0,1.A.2 - Manufacturing and Construction:N2O,1 - Energy,1.A.2 - Manufacturing and Construction,0.0037849941105417223,2053,N2O,0,0,Strategy TX:BASE,CDMX,cdmx,SISEPUEDE,0.0037849941105417223,
0,0,1.A.2 - Manufacturing and Construction:N2O,1 - Energy,1.A.2 - Manufacturing and Construction,0.0038816588422597564,2054,N2O,0,0,Strategy TX:BASE,CDMX,cdmx,SISEPUEDE,0.0038816588422597564,
0,0,1.A.2 - Manufacturing and Construction:N2O,1 - Energy,1.A.2 - Manufacturing and Construction,0.003978579062591159,2055,N2O,0,0,Strategy TX:BASE,CDMX,cdmx,SISEPUEDE,0.003978579062591159,
0,0,1.A.2 - Manufacturing and Construction:N2O,1 - Energy,1.A.2 - Manufacturing and Construction,0.004075826282329266,2056,N2O,0,0,Strategy TX:BASE,CDMX,cdmx,SISEPUEDE,0.004075826282329266,
0,0,1.A.2 - Manufacturing and Construction:N2O,1 - Energy,1.A.2 - Manufacturing and Construction,0.004173835137026956,2057,N2O,0,0,Strategy TX:BASE,CDMX,cdmx,SISEPUEDE,0.004173835137026956,
0,0,1.A.2 - Manufacturing and Construction:N2O,1 - Energy,1.A.2 - Manufacturing and Construction,0.004272658928269399,2058,N2O,0,0,Strategy TX:BASE,CDMX,cdmx,SISEPUEDE,0.004272658928269399,
0,0,1.A.2 - Manufacturing and Construction:N2O,1 - Energy,1.A.2 - Manufacturing and Construction,0.004372720542142128,2059,N2O,0,0,Strategy TX:BASE,CDMX,cdmx,SISEPUEDE,0.004372720542142128,
0,0,1.A.2 - Manufacturing and Construction:N2O,1 - Energy,1.A.2 - Manufacturing and Construction,0.004474456422881961,2060,N2O,0,0,Strategy TX:BASE,CDMX,cdmx,SISEPUEDE,0.004474456422881961,
0,0,1.A.3 - Transport:CH4,1 - Energy,1.A.3 - Transport,0.10784063668192026,2022,CH4,0,0,Strategy TX:BASE,CDMX,cdmx,SISEPUEDE,0.10784063668192026,
0,0,1.A.3 - Transport:CH4,1 - Energy,1.A.3 - Transport,0.11102801217043581,2023,CH4,0,0,Strategy TX:BASE,CDMX,cdmx,SISEPUEDE,0.11102801217043581,
0,0,1.A.3 - Transport:CH4,1 - Energy,1.A.3 - Transport,0.1133391829633962,2024,CH4,0,0,Strategy TX:BASE,CDMX,cdmx,SISEPUEDE,0.1133391829633962,
0,0,1.A.3 - Transport:CH4,1 - Energy,1.A.3 - Transport,0.1146280170486082,2025,CH4,0,0,Strategy TX:BASE,CDMX,cdmx,SISEPUEDE,0.1146280170486082,
0,0,1.A.3 - Transport:CH4,1 - Energy,1.A.3 - Transport,0.11642363135096465,2026,CH4,0,0,Strategy TX:BASE,CDMX,cdmx,SISEPUEDE,0.11642363135096465,
0,0,1.A.3 - Transport:CH4,1 - Energy,1.A.3 - Transport,0.11831783466086303,2027,CH4,0,0,Strategy TX:BASE,CDMX,cdmx,SISEPUEDE,0.11831783466086303,
0,0,1.A.3 - Transport:CH4,1 - Energy,1.A.3 - Transport,0.12017599266139707,2028,CH4,0,0,Strategy TX:BASE,CDMX,cdmx,SISEPUEDE,0.12017599266139707,
0,0,1.A.3 - Transport:CH4,1 - Energy,1.A.3 - Transport,0.12198407036423395,2029,CH4,0,0,Strategy TX:BASE,CDMX,cdmx,SISEPUEDE,0.12198407036423395,
0,0,1.A.3 - Transport:CH4,1 - Energy,1.A.3 - Transport,0.12385618875677415,2030,CH4,0,0,Strategy TX:BASE,CDMX,cdmx,SISEPUEDE,0.12385618875677415,
0,0,1.A.3 - Transport:CH4,1 - Energy,1.A.3 - Transport,0.12576487775632328,2031,CH4,0,0,Strategy TX:BASE,CDMX,cdmx,SISEPUEDE,0.12576487775632328,
0,0,1.A.3 - Transport:CH4,1 - Energy,1.A.3 - Transport,0.12770641670922814,2032,CH4,0,0,Strategy TX:BASE,CDMX,cdmx,SISEPUEDE,0.12770641670922814,
0,0,1.A.3 - Transport:CH4,1 - Energy,1.A.3 - Transport,0.12967738478293508,2033,CH4,0,0,Strategy TX:BASE,CDMX,cdmx,SISEPUEDE,0.12967738478293508,
0,0,1.A.3 - Transport:CH4,1 - Energy,1.A.3 - Transport,0.13167473762230822,2034,CH4,0,0,Strategy TX:BASE,CDMX,cdmx,SISEPUEDE,0.13167473762230822,
0,0,1.A.3 - Transport:CH4,1 - Energy,1.A.3 - Transport,0.1336958866598505,2035,CH4,0,0,Strategy TX:BASE,CDMX,cdmx,SISEPUEDE,0.1336958866598505,
0,0,1.A.3 - Transport:CH4,1 - Energy,1.A.3 - Transport,0.13573932020961418,2036,CH4,0,0,Strategy TX:BASE,CDMX,cdmx,SISEPUEDE,0.13573932020961418,
0,0,1.A.3 - Transport:CH4,1 - Energy,1.A.3 - Transport,0.13781283090343463,2037,CH4,0,0,Strategy TX:BASE,CDMX,cdmx,SISEPUEDE,0.13781283090343463,
0,0,1.A.3 - Transport:CH4,1 - Energy,1.A.3 - Transport,0.13993177247022884,2038,CH4,0,0,Strategy TX:BASE,CDMX,cdmx,SISEPUEDE,0.13993177247022884,
0,0,1.A.3 - Transport:CH4,1 - Energy,1.A.3 - Transport,0.1420994288808936,2039,CH4,0,0,Strategy TX:BASE,CDMX,cdmx,SISEPUEDE,0.1420994288808936,
0,0,1.A.3 - Transport:CH4,1 - Energy,1.A.3 - Transport,0.14430670464789663,2040,CH4,0,0,Strategy TX:BASE,CDMX,cdmx,SISEPUEDE,0.14430670464789663,
0,0,1.A.3 - Transport:CH4,1 - Energy,1.A.3 - Transport,0.14647654895049544,2041,CH4,0,0,Strategy TX:BASE,CDMX,cdmx,SISEPUEDE,0.14647654895049544,
0,0,1.A.3 - Transport:CH4,1 - Energy,1.A.3 - Transport,0.14860520495807505,2042,CH4,0,0,Strategy TX:BASE,CDMX,cdmx,SISEPUEDE,0.14860520495807505,
0,0,1.A.3 - Transport:CH4,1 - Energy,1.A.3 - Transport,0.1506753375531055,2043,CH4,0,0,Strategy TX:BASE,CDMX,cdmx,SISEPUEDE,0.1506753375531055,
0,0,1.A.3 - Transport:CH4,1 - Energy,1.A.3 - Transport,0.15270249944795858,2044,CH4,0,0,Strategy TX:BASE,CDMX,cdmx,SISEPUEDE,0.15270249944795858,
0,0,1.A.3 - Transport:CH4,1 - Energy,1.A.3 - Transport,0.1547021002432577,2045,CH4,0,0,Strategy TX:BASE,CDMX,cdmx,SISEPUEDE,0.1547021002432577,
0,0,1.A.3 - Transport:CH4,1 - Energy,1.A.3 - Transport,0.15667074572394946,2046,CH4,0,0,Strategy TX:BASE,CDMX,cdmx,SISEPUEDE,0.15667074572394946,
0,0,1.A.3 - Transport:CH4,1 - Energy,1.A.3 - Transport,0.15861591714860318,2047,CH4,0,0,Strategy TX:BASE,CDMX,cdmx,SISEPUEDE,0.15861591714860318,
0,0,1.A.3 - Transport:CH4,1 - Energy,1.A.3 - Transport,0.1605633602420614,2048,CH4,0,0,Strategy TX:BASE,CDMX,cdmx,SISEPUEDE,0.1605633602420614,
0,0,1.A.3 - Transport:CH4,1 - Energy,1.A.3 - Transport,0.16254293794435737,2049,CH4,0,0,Strategy TX:BASE,CDMX,cdmx,SISEPUEDE,0.16254293794435737,
0,0,1.A.3 - Transport:CH4,1 - Energy,1.A.3 - Transport,0.1645741375786049,2050,CH4,0,0,Strategy TX:BASE,CDMX,cdmx,SISEPUEDE,0.1645741375786049,
0,0,1.A.3 - Transport:CH4,1 - Energy,1.A.3 - Transport,0.16885385176818016,2051,CH4,0,0,Strategy TX:BASE,CDMX,cdmx,SISEPUEDE,0.16885385176818016,
0,0,1.A.3 - Transport:CH4,1 - Energy,1.A.3 - Transport,0.1732039797767383,2052,CH4,0,0,Strategy TX:BASE,CDMX,cdmx,SISEPUEDE,0.1732039797767383,
0,0,1.A.3 - Transport:CH4,1 - Energy,1.A.3 - Transport,0.1775934495284532,2053,CH4,0,0,Strategy TX:BASE,CDMX,cdmx,SISEPUEDE,0.1775934495284532,
0,0,1.A.3 - Transport:CH4,1 - Energy,1.A.3 - Transport,0.18202278678970904,2054,CH4,0,0,Strategy TX:BASE,CDMX,cdmx,SISEPUEDE,0.18202278678970904,
0,0,1.A.3 - Transport:CH4,1 - Energy,1.A.3 - Transport,0.18646258521562242,2055,CH4,0,0,Strategy TX:BASE,CDMX,cdmx,SISEPUEDE,0.18646258521562242,
0,0,1.A.3 - Transport:CH4,1 - Energy,1.A.3 - Transport,0.19091611199299074,2056,CH4,0,0,Strategy TX:BASE,CDMX,cdmx,SISEPUEDE,0.19091611199299074,
0,0,1.A.3 - Transport:CH4,1 - Energy,1.A.3 - Transport,0.19540338187267578,2057,CH4,0,0,Strategy TX:BASE,CDMX,cdmx,SISEPUEDE,0.19540338187267578,
0,0,1.A.3 - Transport:CH4,1 - Energy,1.A.3 - Transport,0.19992679242030137,2058,CH4,0,0,Strategy TX:BASE,CDMX,cdmx,SISEPUEDE,0.19992679242030137,
0,0,1.A.3 - Transport:CH4,1 - Energy,1.A.3 - Transport,0.20450569044057262,2059,CH4,0,0,Strategy TX:BASE,CDMX,cdmx,SISEPUEDE,0.20450569044057262,
0,0,1.A.3 - Transport:CH4,1 - Energy,1.A.3 - Transport,0.20916001467284556,2060,CH4,0,0,Strategy TX:BASE,CDMX,cdmx,SISEPUEDE,0.20916001467284556,
0,0,1.A.3 - Transport:CO2,1 - Energy,1.A.3 - Transport,17.223817145313173,2022,CO2,0,0,Strategy TX:BASE,CDMX,cdmx,SISEPUEDE,17.223817145313173,
0,0,1.A.3 - Transport:CO2,1 - Energy,1.A.3 - Transport,17.73584954881861,2023,CO2,0,0,Strategy TX:BASE,CDMX,cdmx,SISEPUEDE,17.73584954881861,
0,0,1.A.3 - Transport:CO2,1 - Energy,1.A.3 - Transport,18.107573604385337,2024,CO2,0,0,Strategy TX:BASE,CDMX,cdmx,SISEPUEDE,18.107573604385337,
0,0,1.A.3 - Transport:CO2,1 - Energy,1.A.3 - Transport,18.315501559217186,2025,CO2,0,0,Strategy TX:BASE,CDMX,cdmx,SISEPUEDE,18.315501559217186,
0,0,1.A.3 - Transport:CO2,1 - Energy,1.A.3 - Transport,18.604331022479887,2026,CO2,0,0,Strategy TX:BASE,CDMX,cdmx,SISEPUEDE,18.604331022479887,
0,0,1.A.3 - Transport:CO2,1 - Energy,1.A.3 - Transport,18.908696347667235,2027,CO2,0,0,Strategy TX:BASE,CDMX,cdmx,SISEPUEDE,18.908696347667235,
0,0,1.A.3 - Transport:CO2,1 - Energy,1.A.3 - Transport,19.207007606601657,2028,CO2,0,0,Strategy TX:BASE,CDMX,cdmx,SISEPUEDE,19.207007606601657,
0,0,1.A.3 - Transport:CO2,1 - Energy,1.A.3 - Transport,19.496981246107843,2029,CO2,0,0,Strategy TX:BASE,CDMX,cdmx,SISEPUEDE,19.496981246107843,
0,0,1.A.3 - Transport:CO2,1 - Energy,1.A.3 - Transport,19.79685746854132,2030,CO2,0,0,Strategy TX:BASE,CDMX,cdmx,SISEPUEDE,19.79685746854132,
0,0,1.A.3 - Transport:CO2,1 - Energy,1.A.3 - Transport,20.102210915514306,2031,CO2,0,0,Strategy TX:BASE,CDMX,cdmx,SISEPUEDE,20.102210915514306,
0,0,1.A.3 - Transport:CO2,1 - Energy,1.A.3 - Transport,20.412423357786924,2032,CO2,0,0,Strategy TX:BASE,CDMX,cdmx,SISEPUEDE,20.412423357786924,
0,0,1.A.3 - Transport:CO2,1 - Energy,1.A.3 - Transport,20.726930386200998,2033,CO2,0,0,Strategy TX:BASE,CDMX,cdmx,SISEPUEDE,20.726930386200998,
0,0,1.A.3 - Transport:CO2,1 - Energy,1.A.3 - Transport,21.045234734593045,2034,CO2,0,0,Strategy TX:BASE,CDMX,cdmx,SISEPUEDE,21.045234734593045,
0,0,1.A.3 - Transport:CO2,1 - Energy,1.A.3 - Transport,21.366919883164883,2035,CO2,0,0,Strategy TX:BASE,CDMX,cdmx,SISEPUEDE,21.366919883164883,
0,0,1.A.3 - Transport:CO2,1 - Energy,1.A.3 - Transport,21.691752344173793,2036,CO2,0,0,Strategy TX:BASE,CDMX,cdmx,SISEPUEDE,21.691752344173793,
0,0,1.A.3 - Transport:CO2,1 - Energy,1.A.3 - Transport,22.021028636640047,2037,CO2,0,0,Strategy TX:BASE,CDMX,cdmx,SISEPUEDE,22.021028636640047,
0,0,1.A.3 - Transport:CO2,1 - Energy,1.A.3 - Transport,22.35728378651624,2038,CO2,0,0,Strategy TX:BASE,CDMX,cdmx,SISEPUEDE,22.35728378651624,
0,0,1.A.3 - Transport:CO2,1 - Energy,1.A.3 - Transport,22.70111982556846,2039,CO2,0,0,Strategy TX:BASE,CDMX,cdmx,SISEPUEDE,22.70111982556846,
0,0,1.A.3 - Transport:CO2,1 - Energy,1.A.3 - Transport,23.05115482690732,2040,CO2,0,0,Strategy TX:BASE,CDMX,cdmx,SISEPUEDE,23.05115482690732,
0,0,1.A.3 - Transport:CO2,1 - Energy,1.A.3 - Transport,23.39513128243011,2041,CO2,0,0,Strategy TX:BASE,CDMX,cdmx,SISEPUEDE,23.39513128243011,
0,0,1.A.3 - Transport:CO2,1 - Energy,1.A.3 - Transport,23.73251687580155,2042,CO2,0,0,Strategy TX:BASE,CDMX,cdmx,SISEPUEDE,23.73251687580155,
0,0,1.A.3 - Transport:CO2,1 - Energy,1.A.3 - Transport,24.06060134731021,2043,CO2,0,0,Strategy TX:BASE,CDMX,cdmx,SISEPUEDE,24.06060134731021,
0,0,1.A.3 - Transport:CO2,1 - Energy,1.A.3 - Transport,24.381928541119713,2044,CO2,0,0,Strategy TX:BASE,CDMX,cdmx,SISEPUEDE,24.381928541119713,
0,0,1.A.3 - Transport:CO2,1 - Energy,1.A.3 - Transport,24.69901101460727,2045,CO2,0,0,Strategy TX:BASE,CDMX,cdmx,SISEPUEDE,24.69901101460727,
0,0,1.A.3 - Transport:CO2,1 - Energy,1.A.3 - Transport,25.01134616523079,2046,CO2,0,0,Strategy TX:BASE,CDMX,cdmx,SISEPUEDE,25.01134616523079,
0,0,1.A.3 - Transport:CO2,1 - Energy,1.A.3 - Transport,25.320163290994838,2047,CO2,0,0,Strategy TX:BASE,CDMX,cdmx,SISEPUEDE,25.320163290994838,
0,0,1.A.3 - Transport:CO2,1 - Energy,1.A.3 - Transport,25.62960479342976,2048,CO2,0,0,Strategy TX:BASE,CDMX,cdmx,SISEPUEDE,25.62960479342976,
0,0,1.A.3 - Transport:CO2,1 - Energy,1.A.3 - Transport,25.944464152442364,2049,CO2,0,0,Strategy TX:BASE,CDMX,cdmx,SISEPUEDE,25.944464152442364,
0,0,1.A.3 - Transport:CO2,1 - Energy,1.A.3 - Transport,26.267869698971843,2050,CO2,0,0,Strategy TX:BASE,CDMX,cdmx,SISEPUEDE,26.267869698971843,
0,0,1.A.3 - Transport:CO2,1 - Energy,1.A.3 - Transport,26.952123835433166,2051,CO2,0,0,Strategy TX:BASE,CDMX,cdmx,SISEPUEDE,26.952123835433166,
0,0,1.A.3 - Transport:CO2,1 - Energy,1.A.3 - Transport,27.64765184863377,2052,CO2,0,0,Strategy TX:BASE,CDMX,cdmx,SISEPUEDE,27.64765184863377,
0,0,1.A.3 - Transport:CO2,1 - Energy,1.A.3 - Transport,28.349485778822952,2053,CO2,0,0,Strategy TX:BASE,CDMX,cdmx,SISEPUEDE,28.349485778822952,
0,0,1.A.3 - Transport:CO2,1 - Energy,1.A.3 - Transport,29.057709527480714,2054,CO2,0,0,Strategy TX:BASE,CDMX,cdmx,SISEPUEDE,29.057709527480714,
0,0,1.A.3 - Transport:CO2,1 - Energy,1.A.3 - Transport,29.76762095037642,2055,CO2,0,0,Strategy TX:BASE,CDMX,cdmx,SISEPUEDE,29.76762095037642,
0,0,1.A.3 - Transport:CO2,1 - Energy,1.A.3 - Transport,30.47974204131706,2056,CO2,0,0,Strategy TX:BASE,CDMX,cdmx,SISEPUEDE,30.47974204131706,
0,0,1.A.3 - Transport:CO2,1 - Energy,1.A.3 - Transport,31.19727285582804,2057,CO2,0,0,Strategy TX:BASE,CDMX,cdmx,SISEPUEDE,31.19727285582804,
0,0,1.A.3 - Transport:CO2,1 - Energy,1.A.3 - Transport,31.92059660815666,2058,CO2,0,0,Strategy TX:BASE,CDMX,cdmx,SISEPUEDE,31.92059660815666,
0,0,1.A.3 - Transport:CO2,1 - Energy,1.A.3 - Transport,32.65280689766081,2059,CO2,0,0,Strategy TX:BASE,CDMX,cdmx,SISEPUEDE,32.65280689766081,
0,0,1.A.3 - Transport:CO2,1 - Energy,1.A.3 - Transport,33.397092214111055,2060,CO2,0,0,Strategy TX:BASE,CDMX,cdmx,SISEPUEDE,33.397092214111055,
0,0,1.A.3 - Transport:N2O,1 - Energy,1.A.3 - Transport,0.3386060047836678,2022,N2O,0,0,Strategy TX:BASE,CDMX,cdmx,SISEPUEDE,0.3386060047836678,
0,0,1.A.3 - Transport:N2O,1 - Energy,1.A.3 - Transport,0.3486171731892607,2023,N2O,0,0,Strategy TX:BASE,CDMX,cdmx,SISEPUEDE,0.3486171731892607,
0,0,1.A.3 - Transport:N2O,1 - Energy,1.A.3 - Transport,0.355879713558513,2024,N2O,0,0,Strategy TX:BASE,CDMX,cdmx,SISEPUEDE,0.355879713558513,
0,0,1.A.3 - Transport:N2O,1 - Energy,1.A.3 - Transport,0.35993465245944517,2025,N2O,0,0,Strategy TX:BASE,CDMX,cdmx,SISEPUEDE,0.35993465245944517,
0,0,1.A.3 - Transport:N2O,1 - Energy,1.A.3 - Transport,0.36557377957926496,2026,N2O,0,0,Strategy TX:BASE,CDMX,cdmx,SISEPUEDE,0.36557377957926496,
0,0,1.A.3 - Transport:N2O,1 - Energy,1.A.3 - Transport,0.37151710488898415,2027,N2O,0,0,Strategy TX:BASE,CDMX,cdmx,SISEPUEDE,0.37151710488898415,
0,0,1.A.3 - Transport:N2O,1 - Energy,1.A.3 - Transport,0.3773419704922836,2028,N2O,0,0,Strategy TX:BASE,CDMX,cdmx,SISEPUEDE,0.3773419704922836,
0,0,1.A.3 - Transport:N2O,1 - Energy,1.A.3 - Transport,0.3830037372552564,2029,N2O,0,0,Strategy TX:BASE,CDMX,cdmx,SISEPUEDE,0.3830037372552564,
0,0,1.A.3 - Transport:N2O,1 - Energy,1.A.3 - Transport,0.3888594558471022,2030,N2O,0,0,Strategy TX:BASE,CDMX,cdmx,SISEPUEDE,0.3888594558471022,
0,0,1.A.3 - Transport:N2O,1 - Energy,1.A.3 - Transport,0.39482243230328395,2031,N2O,0,0,Strategy TX:BASE,CDMX,cdmx,SISEPUEDE,0.39482243230328395,
0,0,1.A.3 - Transport:N2O,1 - Energy,1.A.3 - Transport,0.400880459168423,2032,N2O,0,0,Strategy TX:BASE,CDMX,cdmx,SISEPUEDE,0.400880459168423,
0,0,1.A.3 - Transport:N2O,1 - Energy,1.A.3 - Transport,0.4070223338364304,2033,N2O,0,0,Strategy TX:BASE,CDMX,cdmx,SISEPUEDE,0.4070223338364304,
0,0,1.A.3 - Transport:N2O,1 - Energy,1.A.3 - Transport,0.41323811253784104,2034,N2O,0,0,Strategy TX:BASE,CDMX,cdmx,SISEPUEDE,0.41323811253784104,
0,0,1.A.3 - Transport:N2O,1 - Energy,1.A.3 - Transport,0.41951937075525136,2035,N2O,0,0,Strategy TX:BASE,CDMX,cdmx,SISEPUEDE,0.41951937075525136,
0,0,1.A.3 - Transport:N2O,1 - Energy,1.A.3 - Transport,0.42586119644759296,2036,N2O,0,0,Strategy TX:BASE,CDMX,cdmx,SISEPUEDE,0.42586119644759296,
0,0,1.A.3 - Transport:N2O,1 - Energy,1.A.3 - Transport,0.43228850754249426,2037,N2O,0,0,Strategy TX:BASE,CDMX,cdmx,SISEPUEDE,0.43228850754249426,
0,0,1.A.3 - Transport:N2O,1 - Energy,1.A.3 - Transport,0.4388503963043976,2038,N2O,0,0,Strategy TX:BASE,CDMX,cdmx,SISEPUEDE,0.4388503963043976,
0,0,1.A.3 - Transport:N2O,1 - Energy,1.A.3 - Transport,0.4455581496090646,2039,N2O,0,0,Strategy TX:BASE,CDMX,cdmx,SISEPUEDE,0.4455581496090646,
0,0,1.A.3 - Transport:N2O,1 - Energy,1.A.3 - Transport,0.4523842810398796,2040,N2O,0,0,Strategy TX:BASE,CDMX,cdmx,SISEPUEDE,0.4523842810398796,
0,0,1.A.3 - Transport:N2O,1 - Energy,1.A.3 - Transport,0.4590886838041542,2041,N2O,0,0,Strategy TX:BASE,CDMX,cdmx,SISEPUEDE,0.4590886838041542,
0,0,1.A.3 - Transport:N2O,1 - Energy,1.A.3 - Transport,0.4656606655404672,2042,N2O,0,0,Strategy TX:BASE,CDMX,cdmx,SISEPUEDE,0.4656606655404672,
0,0,1.A.3 - Transport:N2O,1 - Energy,1.A.3 - Transport,0.4720470203245598,2043,N2O,0,0,Strategy TX:BASE,CDMX,cdmx,SISEPUEDE,0.4720470203245598,
0,0,1.A.3 - Transport:N2O,1 - Energy,1.A.3 - Transport,0.47829734167178223,2044,N2O,0,0,Strategy TX:BASE,CDMX,cdmx,SISEPUEDE,0.47829734167178223,
0,0,1.A.3 - Transport:N2O,1 - Energy,1.A.3 - Transport,0.4844606547257109,2045,N2O,0,0,Strategy TX:BASE,CDMX,cdmx,SISEPUEDE,0.4844606547257109,
0,0,1.A.3 - Transport:N2O,1 - Energy,1.A.3 - Transport,0.490527098181745,2046,N2O,0,0,Strategy TX:BASE,CDMX,cdmx,SISEPUEDE,0.490527098181745,
0,0,1.A.3 - Transport:N2O,1 - Energy,1.A.3 - Transport,0.4965207205117055,2047,N2O,0,0,Strategy TX:BASE,CDMX,cdmx,SISEPUEDE,0.4965207205117055,
0,0,1.A.3 - Transport:N2O,1 - Energy,1.A.3 - Transport,0.5025225314159625,2048,N2O,0,0,Strategy TX:BASE,CDMX,cdmx,SISEPUEDE,0.5025225314159625,
0,0,1.A.3 - Transport:N2O,1 - Energy,1.A.3 - Transport,0.508626266854267,2049,N2O,0,0,Strategy TX:BASE,CDMX,cdmx,SISEPUEDE,0.508626266854267,
0,0,1.A.3 - Transport:N2O,1 - Energy,1.A.3 - Transport,0.5148931312309326,2050,N2O,0,0,Strategy TX:BASE,CDMX,cdmx,SISEPUEDE,0.5148931312309326,
0,0,1.A.3 - Transport:N2O,1 - Energy,1.A.3 - Transport,0.5282573673930374,2051,N2O,0,0,Strategy TX:BASE,CDMX,cdmx,SISEPUEDE,0.5282573673930374,
0,0,1.A.3 - Transport:N2O,1 - Energy,1.A.3 - Transport,0.5418411368618241,2052,N2O,0,0,Strategy TX:BASE,CDMX,cdmx,SISEPUEDE,0.5418411368618241,
0,0,1.A.3 - Transport:N2O,1 - Energy,1.A.3 - Transport,0.555547412348915,2053,N2O,0,0,Strategy TX:BASE,CDMX,cdmx,SISEPUEDE,0.555547412348915,
0,0,1.A.3 - Transport:N2O,1 - Energy,1.A.3 - Transport,0.5693778391529296,2054,N2O,0,0,Strategy TX:BASE,CDMX,cdmx,SISEPUEDE,0.5693778391529296,
0,0,1.A.3 - Transport:N2O,1 - Energy,1.A.3 - Transport,0.5832406026316858,2055,N2O,0,0,Strategy TX:BASE,CDMX,cdmx,SISEPUEDE,0.5832406026316858,
0,0,1.A.3 - Transport:N2O,1 - Energy,1.A.3 - Transport,0.5971459133907108,2056,N2O,0,0,Strategy TX:BASE,CDMX,cdmx,SISEPUEDE,0.5971459133907108,
0,0,1.A.3 - Transport:N2O,1 - Energy,1.A.3 - Transport,0.6111562706139129,2057,N2O,0,0,Strategy TX:BASE,CDMX,cdmx,SISEPUEDE,0.6111562706139129,
0,0,1.A.3 - Transport:N2O,1 - Energy,1.A.3 - Transport,0.6252791637016057,2058,N2O,0,0,Strategy TX:BASE,CDMX,cdmx,SISEPUEDE,0.6252791637016057,
0,0,1.A.3 - Transport:N2O,1 - Energy,1.A.3 - Transport,0.6395749986756429,2059,N2O,0,0,Strategy TX:BASE,CDMX,cdmx,SISEPUEDE,0.6395749986756429,
0,0,1.A.3 - Transport:N2O,1 - Energy,1.A.3 - Transport,0.6541060245220915,2060,N2O,0,0,Strategy TX:BASE,CDMX,cdmx,SISEPUEDE,0.6541060245220915,
0,0,1.A.4 - Buildings and Other:CH4,1 - Energy,1.A.4 - Buildings and Other,0.00078275949697317,2022,CH4,0,0,Strategy TX:BASE,CDMX,cdmx,SISEPUEDE,0.00078275949697317,
0,0,1.A.4 - Buildings and Other:CH4,1 - Energy,1.A.4 - Buildings and Other,0.0007832021496099932,2023,CH4,0,0,Strategy TX:BASE,CDMX,cdmx,SISEPUEDE,0.0007832021496099932,
0,0,1.A.4 - Buildings and Other:CH4,1 - Energy,1.A.4 - Buildings and Other,0.0007837853959527165,2024,CH4,0,0,Strategy TX:BASE,CDMX,cdmx,SISEPUEDE,0.0007837853959527165,
0,0,1.A.4 - Buildings and Other:CH4,1 - Energy,1.A.4 - Buildings and Other,0.0007838720167296442,2025,CH4,0,0,Strategy TX:BASE,CDMX,cdmx,SISEPUEDE,0.0007838720167296442,
0,0,1.A.4 - Buildings and Other:CH4,1 - Energy,1.A.4 - Buildings and Other,0.0007848834505751141,2026,CH4,0,0,Strategy TX:BASE,CDMX,cdmx,SISEPUEDE,0.0007848834505751141,
0,0,1.A.4 - Buildings and Other:CH4,1 - Energy,1.A.4 - Buildings and Other,0.0007864818950982907,2027,CH4,0,0,Strategy TX:BASE,CDMX,cdmx,SISEPUEDE,0.0007864818950982907,
0,0,1.A.4 - Buildings and Other:CH4,1 - Energy,1.A.4 - Buildings and Other,0.0007885435730912383,2028,CH4,0,0,Strategy TX:BASE,CDMX,cdmx,SISEPUEDE,0.0007885435730912383,
0,0,1.A.4 - Buildings and Other:CH4,1 - Energy,1.A.4 - Buildings and Other,0.0007911097018876296,2029,CH4,0,0,Strategy TX:BASE,CDMX,cdmx,SISEPUEDE,0.0007911097018876296,
0,0,1.A.4 - Buildings and Other:CH4,1 - Energy,1.A.4 - Buildings and Other,0.0007945001926404355,2030,CH4,0,0,Strategy TX:BASE,CDMX,cdmx,SISEPUEDE,0.0007945001926404355,
0,0,1.A.4 - Buildings and Other:CH4,1 - Energy,1.A.4 - Buildings and Other,0.0007987694992139453,2031,CH4,0,0,Strategy TX:BASE,CDMX,cdmx,SISEPUEDE,0.0007987694992139453,
0,0,1.A.4 - Buildings and Other:CH4,1 - Energy,1.A.4 - Buildings and Other,0.000804015211994446,2032,CH4,0,0,Strategy TX:BASE,CDMX,cdmx,SISEPUEDE,0.000804015211994446,
0,0,1.A.4 - Buildings and Other:CH4,1 - Energy,1.A.4 - Buildings and Other,0.0008103337125951535,2033,CH4,0,0,Strategy TX:BASE,CDMX,cdmx,SISEPUEDE,0.0008103337125951535,
0,0,1.A.4 - Buildings and Other:CH4,1 - Energy,1.A.4 - Buildings and Other,0.0008178163299419463,2034,CH4,0,0,Strategy TX:BASE,CDMX,cdmx,SISEPUEDE,0.0008178163299419463,
0,0,1.A.4 - Buildings and Other:CH4,1 - Energy,1.A.4 - Buildings and Other,0.0008265536755961492,2035,CH4,0,0,Strategy TX:BASE,CDMX,cdmx,SISEPUEDE,0.0008265536755961492,
0,0,1.A.4 - Buildings and Other:CH4,1 - Energy,1.A.4 - Buildings and Other,0.0008366349982162373,2036,CH4,0,0,Strategy TX:BASE,CDMX,cdmx,SISEPUEDE,0.0008366349982162373,
0,0,1.A.4 - Buildings and Other:CH4,1 - Energy,1.A.4 - Buildings and Other,0.0008481493461556787,2037,CH4,0,0,Strategy TX:BASE,CDMX,cdmx,SISEPUEDE,0.0008481493461556787,
0,0,1.A.4 - Buildings and Other:CH4,1 - Energy,1.A.4 - Buildings and Other,0.0008611915186711039,2038,CH4,0,0,Strategy TX:BASE,CDMX,cdmx,SISEPUEDE,0.0008611915186711039,
0,0,1.A.4 - Buildings and Other:CH4,1 - Energy,1.A.4 - Buildings and Other,0.0008758133384067453,2039,CH4,0,0,Strategy TX:BASE,CDMX,cdmx,SISEPUEDE,0.0008758133384067453,
0,0,1.A.4 - Buildings and Other:CH4,1 - Energy,1.A.4 - Buildings and Other,0.000892021990793914,2040,CH4,0,0,Strategy TX:BASE,CDMX,cdmx,SISEPUEDE,0.000892021990793914,
0,0,1.A.4 - Buildings and Other:CH4,1 - Energy,1.A.4 - Buildings and Other,0.0009095114250640686,2041,CH4,0,0,Strategy TX:BASE,CDMX,cdmx,SISEPUEDE,0.0009095114250640686,
0,0,1.A.4 - Buildings and Other:CH4,1 - Energy,1.A.4 - Buildings and Other,0.0009282834233314457,2042,CH4,0,0,Strategy TX:BASE,CDMX,cdmx,SISEPUEDE,0.0009282834233314457,
0,0,1.A.4 - Buildings and Other:CH4,1 - Energy,1.A.4 - Buildings and Other,0.0009482705960675666,2043,CH4,0,0,Strategy TX:BASE,CDMX,cdmx,SISEPUEDE,0.0009482705960675666,
0,0,1.A.4 - Buildings and Other:CH4,1 - Energy,1.A.4 - Buildings and Other,0.0009695689564841504,2044,CH4,0,0,Strategy TX:BASE,CDMX,cdmx,SISEPUEDE,0.0009695689564841504,
0,0,1.A.4 - Buildings and Other:CH4,1 - Energy,1.A.4 - Buildings and Other,0.0009922807392115781,2045,CH4,0,0,Strategy TX:BASE,CDMX,cdmx,SISEPUEDE,0.0009922807392115781,
0,0,1.A.4 - Buildings and Other:CH4,1 - Energy,1.A.4 - Buildings and Other,0.0010164068350198773,2046,CH4,0,0,Strategy TX:BASE,CDMX,cdmx,SISEPUEDE,0.0010164068350198773,
0,0,1.A.4 - Buildings and Other:CH4,1 - Energy,1.A.4 - Buildings and Other,0.00104200651099968,2047,CH4,0,0,Strategy TX:BASE,CDMX,cdmx,SISEPUEDE,0.00104200651099968,
0,0,1.A.4 - Buildings and Other:CH4,1 - Energy,1.A.4 - Buildings and Other,0.0010692631493123188,2048,CH4,0,0,Strategy TX:BASE,CDMX,cdmx,SISEPUEDE,0.0010692631493123188,
0,0,1.A.4 - Buildings and Other:CH4,1 - Energy,1.A.4 - Buildings and Other,0.0010984119314696767,2049,CH4,0,0,Strategy TX:BASE,CDMX,cdmx,SISEPUEDE,0.0010984119314696767,
0,0,1.A.4 - Buildings and Other:CH4,1 - Energy,1.A.4 - Buildings and Other,0.0011296428796483307,2050,CH4,0,0,Strategy TX:BASE,CDMX,cdmx,SISEPUEDE,0.0011296428796483307,
0,0,1.A.4 - Buildings and Other:CH4,1 - Energy,1.A.4 - Buildings and Other,0.0011629642455944762,2051,CH4,0,0,Strategy TX:BASE,CDMX,cdmx,SISEPUEDE,0.0011629642455944762,
0,0,1.A.4 - Buildings and Other:CH4,1 - Energy,1.A.4 - Buildings and Other,0.0011969225109211001,2052,CH4,0,0,Strategy TX:BASE,CDMX,cdmx,SISEPUEDE,0.0011969225109211001,
0,0,1.A.4 - Buildings and Other:CH4,1 - Energy,1.A.4 - Buildings and Other,0.0012312838665551422,2053,CH4,0,0,Strategy TX:BASE,CDMX,cdmx,SISEPUEDE,0.0012312838665551422,
0,0,1.A.4 - Buildings and Other:CH4,1 - Energy,1.A.4 - Buildings and Other,0.0012660550552199353,2054,CH4,0,0,Strategy TX:BASE,CDMX,cdmx,SISEPUEDE,0.0012660550552199353,
0,0,1.A.4 - Buildings and Other:CH4,1 - Energy,1.A.4 - Buildings and Other,0.001301011739059104,2055,CH4,0,0,Strategy TX:BASE,CDMX,cdmx,SISEPUEDE,0.001301011739059104,
0,0,1.A.4 - Buildings and Other:CH4,1 - Energy,1.A.4 - Buildings and Other,0.0013361789332825497,2056,CH4,0,0,Strategy TX:BASE,CDMX,cdmx,SISEPUEDE,0.0013361789332825497,
0,0,1.A.4 - Buildings and Other:CH4,1 - Energy,1.A.4 - Buildings and Other,0.0013717107483819263,2057,CH4,0,0,Strategy TX:BASE,CDMX,cdmx,SISEPUEDE,0.0013717107483819263,
0,0,1.A.4 - Buildings and Other:CH4,1 - Energy,1.A.4 - Buildings and Other,0.0014076227401420443,2058,CH4,0,0,Strategy TX:BASE,CDMX,cdmx,SISEPUEDE,0.0014076227401420443,
0,0,1.A.4 - Buildings and Other:CH4,1 - Energy,1.A.4 - Buildings and Other,0.0014440603860486705,2059,CH4,0,0,Strategy TX:BASE,CDMX,cdmx,SISEPUEDE,0.0014440603860486705,
0,0,1.A.4 - Buildings and Other:CH4,1 - Energy,1.A.4 - Buildings and Other,0.0014811756490757087,2060,CH4,0,0,Strategy TX:BASE,CDMX,cdmx,SISEPUEDE,0.0014811756490757087,
0,0,1.A.4 - Buildings and Other:CO2,1 - Energy,1.A.4 - Buildings and Other,1.7317209890157998,2022,CO2,0,0,Strategy TX:BASE,CDMX,cdmx,SISEPUEDE,1.7317209890157998,
0,0,1.A.4 - Buildings and Other:CO2,1 - Energy,1.A.4 - Buildings and Other,1.7327341577319149,2023,CO2,0,0,Strategy TX:BASE,CDMX,cdmx,SISEPUEDE,1.7327341577319149,
0,0,1.A.4 - Buildings and Other:CO2,1 - Energy,1.A.4 - Buildings and Other,1.734051369792584,2024,CO2,0,0,Strategy TX:BASE,CDMX,cdmx,SISEPUEDE,1.734051369792584,
0,0,1.A.4 - Buildings and Other:CO2,1 - Energy,1.A.4 - Buildings and Other,1.734261266277629,2025,CO2,0,0,Strategy TX:BASE,CDMX,cdmx,SISEPUEDE,1.734261266277629,
0,0,1.A.4 - Buildings and Other:CO2,1 - Energy,1.A.4 - Buildings and Other,1.7365239163749522,2026,CO2,0,0,Strategy TX:BASE,CDMX,cdmx,SISEPUEDE,1.7365239163749522,
0,0,1.A.4 - Buildings and Other:CO2,1 - Energy,1.A.4 - Buildings and Other,1.7400882129985975,2027,CO2,0,0,Strategy TX:BASE,CDMX,cdmx,SISEPUEDE,1.7400882129985975,
0,0,1.A.4 - Buildings and Other:CO2,1 - Energy,1.A.4 - Buildings and Other,1.744679147129336,2028,CO2,0,0,Strategy TX:BASE,CDMX,cdmx,SISEPUEDE,1.744679147129336,
0,0,1.A.4 - Buildings and Other:CO2,1 - Energy,1.A.4 - Buildings and Other,1.7503879430222753,2029,CO2,0,0,Strategy TX:BASE,CDMX,cdmx,SISEPUEDE,1.7503879430222753,
0,0,1.A.4 - Buildings and Other:CO2,1 - Energy,1.A.4 - Buildings and Other,1.7579238920419487,2030,CO2,0,0,Strategy TX:BASE,CDMX,cdmx,SISEPUEDE,1.7579238920419487,
0,0,1.A.4 - Buildings and Other:CO2,1 - Energy,1.A.4 - Buildings and Other,1.7674074738187961,2031,CO2,0,0,Strategy TX:BASE,CDMX,cdmx,SISEPUEDE,1.7674074738187961,
0,0,1.A.4 - Buildings and Other:CO2,1 - Energy,1.A.4 - Buildings and Other,1.7790549162870155,2032,CO2,0,0,Strategy TX:BASE,CDMX,cdmx,SISEPUEDE,1.7790549162870155,
0,0,1.A.4 - Buildings and Other:CO2,1 - Energy,1.A.4 - Buildings and Other,1.793079829326837,2033,CO2,0,0,Strategy TX:BASE,CDMX,cdmx,SISEPUEDE,1.793079829326837,
0,0,1.A.4 - Buildings and Other:CO2,1 - Energy,1.A.4 - Buildings and Other,1.8096847256276,2034,CO2,0,0,Strategy TX:BASE,CDMX,cdmx,SISEPUEDE,1.8096847256276,
0,0,1.A.4 - Buildings and Other:CO2,1 - Energy,1.A.4 - Buildings and Other,1.82907061975328,2035,CO2,0,0,Strategy TX:BASE,CDMX,cdmx,SISEPUEDE,1.82907061975328,
0,0,1.A.4 - Buildings and Other:CO2,1 - Energy,1.A.4 - Buildings and Other,1.8514356258998652,2036,CO2,0,0,Strategy TX:BASE,CDMX,cdmx,SISEPUEDE,1.8514356258998652,
0,0,1.A.4 - Buildings and Other:CO2,1 - Energy,1.A.4 - Buildings and Other,1.8769775627458856,2037,CO2,0,0,Strategy TX:BASE,CDMX,cdmx,SISEPUEDE,1.8769775627458856,
0,0,1.A.4 - Buildings and Other:CO2,1 - Energy,1.A.4 - Buildings and Other,1.9059071357370756,2038,CO2,0,0,Strategy TX:BASE,CDMX,cdmx,SISEPUEDE,1.9059071357370756,
0,0,1.A.4 - Buildings and Other:CO2,1 - Energy,1.A.4 - Buildings and Other,1.938339922265814,2039,CO2,0,0,Strategy TX:BASE,CDMX,cdmx,SISEPUEDE,1.938339922265814,
0,0,1.A.4 - Buildings and Other:CO2,1 - Energy,1.A.4 - Buildings and Other,1.974292598589573,2040,CO2,0,0,Strategy TX:BASE,CDMX,cdmx,SISEPUEDE,1.974292598589573,
0,0,1.A.4 - Buildings and Other:CO2,1 - Energy,1.A.4 - Buildings and Other,2.013087369240601,2041,CO2,0,0,Strategy TX:BASE,CDMX,cdmx,SISEPUEDE,2.013087369240601,
0,0,1.A.4 - Buildings and Other:CO2,1 - Energy,1.A.4 - Buildings and Other,2.054728818423921,2042,CO2,0,0,Strategy TX:BASE,CDMX,cdmx,SISEPUEDE,2.054728818423921,
0,0,1.A.4 - Buildings and Other:CO2,1 - Energy,1.A.4 - Buildings and Other,2.09906810655083,2043,CO2,0,0,Strategy TX:BASE,CDMX,cdmx,SISEPUEDE,2.09906810655083,
0,0,1.A.4 - Buildings and Other:CO2,1 - Energy,1.A.4 - Buildings and Other,2.1463186653924837,2044,CO2,0,0,Strategy TX:BASE,CDMX,cdmx,SISEPUEDE,2.1463186653924837,
0,0,1.A.4 - Buildings and Other:CO2,1 - Energy,1.A.4 - Buildings and Other,2.196707831424135,2045,CO2,0,0,Strategy TX:BASE,CDMX,cdmx,SISEPUEDE,2.196707831424135,
0,0,1.A.4 - Buildings and Other:CO2,1 - Energy,1.A.4 - Buildings and Other,2.25023820840146,2046,CO2,0,0,Strategy TX:BASE,CDMX,cdmx,SISEPUEDE,2.25023820840146,
0,0,1.A.4 - Buildings and Other:CO2,1 - Energy,1.A.4 - Buildings and Other,2.3070419386626515,2047,CO2,0,0,Strategy TX:BASE,CDMX,cdmx,SISEPUEDE,2.3070419386626515,
0,0,1.A.4 - Buildings and Other:CO2,1 - Energy,1.A.4 - Buildings and Other,2.3675265071600413,2048,CO2,0,0,Strategy TX:BASE,CDMX,cdmx,SISEPUEDE,2.3675265071600413,
0,0,1.A.4 - Buildings and Other:CO2,1 - Energy,1.A.4 - Buildings and Other,2.4322145237549444,2049,CO2,0,0,Strategy TX:BASE,CDMX,cdmx,SISEPUEDE,2.4322145237549444,
0,0,1.A.4 - Buildings and Other:CO2,1 - Energy,1.A.4 - Buildings and Other,2.5015287337220298,2050,CO2,0,0,Strategy TX:BASE,CDMX,cdmx,SISEPUEDE,2.5015287337220298,
0,0,1.A.4 - Buildings and Other:CO2,1 - Energy,1.A.4 - Buildings and Other,2.575488893658706,2051,CO2,0,0,Strategy TX:BASE,CDMX,cdmx,SISEPUEDE,2.575488893658706,
0,0,1.A.4 - Buildings and Other:CO2,1 - Energy,1.A.4 - Buildings and Other,2.6508747832686614,2052,CO2,0,0,Strategy TX:BASE,CDMX,cdmx,SISEPUEDE,2.6508747832686614,
0,0,1.A.4 - Buildings and Other:CO2,1 - Energy,1.A.4 - Buildings and Other,2.727168646619388,2053,CO2,0,0,Strategy TX:BASE,CDMX,cdmx,SISEPUEDE,2.727168646619388,
0,0,1.A.4 - Buildings and Other:CO2,1 - Energy,1.A.4 - Buildings and Other,2.8043864858688385,2054,CO2,0,0,Strategy TX:BASE,CDMX,cdmx,SISEPUEDE,2.8043864858688385,
0,0,1.A.4 - Buildings and Other:CO2,1 - Energy,1.A.4 - Buildings and Other,2.8820313716898376,2055,CO2,0,0,Strategy TX:BASE,CDMX,cdmx,SISEPUEDE,2.8820313716898376,
0,0,1.A.4 - Buildings and Other:CO2,1 - Energy,1.A.4 - Buildings and Other,2.960159723146907,2056,CO2,0,0,Strategy TX:BASE,CDMX,cdmx,SISEPUEDE,2.960159723146907,
0,0,1.A.4 - Buildings and Other:CO2,1 - Energy,1.A.4 - Buildings and Other,3.039114616079879,2057,CO2,0,0,Strategy TX:BASE,CDMX,cdmx,SISEPUEDE,3.039114616079879,
0,0,1.A.4 - Buildings and Other:CO2,1 - Energy,1.A.4 - Buildings and Other,3.1189315622339384,2058,CO2,0,0,Strategy TX:BASE,CDMX,cdmx,SISEPUEDE,3.1189315622339384,
0,0,1.A.4 - Buildings and Other:CO2,1 - Energy,1.A.4 - Buildings and Other,3.199934548051859,2059,CO2,0,0,Strategy TX:BASE,CDMX,cdmx,SISEPUEDE,3.199934548051859,
0,0,1.A.4 - Buildings and Other:CO2,1 - Energy,1.A.4 - Buildings and Other,3.282462286759247,2060,CO2,0,0,Strategy TX:BASE,CDMX,cdmx,SISEPUEDE,3.282462286759247,
0,0,1.A.4 - Buildings and Other:N2O,1 - Energy,1.A.4 - Buildings and Other,0.0007645844513068439,2022,N2O,0,0,Strategy TX:BASE,CDMX,cdmx,SISEPUEDE,0.0007645844513068439,
0,0,1.A.4 - Buildings and Other:N2O,1 - Energy,1.A.4 - Buildings and Other,0.0007649931462047673,2023,N2O,0,0,Strategy TX:BASE,CDMX,cdmx,SISEPUEDE,0.0007649931462047673,
0,0,1.A.4 - Buildings and Other:N2O,1 - Energy,1.A.4 - Buildings and Other,0.0007655440607156306,2024,N2O,0,0,Strategy TX:BASE,CDMX,cdmx,SISEPUEDE,0.0007655440607156306,
0,0,1.A.4 - Buildings and Other:N2O,1 - Energy,1.A.4 - Buildings and Other,0.000765615904175035,2025,N2O,0,0,Strategy TX:BASE,CDMX,cdmx,SISEPUEDE,0.000765615904175035,
0,0,1.A.4 - Buildings and Other:N2O,1 - Energy,1.A.4 - Buildings and Other,0.0007665863595019396,2026,N2O,0,0,Strategy TX:BASE,CDMX,cdmx,SISEPUEDE,0.0007665863595019396,
0,0,1.A.4 - Buildings and Other:N2O,1 - Energy,1.A.4 - Buildings and Other,0.0007681281081957267,2027,N2O,0,0,Strategy TX:BASE,CDMX,cdmx,SISEPUEDE,0.0007681281081957267,
0,0,1.A.4 - Buildings and Other:N2O,1 - Energy,1.A.4 - Buildings and Other,0.0007701210671406469,2028,N2O,0,0,Strategy TX:BASE,CDMX,cdmx,SISEPUEDE,0.0007701210671406469,
0,0,1.A.4 - Buildings and Other:N2O,1 - Energy,1.A.4 - Buildings and Other,0.0007726054700878354,2029,N2O,0,0,Strategy TX:BASE,CDMX,cdmx,SISEPUEDE,0.0007726054700878354,
0,0,1.A.4 - Buildings and Other:N2O,1 - Energy,1.A.4 - Buildings and Other,0.0007758927216220678,2030,N2O,0,0,Strategy TX:BASE,CDMX,cdmx,SISEPUEDE,0.0007758927216220678,
0,0,1.A.4 - Buildings and Other:N2O,1 - Energy,1.A.4 - Buildings and Other,0.0007800360043783974,2031,N2O,0,0,Strategy TX:BASE,CDMX,cdmx,SISEPUEDE,0.0007800360043783974,
0,0,1.A.4 - Buildings and Other:N2O,1 - Energy,1.A.4 - Buildings and Other,0.000785130414921203,2032,N2O,0,0,Strategy TX:BASE,CDMX,cdmx,SISEPUEDE,0.000785130414921203,
0,0,1.A.4 - Buildings and Other:N2O,1 - Energy,1.A.4 - Buildings and Other,0.0007912698298597998,2033,N2O,0,0,Strategy TX:BASE,CDMX,cdmx,SISEPUEDE,0.0007912698298597998,
0,0,1.A.4 - Buildings and Other:N2O,1 - Energy,1.A.4 - Buildings and Other,0.0007985431338058201,2034,N2O,0,0,Strategy TX:BASE,CDMX,cdmx,SISEPUEDE,0.0007985431338058201,
0,0,1.A.4 - Buildings and Other:N2O,1 - Energy,1.A.4 - Buildings and Other,0.000807038448507159,2035,N2O,0,0,Strategy TX:BASE,CDMX,cdmx,SISEPUEDE,0.000807038448507159,
0,0,1.A.4 - Buildings and Other:N2O,1 - Energy,1.A.4 - Buildings and Other,0.0008168424841918041,2036,N2O,0,0,Strategy TX:BASE,CDMX,cdmx,SISEPUEDE,0.0008168424841918041,
0,0,1.A.4 - Buildings and Other:N2O,1 - Energy,1.A.4 - Buildings and Other,0.0008280416522438108,2037,N2O,0,0,Strategy TX:BASE,CDMX,cdmx,SISEPUEDE,0.0008280416522438108,
0,0,1.A.4 - Buildings and Other:N2O,1 - Energy,1.A.4 - Buildings and Other,0.0008407278668626716,2038,N2O,0,0,Strategy TX:BASE,CDMX,cdmx,SISEPUEDE,0.0008407278668626716,
0,0,1.A.4 - Buildings and Other:N2O,1 - Energy,1.A.4 - Buildings and Other,0.0008549510982434639,2039,N2O,0,0,Strategy TX:BASE,CDMX,cdmx,SISEPUEDE,0.0008549510982434639,
0,0,1.A.4 - Buildings and Other:N2O,1 - Energy,1.A.4 - Buildings and Other,0.0008707178199378968,2040,N2O,0,0,Strategy TX:BASE,CDMX,cdmx,SISEPUEDE,0.0008707178199378968,
0,0,1.A.4 - Buildings and Other:N2O,1 - Energy,1.A.4 - Buildings and Other,0.0008877295842137447,2041,N2O,0,0,Strategy TX:BASE,CDMX,cdmx,SISEPUEDE,0.0008877295842137447,
0,0,1.A.4 - Buildings and Other:N2O,1 - Energy,1.A.4 - Buildings and Other,0.0009059876833290257,2042,N2O,0,0,Strategy TX:BASE,CDMX,cdmx,SISEPUEDE,0.0009059876833290257,
0,0,1.A.4 - Buildings and Other:N2O,1 - Energy,1.A.4 - Buildings and Other,0.00092542611900947,2043,N2O,0,0,Strategy TX:BASE,CDMX,cdmx,SISEPUEDE,0.00092542611900947,
0,0,1.A.4 - Buildings and Other:N2O,1 - Energy,1.A.4 - Buildings and Other,0.0009461379628021585,2044,N2O,0,0,Strategy TX:BASE,CDMX,cdmx,SISEPUEDE,0.0009461379628021585,
0,0,1.A.4 - Buildings and Other:N2O,1 - Energy,1.A.4 - Buildings and Other,0.0009682222647366084,2045,N2O,0,0,Strategy TX:BASE,CDMX,cdmx,SISEPUEDE,0.0009682222647366084,
0,0,1.A.4 - Buildings and Other:N2O,1 - Energy,1.A.4 - Buildings and Other,0.0009916794523665516,2046,N2O,0,0,Strategy TX:BASE,CDMX,cdmx,SISEPUEDE,0.0009916794523665516,
0,0,1.A.4 - Buildings and Other:N2O,1 - Energy,1.A.4 - Buildings and Other,0.0010165667008032184,2047,N2O,0,0,Strategy TX:BASE,CDMX,cdmx,SISEPUEDE,0.0010165667008032184,
0,0,1.A.4 - Buildings and Other:N2O,1 - Energy,1.A.4 - Buildings and Other,0.0010430618875912371,2048,N2O,0,0,Strategy TX:BASE,CDMX,cdmx,SISEPUEDE,0.0010430618875912371,
0,0,1.A.4 - Buildings and Other:N2O,1 - Energy,1.A.4 - Buildings and Other,0.0010713931179888974,2049,N2O,0,0,Strategy TX:BASE,CDMX,cdmx,SISEPUEDE,0.0010713931179888974,
0,0,1.A.4 - Buildings and Other:N2O,1 - Energy,1.A.4 - Buildings and Other,0.0011017443566415503,2050,N2O,0,0,Strategy TX:BASE,CDMX,cdmx,SISEPUEDE,0.0011017443566415503,
0,0,1.A.4 - Buildings and Other:N2O,1 - Energy,1.A.4 - Buildings and Other,0.0011341226144558608,2051,N2O,0,0,Strategy TX:BASE,CDMX,cdmx,SISEPUEDE,0.0011341226144558608,
0,0,1.A.4 - Buildings and Other:N2O,1 - Energy,1.A.4 - Buildings and Other,0.0011671113103864958,2052,N2O,0,0,Strategy TX:BASE,CDMX,cdmx,SISEPUEDE,0.0011671113103864958,
0,0,1.A.4 - Buildings and Other:N2O,1 - Energy,1.A.4 - Buildings and Other,0.001200482409185102,2053,N2O,0,0,Strategy TX:BASE,CDMX,cdmx,SISEPUEDE,0.001200482409185102,
0,0,1.A.4 - Buildings and Other:N2O,1 - Energy,1.A.4 - Buildings and Other,0.0012342417385541034,2054,N2O,0,0,Strategy TX:BASE,CDMX,cdmx,SISEPUEDE,0.0012342417385541034,
0,0,1.A.4 - Buildings and Other:N2O,1 - Energy,1.A.4 - Buildings and Other,0.0012681706032080242,2055,N2O,0,0,Strategy TX:BASE,CDMX,cdmx,SISEPUEDE,0.0012681706032080242,
0,0,1.A.4 - Buildings and Other:N2O,1 - Energy,1.A.4 - Buildings and Other,0.0013022926845380751,2056,N2O,0,0,Strategy TX:BASE,CDMX,cdmx,SISEPUEDE,0.0013022926845380751,
0,0,1.A.4 - Buildings and Other:N2O,1 - Energy,1.A.4 - Buildings and Other,0.0013367570238267176,2057,N2O,0,0,Strategy TX:BASE,CDMX,cdmx,SISEPUEDE,0.0013367570238267176,
0,0,1.A.4 - Buildings and Other:N2O,1 - Energy,1.A.4 - Buildings and Other,0.00137157804867587,2058,N2O,0,0,Strategy TX:BASE,CDMX,cdmx,SISEPUEDE,0.00137157804867587,
0,0,1.A.4 - Buildings and Other:N2O,1 - Energy,1.A.4 - Buildings and Other,0.001406896361071018,2059,N2O,0,0,Strategy TX:BASE,CDMX,cdmx,SISEPUEDE,0.001406896361071018,
0,0,1.A.4 - Buildings and Other:N2O,1 - Energy,1.A.4 - Buildings and Other,0.0014428586331421537,2060,N2O,0,0,Strategy TX:BASE,CDMX,cdmx,SISEPUEDE,0.0014428586331421537,
0,0,1.B - Fugitive Emissions:CH4,1 - Energy,1.B - Fugitive Emissions,0.0241301558683755,2022,CH4,0,0,Strategy TX:BASE,CDMX,cdmx,SISEPUEDE,0.0241301558683755,
0,0,1.B - Fugitive Emissions:CH4,1 - Energy,1.B - Fugitive Emissions,0.0245803626152128,2023,CH4,0,0,Strategy TX:BASE,CDMX,cdmx,SISEPUEDE,0.0245803626152128,
0,0,1.B - Fugitive Emissions:CH4,1 - Energy,1.B - Fugitive Emissions,0.0248793492231698,2024,CH4,0,0,Strategy TX:BASE,CDMX,cdmx,SISEPUEDE,0.0248793492231698,
0,0,1.B - Fugitive Emissions:CH4,1 - Energy,1.B - Fugitive Emissions,0.0250010699118325,2025,CH4,0,0,Strategy TX:BASE,CDMX,cdmx,SISEPUEDE,0.0250010699118325,
0,0,1.B - Fugitive Emissions:CH4,1 - Energy,1.B - Fugitive Emissions,0.0252260464200475,2026,CH4,0,0,Strategy TX:BASE,CDMX,cdmx,SISEPUEDE,0.0252260464200475,
0,0,1.B - Fugitive Emissions:CH4,1 - Energy,1.B - Fugitive Emissions,0.025481214444877,2027,CH4,0,0,Strategy TX:BASE,CDMX,cdmx,SISEPUEDE,0.025481214444877,
0,0,1.B - Fugitive Emissions:CH4,1 - Energy,1.B - Fugitive Emissions,0.0257436419248427,2028,CH4,0,0,Strategy TX:BASE,CDMX,cdmx,SISEPUEDE,0.0257436419248427,
0,0,1.B - Fugitive Emissions:CH4,1 - Energy,1.B - Fugitive Emissions,0.0260126914795756,2029,CH4,0,0,Strategy TX:BASE,CDMX,cdmx,SISEPUEDE,0.0260126914795756,
0,0,1.B - Fugitive Emissions:CH4,1 - Energy,1.B - Fugitive Emissions,0.0263117462362522,2030,CH4,0,0,Strategy TX:BASE,CDMX,cdmx,SISEPUEDE,0.0263117462362522,
0,0,1.B - Fugitive Emissions:CH4,1 - Energy,1.B - Fugitive Emissions,0.026637828747166,2031,CH4,0,0,Strategy TX:BASE,CDMX,cdmx,SISEPUEDE,0.026637828747166,
0,0,1.B - Fugitive Emissions:CH4,1 - Energy,1.B - Fugitive Emissions,0.0269923952487291,2032,CH4,0,0,Strategy TX:BASE,CDMX,cdmx,SISEPUEDE,0.0269923952487291,
0,0,1.B - Fugitive Emissions:CH4,1 - Energy,1.B - Fugitive Emissions,0.0273769569620273,2033,CH4,0,0,Strategy TX:BASE,CDMX,cdmx,SISEPUEDE,0.0273769569620273,
0,0,1.B - Fugitive Emissions:CH4,1 - Energy,1.B - Fugitive Emissions,0.027793056609469,2034,CH4,0,0,Strategy TX:BASE,CDMX,cdmx,SISEPUEDE,0.027793056609469,
0,0,1.B - Fugitive Emissions:CH4,1 - Energy,1.B - Fugitive Emissions,0.028242302754943,2035,CH4,0,0,Strategy TX:BASE,CDMX,cdmx,SISEPUEDE,0.028242302754943,
0,0,1.B - Fugitive Emissions:CH4,1 - Energy,1.B - Fugitive Emissions,0.0287263692898237,2036,CH4,0,0,Strategy TX:BASE,CDMX,cdmx,SISEPUEDE,0.0287263692898237,
0,0,1.B - Fugitive Emissions:CH4,1 - Energy,1.B - Fugitive Emissions,0.0292470079925467,2037,CH4,0,0,Strategy TX:BASE,CDMX,cdmx,SISEPUEDE,0.0292470079925467,
0,0,1.B - Fugitive Emissions:CH4,1 - Energy,1.B - Fugitive Emissions,0.0298060954152929,2038,CH4,0,0,Strategy TX:BASE,CDMX,cdmx,SISEPUEDE,0.0298060954152929,
0,0,1.B - Fugitive Emissions:CH4,1 - Energy,1.B - Fugitive Emissions,0.0304030661723419,2039,CH4,0,0,Strategy TX:BASE,CDMX,cdmx,SISEPUEDE,0.0304030661723419,
0,0,1.B - Fugitive Emissions:CH4,1 - Energy,1.B - Fugitive Emissions,0.0310348411234152,2040,CH4,0,0,Strategy TX:BASE,CDMX,cdmx,SISEPUEDE,0.0310348411234152,
0,0,1.B - Fugitive Emissions:CH4,1 - Energy,1.B - Fugitive Emissions,0.0316840136057702,2041,CH4,0,0,Strategy TX:BASE,CDMX,cdmx,SISEPUEDE,0.0316840136057702,
0,0,1.B - Fugitive Emissions:CH4,1 - Energy,1.B - Fugitive Emissions,0.0323480584411865,2042,CH4,0,0,Strategy TX:BASE,CDMX,cdmx,SISEPUEDE,0.0323480584411865,
0,0,1.B - Fugitive Emissions:CH4,1 - Energy,1.B - Fugitive Emissions,0.0330214616100738,2043,CH4,0,0,Strategy TX:BASE,CDMX,cdmx,SISEPUEDE,0.0330214616100738,
0,0,1.B - Fugitive Emissions:CH4,1 - Energy,1.B - Fugitive Emissions,0.033705696752161,2044,CH4,0,0,Strategy TX:BASE,CDMX,cdmx,SISEPUEDE,0.033705696752161,
0,0,1.B - Fugitive Emissions:CH4,1 - Energy,1.B - Fugitive Emissions,0.0344023116550768,2045,CH4,0,0,Strategy TX:BASE,CDMX,cdmx,SISEPUEDE,0.0344023116550768,
0,0,1.B - Fugitive Emissions:CH4,1 - Energy,1.B - Fugitive Emissions,0.0351087630168938,2046,CH4,0,0,Strategy TX:BASE,CDMX,cdmx,SISEPUEDE,0.0351087630168938,
0,0,1.B - Fugitive Emissions:CH4,1 - Energy,1.B - Fugitive Emissions,0.0358249148094465,2047,CH4,0,0,Strategy TX:BASE,CDMX,cdmx,SISEPUEDE,0.0358249148094465,
0,0,1.B - Fugitive Emissions:CH4,1 - Energy,1.B - Fugitive Emissions,0.0365549482352231,2048,CH4,0,0,Strategy TX:BASE,CDMX,cdmx,SISEPUEDE,0.0365549482352231,
0,0,1.B - Fugitive Emissions:CH4,1 - Energy,1.B - Fugitive Emissions,0.0373043183295288,2049,CH4,0,0,Strategy TX:BASE,CDMX,cdmx,SISEPUEDE,0.0373043183295288,
0,0,1.B - Fugitive Emissions:CH4,1 - Energy,1.B - Fugitive Emissions,0.0380763629007033,2050,CH4,0,0,Strategy TX:BASE,CDMX,cdmx,SISEPUEDE,0.0380763629007033,
0,0,1.B - Fugitive Emissions:CH4,1 - Energy,1.B - Fugitive Emissions,0.0391158226527044,2051,CH4,0,0,Strategy TX:BASE,CDMX,cdmx,SISEPUEDE,0.0391158226527044,
0,0,1.B - Fugitive Emissions:CH4,1 - Energy,1.B - Fugitive Emissions,0.0401731979587255,2052,CH4,0,0,Strategy TX:BASE,CDMX,cdmx,SISEPUEDE,0.0401731979587255,
0,0,1.B - Fugitive Emissions:CH4,1 - Energy,1.B - Fugitive Emissions,0.0412409850404834,2053,CH4,0,0,Strategy TX:BASE,CDMX,cdmx,SISEPUEDE,0.0412409850404834,
0,0,1.B - Fugitive Emissions:CH4,1 - Energy,1.B - Fugitive Emissions,0.0423193162688271,2054,CH4,0,0,Strategy TX:BASE,CDMX,cdmx,SISEPUEDE,0.0423193162688271,
0,0,1.B - Fugitive Emissions:CH4,1 - Energy,1.B - Fugitive Emissions,0.0434010599001533,2055,CH4,0,0,Strategy TX:BASE,CDMX,cdmx,SISEPUEDE,0.0434010599001533,
0,0,1.B - Fugitive Emissions:CH4,1 - Energy,1.B - Fugitive Emissions,0.0444869898736648,2056,CH4,0,0,Strategy TX:BASE,CDMX,cdmx,SISEPUEDE,0.0444869898736648,
0,0,1.B - Fugitive Emissions:CH4,1 - Energy,1.B - Fugitive Emissions,0.0455819457423888,2057,CH4,0,0,Strategy TX:BASE,CDMX,cdmx,SISEPUEDE,0.0455819457423888,
0,0,1.B - Fugitive Emissions:CH4,1 - Energy,1.B - Fugitive Emissions,0.0466864757731744,2058,CH4,0,0,Strategy TX:BASE,CDMX,cdmx,SISEPUEDE,0.0466864757731744,
0,0,1.B - Fugitive Emissions:CH4,1 - Energy,1.B - Fugitive Emissions,0.0478052393993348,2059,CH4,0,0,Strategy TX:BASE,CDMX,cdmx,SISEPUEDE,0.0478052393993348,
0,0,1.B - Fugitive Emissions:CH4,1 - Energy,1.B - Fugitive Emissions,0.048943054529469,2060,CH4,0,0,Strategy TX:BASE,CDMX,cdmx,SISEPUEDE,0.048943054529469,
0,0,2 - IPPU:C2H3F3,2 - IPPU,2 - IPPU,0.0061631412477218,2022,C2H3F3,0,0,Strategy TX:BASE,CDMX,cdmx,SISEPUEDE,0.0061631412477218,
0,0,2 - IPPU:C2H3F3,2 - IPPU,2 - IPPU,0.0063643174165157,2023,C2H3F3,0,0,Strategy TX:BASE,CDMX,cdmx,SISEPUEDE,0.0063643174165157,
0,0,2 - IPPU:C2H3F3,2 - IPPU,2 - IPPU,0.0065166305688966,2024,C2H3F3,0,0,Strategy TX:BASE,CDMX,cdmx,SISEPUEDE,0.0065166305688966,
0,0,2 - IPPU:C2H3F3,2 - IPPU,2 - IPPU,0.0066114389399477,2025,C2H3F3,0,0,Strategy TX:BASE,CDMX,cdmx,SISEPUEDE,0.0066114389399477,
0,0,2 - IPPU:C2H3F3,2 - IPPU,2 - IPPU,0.0067408520360022,2026,C2H3F3,0,0,Strategy TX:BASE,CDMX,cdmx,SISEPUEDE,0.0067408520360022,
0,0,2 - IPPU:C2H3F3,2 - IPPU,2 - IPPU,0.006881067716034,2027,C2H3F3,0,0,Strategy TX:BASE,CDMX,cdmx,SISEPUEDE,0.006881067716034,
0,0,2 - IPPU:C2H3F3,2 - IPPU,2 - IPPU,0.007024574888035,2028,C2H3F3,0,0,Strategy TX:BASE,CDMX,cdmx,SISEPUEDE,0.007024574888035,
0,0,2 - IPPU:C2H3F3,2 - IPPU,2 - IPPU,0.0071710994881486,2029,C2H3F3,0,0,Strategy TX:BASE,CDMX,cdmx,SISEPUEDE,0.0071710994881486,
0,0,2 - IPPU:C2H3F3,2 - IPPU,2 - IPPU,0.007328243154781,2030,C2H3F3,0,0,Strategy TX:BASE,CDMX,cdmx,SISEPUEDE,0.007328243154781,
0,0,2 - IPPU:C2H3F3,2 - IPPU,2 - IPPU,0.0074950303039328,2031,C2H3F3,0,0,Strategy TX:BASE,CDMX,cdmx,SISEPUEDE,0.0074950303039328,
0,0,2 - IPPU:C2H3F3,2 - IPPU,2 - IPPU,0.0076719508799596,2032,C2H3F3,0,0,Strategy TX:BASE,CDMX,cdmx,SISEPUEDE,0.0076719508799596,
0,0,2 - IPPU:C2H3F3,2 - IPPU,2 - IPPU,0.0078595312523516,2033,C2H3F3,0,0,Strategy TX:BASE,CDMX,cdmx,SISEPUEDE,0.0078595312523516,
0,0,2 - IPPU:C2H3F3,2 - IPPU,2 - IPPU,0.0080583378990315,2034,C2H3F3,0,0,Strategy TX:BASE,CDMX,cdmx,SISEPUEDE,0.0080583378990315,
0,0,2 - IPPU:C2H3F3,2 - IPPU,2 - IPPU,0.0082689802091848,2035,C2H3F3,0,0,Strategy TX:BASE,CDMX,cdmx,SISEPUEDE,0.0082689802091848,
0,0,2 - IPPU:C2H3F3,2 - IPPU,2 - IPPU,0.0084921140193332,2036,C2H3F3,0,0,Strategy TX:BASE,CDMX,cdmx,SISEPUEDE,0.0084921140193332,
0,0,2 - IPPU:C2H3F3,2 - IPPU,2 - IPPU,0.0087284459570104,2037,C2H3F3,0,0,Strategy TX:BASE,CDMX,cdmx,SISEPUEDE,0.0087284459570104,
0,0,2 - IPPU:C2H3F3,2 - IPPU,2 - IPPU,0.0089787364934469,2038,C2H3F3,0,0,Strategy TX:BASE,CDMX,cdmx,SISEPUEDE,0.0089787364934469,
0,0,2 - IPPU:C2H3F3,2 - IPPU,2 - IPPU,0.009242944721934,2039,C2H3F3,0,0,Strategy TX:BASE,CDMX,cdmx,SISEPUEDE,0.009242944721934,
0,0,2 - IPPU:C2H3F3,2 - IPPU,2 - IPPU,0.0095201676295462,2040,C2H3F3,0,0,Strategy TX:BASE,CDMX,cdmx,SISEPUEDE,0.0095201676295462,
0,0,2 - IPPU:C2H3F3,2 - IPPU,2 - IPPU,0.0098047102258652,2041,C2H3F3,0,0,Strategy TX:BASE,CDMX,cdmx,SISEPUEDE,0.0098047102258652,
0,0,2 - IPPU:C2H3F3,2 - IPPU,2 - IPPU,0.0100957064575468,2042,C2H3F3,0,0,Strategy TX:BASE,CDMX,cdmx,SISEPUEDE,0.0100957064575468,
0,0,2 - IPPU:C2H3F3,2 - IPPU,2 - IPPU,0.0103912575964834,2043,C2H3F3,0,0,Strategy TX:BASE,CDMX,cdmx,SISEPUEDE,0.0103912575964834,
0,0,2 - IPPU:C2H3F3,2 - IPPU,2 - IPPU,0.0106917447155952,2044,C2H3F3,0,0,Strategy TX:BASE,CDMX,cdmx,SISEPUEDE,0.0106917447155952,
0,0,2 - IPPU:C2H3F3,2 - IPPU,2 - IPPU,0.0109975737137628,2045,C2H3F3,0,0,Strategy TX:BASE,CDMX,cdmx,SISEPUEDE,0.0109975737137628,
0,0,2 - IPPU:C2H3F3,2 - IPPU,2 - IPPU,0.0113077784728515,2046,C2H3F3,0,0,Strategy TX:BASE,CDMX,cdmx,SISEPUEDE,0.0113077784728515,
0,0,2 - IPPU:C2H3F3,2 - IPPU,2 - IPPU,0.0116221835891853,2047,C2H3F3,0,0,Strategy TX:BASE,CDMX,cdmx,SISEPUEDE,0.0116221835891853,
0,0,2 - IPPU:C2H3F3,2 - IPPU,2 - IPPU,0.011942039444033,2048,C2H3F3,0,0,Strategy TX:BASE,CDMX,cdmx,SISEPUEDE,0.011942039444033,
0,0,2 - IPPU:C2H3F3,2 - IPPU,2 - IPPU,0.0122690220565337,2049,C2H3F3,0,0,Strategy TX:BASE,CDMX,cdmx,SISEPUEDE,0.0122690220565337,
0,0,2 - IPPU:C2H3F3,2 - IPPU,2 - IPPU,0.0126041045352038,2050,C2H3F3,0,0,Strategy TX:BASE,CDMX,cdmx,SISEPUEDE,0.0126041045352038,
0,0,2 - IPPU:C2H3F3,2 - IPPU,2 - IPPU,0.012946180351412,2051,C2H3F3,0,0,Strategy TX:BASE,CDMX,cdmx,SISEPUEDE,0.012946180351412,
0,0,2 - IPPU:C2H3F3,2 - IPPU,2 - IPPU,0.0132941706557869,2052,C2H3F3,0,0,Strategy TX:BASE,CDMX,cdmx,SISEPUEDE,0.0132941706557869,
0,0,2 - IPPU:C2H3F3,2 - IPPU,2 - IPPU,0.013645607282993,2053,C2H3F3,0,0,Strategy TX:BASE,CDMX,cdmx,SISEPUEDE,0.013645607282993,
0,0,2 - IPPU:C2H3F3,2 - IPPU,2 - IPPU,0.0140005405186701,2054,C2H3F3,0,0,Strategy TX:BASE,CDMX,cdmx,SISEPUEDE,0.0140005405186701,
0,0,2 - IPPU:C2H3F3,2 - IPPU,2 - IPPU,0.014356626847174,2055,C2H3F3,0,0,Strategy TX:BASE,CDMX,cdmx,SISEPUEDE,0.014356626847174,
0,0,2 - IPPU:C2H3F3,2 - IPPU,2 - IPPU,0.0147141292653373,2056,C2H3F3,0,0,Strategy TX:BASE,CDMX,cdmx,SISEPUEDE,0.0147141292653373,
0,0,2 - IPPU:C2H3F3,2 - IPPU,2 - IPPU,0.0150746505040577,2057,C2H3F3,0,0,Strategy TX:BASE,CDMX,cdmx,SISEPUEDE,0.0150746505040577,
0,0,2 - IPPU:C2H3F3,2 - IPPU,2 - IPPU,0.0154383836023564,2058,C2H3F3,0,0,Strategy TX:BASE,CDMX,cdmx,SISEPUEDE,0.0154383836023564,
0,0,2 - IPPU:C2H3F3,2 - IPPU,2 - IPPU,0.0158068772078931,2059,C2H3F3,0,0,Strategy TX:BASE,CDMX,cdmx,SISEPUEDE,0.0158068772078931,
0,0,2 - IPPU:C2H3F3,2 - IPPU,2 - IPPU,0.0161817332061583,2060,C2H3F3,0,0,Strategy TX:BASE,CDMX,cdmx,SISEPUEDE,0.0161817332061583,
0,0,2 - IPPU:C2HF5,2 - IPPU,2 - IPPU,0.0054267899448396,2022,C2HF5,0,0,Strategy TX:BASE,CDMX,cdmx,SISEPUEDE,0.0054267899448396,
0,0,2 - IPPU:C2HF5,2 - IPPU,2 - IPPU,0.0056039302643732,2023,C2HF5,0,0,Strategy TX:BASE,CDMX,cdmx,SISEPUEDE,0.0056039302643732,
0,0,2 - IPPU:C2HF5,2 - IPPU,2 - IPPU,0.0057380455556808,2024,C2HF5,0,0,Strategy TX:BASE,CDMX,cdmx,SISEPUEDE,0.0057380455556808,
0,0,2 - IPPU:C2HF5,2 - IPPU,2 - IPPU,0.0058215265427338,2025,C2HF5,0,0,Strategy TX:BASE,CDMX,cdmx,SISEPUEDE,0.0058215265427338,
0,0,2 - IPPU:C2HF5,2 - IPPU,2 - IPPU,0.0059354777991096,2026,C2HF5,0,0,Strategy TX:BASE,CDMX,cdmx,SISEPUEDE,0.0059354777991096,
0,0,2 - IPPU:C2HF5,2 - IPPU,2 - IPPU,0.0060589409832102,2027,C2HF5,0,0,Strategy TX:BASE,CDMX,cdmx,SISEPUEDE,0.0060589409832102,
0,0,2 - IPPU:C2HF5,2 - IPPU,2 - IPPU,0.006185302402935,2028,C2HF5,0,0,Strategy TX:BASE,CDMX,cdmx,SISEPUEDE,0.006185302402935,
0,0,2 - IPPU:C2HF5,2 - IPPU,2 - IPPU,0.0063143207386518,2029,C2HF5,0,0,Strategy TX:BASE,CDMX,cdmx,SISEPUEDE,0.0063143207386518,
0,0,2 - IPPU:C2HF5,2 - IPPU,2 - IPPU,0.006452689410681,2030,C2HF5,0,0,Strategy TX:BASE,CDMX,cdmx,SISEPUEDE,0.006452689410681,
0,0,2 - IPPU:C2HF5,2 - IPPU,2 - IPPU,0.006599549394505,2031,C2HF5,0,0,Strategy TX:BASE,CDMX,cdmx,SISEPUEDE,0.006599549394505,
0,0,2 - IPPU:C2HF5,2 - IPPU,2 - IPPU,0.0067553320975824,2032,C2HF5,0,0,Strategy TX:BASE,CDMX,cdmx,SISEPUEDE,0.0067553320975824,
0,0,2 - IPPU:C2HF5,2 - IPPU,2 - IPPU,0.0069205010005542,2033,C2HF5,0,0,Strategy TX:BASE,CDMX,cdmx,SISEPUEDE,0.0069205010005542,
0,0,2 - IPPU:C2HF5,2 - IPPU,2 - IPPU,0.0070955549004738,2034,C2HF5,0,0,Strategy TX:BASE,CDMX,cdmx,SISEPUEDE,0.0070955549004738,
0,0,2 - IPPU:C2HF5,2 - IPPU,2 - IPPU,0.007281030378765,2035,C2HF5,0,0,Strategy TX:BASE,CDMX,cdmx,SISEPUEDE,0.007281030378765,
0,0,2 - IPPU:C2HF5,2 - IPPU,2 - IPPU,0.0074775049148168,2036,C2HF5,0,0,Strategy TX:BASE,CDMX,cdmx,SISEPUEDE,0.0074775049148168,
0,0,2 - IPPU:C2HF5,2 - IPPU,2 - IPPU,0.0076856007106912,2037,C2HF5,0,0,Strategy TX:BASE,CDMX,cdmx,SISEPUEDE,0.0076856007106912,
0,0,2 - IPPU:C2HF5,2 - IPPU,2 - IPPU,0.0079059873790844,2038,C2HF5,0,0,Strategy TX:BASE,CDMX,cdmx,SISEPUEDE,0.0079059873790844,
0,0,2 - IPPU:C2HF5,2 - IPPU,2 - IPPU,0.008138628900683,2039,C2HF5,0,0,Strategy TX:BASE,CDMX,cdmx,SISEPUEDE,0.008138628900683,
0,0,2 - IPPU:C2HF5,2 - IPPU,2 - IPPU,0.0083827301514966,2040,C2HF5,0,0,Strategy TX:BASE,CDMX,cdmx,SISEPUEDE,0.0083827301514966,
0,0,2 - IPPU:C2HF5,2 - IPPU,2 - IPPU,0.0086332765593294,2041,C2HF5,0,0,Strategy TX:BASE,CDMX,cdmx,SISEPUEDE,0.0086332765593294,
0,0,2 - IPPU:C2HF5,2 - IPPU,2 - IPPU,0.008889505543966,2042,C2HF5,0,0,Strategy TX:BASE,CDMX,cdmx,SISEPUEDE,0.008889505543966,
0,0,2 - IPPU:C2HF5,2 - IPPU,2 - IPPU,0.009149745230921,2043,C2HF5,0,0,Strategy TX:BASE,CDMX,cdmx,SISEPUEDE,0.009149745230921,
0,0,2 - IPPU:C2HF5,2 - IPPU,2 - IPPU,0.0094143311638092,2044,C2HF5,0,0,Strategy TX:BASE,CDMX,cdmx,SISEPUEDE,0.0094143311638092,
0,0,2 - IPPU:C2HF5,2 - IPPU,2 - IPPU,0.0096836207460834,2045,C2HF5,0,0,Strategy TX:BASE,CDMX,cdmx,SISEPUEDE,0.0096836207460834,
0,0,2 - IPPU:C2HF5,2 - IPPU,2 - IPPU,0.0099567632881412,2046,C2HF5,0,0,Strategy TX:BASE,CDMX,cdmx,SISEPUEDE,0.0099567632881412,
0,0,2 - IPPU:C2HF5,2 - IPPU,2 - IPPU,0.0102336043429454,2047,C2HF5,0,0,Strategy TX:BASE,CDMX,cdmx,SISEPUEDE,0.0102336043429454,
0,0,2 - IPPU:C2HF5,2 - IPPU,2 - IPPU,0.0105152449004334,2048,C2HF5,0,0,Strategy TX:BASE,CDMX,cdmx,SISEPUEDE,0.0105152449004334,
0,0,2 - IPPU:C2HF5,2 - IPPU,2 - IPPU,0.0108031607346376,2049,C2HF5,0,0,Strategy TX:BASE,CDMX,cdmx,SISEPUEDE,0.0108031607346376,
0,0,2 - IPPU:C2HF5,2 - IPPU,2 - IPPU,0.0110982086903552,2050,C2HF5,0,0,Strategy TX:BASE,CDMX,cdmx,SISEPUEDE,0.0110982086903552,
0,0,2 - IPPU:C2HF5,2 - IPPU,2 - IPPU,0.0113994144432588,2051,C2HF5,0,0,Strategy TX:BASE,CDMX,cdmx,SISEPUEDE,0.0113994144432588,
0,0,2 - IPPU:C2HF5,2 - IPPU,2 - IPPU,0.0117058280412566,2052,C2HF5,0,0,Strategy TX:BASE,CDMX,cdmx,SISEPUEDE,0.0117058280412566,
0,0,2 - IPPU:C2HF5,2 - IPPU,2 - IPPU,0.0120152762070724,2053,C2HF5,0,0,Strategy TX:BASE,CDMX,cdmx,SISEPUEDE,0.0120152762070724,
0,0,2 - IPPU:C2HF5,2 - IPPU,2 - IPPU,0.0123278032183872,2054,C2HF5,0,0,Strategy TX:BASE,CDMX,cdmx,SISEPUEDE,0.0123278032183872,
0,0,2 - IPPU:C2HF5,2 - IPPU,2 - IPPU,0.012641345554892,2055,C2HF5,0,0,Strategy TX:BASE,CDMX,cdmx,SISEPUEDE,0.012641345554892,
0,0,2 - IPPU:C2HF5,2 - IPPU,2 - IPPU,0.012956134791446,2056,C2HF5,0,0,Strategy TX:BASE,CDMX,cdmx,SISEPUEDE,0.012956134791446,
0,0,2 - IPPU:C2HF5,2 - IPPU,2 - IPPU,0.0132735821700716,2057,C2HF5,0,0,Strategy TX:BASE,CDMX,cdmx,SISEPUEDE,0.0132735821700716,
0,0,2 - IPPU:C2HF5,2 - IPPU,2 - IPPU,0.01359385766614,2058,C2HF5,0,0,Strategy TX:BASE,CDMX,cdmx,SISEPUEDE,0.01359385766614,
0,0,2 - IPPU:C2HF5,2 - IPPU,2 - IPPU,0.0139183249001178,2059,C2HF5,0,0,Strategy TX:BASE,CDMX,cdmx,SISEPUEDE,0.0139183249001178,
0,0,2 - IPPU:C2HF5,2 - IPPU,2 - IPPU,0.0142483943696276,2060,C2HF5,0,0,Strategy TX:BASE,CDMX,cdmx,SISEPUEDE,0.0142483943696276,
0,0,2 - IPPU:C3H3F5,2 - IPPU,2 - IPPU,0.001054916018037,2022,C3H3F5,0,0,Strategy TX:BASE,CDMX,cdmx,SISEPUEDE,0.001054916018037,
0,0,2 - IPPU:C3H3F5,2 - IPPU,2 - IPPU,0.0010893504005016,2023,C3H3F5,0,0,Strategy TX:BASE,CDMX,cdmx,SISEPUEDE,0.0010893504005016,
0,0,2 - IPPU:C3H3F5,2 - IPPU,2 - IPPU,0.0011154211293306,2024,C3H3F5,0,0,Strategy TX:BASE,CDMX,cdmx,SISEPUEDE,0.0011154211293306,
0,0,2 - IPPU:C3H3F5,2 - IPPU,2 - IPPU,0.0011316490341028,2025,C3H3F5,0,0,Strategy TX:BASE,CDMX,cdmx,SISEPUEDE,0.0011316490341028,
0,0,2 - IPPU:C3H3F5,2 - IPPU,2 - IPPU,0.0011538000675588,2026,C3H3F5,0,0,Strategy TX:BASE,CDMX,cdmx,SISEPUEDE,0.0011538000675588,
0,0,2 - IPPU:C3H3F5,2 - IPPU,2 - IPPU,0.0011778001287126,2027,C3H3F5,0,0,Strategy TX:BASE,CDMX,cdmx,SISEPUEDE,0.0011778001287126,
0,0,2 - IPPU:C3H3F5,2 - IPPU,2 - IPPU,0.001202363579129,2028,C3H3F5,0,0,Strategy TX:BASE,CDMX,cdmx,SISEPUEDE,0.001202363579129,
0,0,2 - IPPU:C3H3F5,2 - IPPU,2 - IPPU,0.0012274435085812,2029,C3H3F5,0,0,Strategy TX:BASE,CDMX,cdmx,SISEPUEDE,0.0012274435085812,
0,0,2 - IPPU:C3H3F5,2 - IPPU,2 - IPPU,0.0012543410539076,2030,C3H3F5,0,0,Strategy TX:BASE,CDMX,cdmx,SISEPUEDE,0.0012543410539076,
0,0,2 - IPPU:C3H3F5,2 - IPPU,2 - IPPU,0.0012828892289648,2031,C3H3F5,0,0,Strategy TX:BASE,CDMX,cdmx,SISEPUEDE,0.0012828892289648,
0,0,2 - IPPU:C3H3F5,2 - IPPU,2 - IPPU,0.0013131718952334,2032,C3H3F5,0,0,Strategy TX:BASE,CDMX,cdmx,SISEPUEDE,0.0013131718952334,
0,0,2 - IPPU:C3H3F5,2 - IPPU,2 - IPPU,0.0013452791489134,2033,C3H3F5,0,0,Strategy TX:BASE,CDMX,cdmx,SISEPUEDE,0.0013452791489134,
0,0,2 - IPPU:C3H3F5,2 - IPPU,2 - IPPU,0.001379307951377,2034,C3H3F5,0,0,Strategy TX:BASE,CDMX,cdmx,SISEPUEDE,0.001379307951377,
0,0,2 - IPPU:C3H3F5,2 - IPPU,2 - IPPU,0.001415362608917,2035,C3H3F5,0,0,Strategy TX:BASE,CDMX,cdmx,SISEPUEDE,0.001415362608917,
0,0,2 - IPPU:C3H3F5,2 - IPPU,2 - IPPU,0.0014535553779986,2036,C3H3F5,0,0,Strategy TX:BASE,CDMX,cdmx,SISEPUEDE,0.0014535553779986,
0,0,2 - IPPU:C3H3F5,2 - IPPU,2 - IPPU,0.0014940072087466,2037,C3H3F5,0,0,Strategy TX:BASE,CDMX,cdmx,SISEPUEDE,0.0014940072087466,
0,0,2 - IPPU:C3H3F5,2 - IPPU,2 - IPPU,0.0015368482674596,2038,C3H3F5,0,0,Strategy TX:BASE,CDMX,cdmx,SISEPUEDE,0.0015368482674596,
0,0,2 - IPPU:C3H3F5,2 - IPPU,2 - IPPU,0.0015820715523278,2039,C3H3F5,0,0,Strategy TX:BASE,CDMX,cdmx,SISEPUEDE,0.0015820715523278,
0,0,2 - IPPU:C3H3F5,2 - IPPU,2 - IPPU,0.0016295224988584,2040,C3H3F5,0,0,Strategy TX:BASE,CDMX,cdmx,SISEPUEDE,0.0016295224988584,
0,0,2 - IPPU:C3H3F5,2 - IPPU,2 - IPPU,0.0016782263222184,2041,C3H3F5,0,0,Strategy TX:BASE,CDMX,cdmx,SISEPUEDE,0.0016782263222184,
0,0,2 - IPPU:C3H3F5,2 - IPPU,2 - IPPU,0.0017280347841132,2042,C3H3F5,0,0,Strategy TX:BASE,CDMX,cdmx,SISEPUEDE,0.0017280347841132,
0,0,2 - IPPU:C3H3F5,2 - IPPU,2 - IPPU,0.0017786228881466,2043,C3H3F5,0,0,Strategy TX:BASE,CDMX,cdmx,SISEPUEDE,0.0017786228881466,
0,0,2 - IPPU:C3H3F5,2 - IPPU,2 - IPPU,0.0018300558607858,2044,C3H3F5,0,0,Strategy TX:BASE,CDMX,cdmx,SISEPUEDE,0.0018300558607858,
0,0,2 - IPPU:C3H3F5,2 - IPPU,2 - IPPU,0.0018824031778404,2045,C3H3F5,0,0,Strategy TX:BASE,CDMX,cdmx,SISEPUEDE,0.0018824031778404,
0,0,2 - IPPU:C3H3F5,2 - IPPU,2 - IPPU,0.001935499473395,2046,C3H3F5,0,0,Strategy TX:BASE,CDMX,cdmx,SISEPUEDE,0.001935499473395,
0,0,2 - IPPU:C3H3F5,2 - IPPU,2 - IPPU,0.001989314724424,2047,C3H3F5,0,0,Strategy TX:BASE,CDMX,cdmx,SISEPUEDE,0.001989314724424,
0,0,2 - IPPU:C3H3F5,2 - IPPU,2 - IPPU,0.0020440629528322,2048,C3H3F5,0,0,Strategy TX:BASE,CDMX,cdmx,SISEPUEDE,0.0020440629528322,
0,0,2 - IPPU:C3H3F5,2 - IPPU,2 - IPPU,0.0021000310349646,2049,C3H3F5,0,0,Strategy TX:BASE,CDMX,cdmx,SISEPUEDE,0.0021000310349646,
0,0,2 - IPPU:C3H3F5,2 - IPPU,2 - IPPU,0.002157385533248,2050,C3H3F5,0,0,Strategy TX:BASE,CDMX,cdmx,SISEPUEDE,0.002157385533248,
0,0,2 - IPPU:C3H3F5,2 - IPPU,2 - IPPU,0.0022159370483596,2051,C3H3F5,0,0,Strategy TX:BASE,CDMX,cdmx,SISEPUEDE,0.0022159370483596,
0,0,2 - IPPU:C3H3F5,2 - IPPU,2 - IPPU,0.0022755009187062,2052,C3H3F5,0,0,Strategy TX:BASE,CDMX,cdmx,SISEPUEDE,0.0022755009187062,
0,0,2 - IPPU:C3H3F5,2 - IPPU,2 - IPPU,0.0023356546799886,2053,C3H3F5,0,0,Strategy TX:BASE,CDMX,cdmx,SISEPUEDE,0.0023356546799886,
0,0,2 - IPPU:C3H3F5,2 - IPPU,2 - IPPU,0.002396406939364,2054,C3H3F5,0,0,Strategy TX:BASE,CDMX,cdmx,SISEPUEDE,0.002396406939364,
0,0,2 - IPPU:C3H3F5,2 - IPPU,2 - IPPU,0.0024573565682374,2055,C3H3F5,0,0,Strategy TX:BASE,CDMX,cdmx,SISEPUEDE,0.0024573565682374,
0,0,2 - IPPU:C3H3F5,2 - IPPU,2 - IPPU,0.0025185485825446,2056,C3H3F5,0,0,Strategy TX:BASE,CDMX,cdmx,SISEPUEDE,0.0025185485825446,
0,0,2 - IPPU:C3H3F5,2 - IPPU,2 - IPPU,0.0025802573142256,2057,C3H3F5,0,0,Strategy TX:BASE,CDMX,cdmx,SISEPUEDE,0.0025802573142256,
0,0,2 - IPPU:C3H3F5,2 - IPPU,2 - IPPU,0.0026425158048658,2058,C3H3F5,0,0,Strategy TX:BASE,CDMX,cdmx,SISEPUEDE,0.0026425158048658,
0,0,2 - IPPU:C3H3F5,2 - IPPU,2 - IPPU,0.0027055891292308,2059,C3H3F5,0,0,Strategy TX:BASE,CDMX,cdmx,SISEPUEDE,0.0027055891292308,
0,0,2 - IPPU:C3H3F5,2 - IPPU,2 - IPPU,0.0027697514745566,2060,C3H3F5,0,0,Strategy TX:BASE,CDMX,cdmx,SISEPUEDE,0.0027697514745566,
0,0,2 - IPPU:C4H5F5,2 - IPPU,2 - IPPU,9.977744406264086e-05,2022,C4H5F5,0,0,Strategy TX:BASE,CDMX,cdmx,SISEPUEDE,9.977744406264086e-05,
0,0,2 - IPPU:C4H5F5,2 - IPPU,2 - IPPU,0.0001030343617806,2023,C4H5F5,0,0,Strategy TX:BASE,CDMX,cdmx,SISEPUEDE,0.0001030343617806,
0,0,2 - IPPU:C4H5F5,2 - IPPU,2 - IPPU,0.0001055002174914,2024,C4H5F5,0,0,Strategy TX:BASE,CDMX,cdmx,SISEPUEDE,0.0001055002174914,
0,0,2 - IPPU:C4H5F5,2 - IPPU,2 - IPPU,0.0001070351063669,2025,C4H5F5,0,0,Strategy TX:BASE,CDMX,cdmx,SISEPUEDE,0.0001070351063669,
0,0,2 - IPPU:C4H5F5,2 - IPPU,2 - IPPU,0.0001091302243324,2026,C4H5F5,0,0,Strategy TX:BASE,CDMX,cdmx,SISEPUEDE,0.0001091302243324,
0,0,2 - IPPU:C4H5F5,2 - IPPU,2 - IPPU,0.0001114002294498,2027,C4H5F5,0,0,Strategy TX:BASE,CDMX,cdmx,SISEPUEDE,0.0001114002294498,
0,0,2 - IPPU:C4H5F5,2 - IPPU,2 - IPPU,0.0001137235217858,2028,C4H5F5,0,0,Strategy TX:BASE,CDMX,cdmx,SISEPUEDE,0.0001137235217858,
0,0,2 - IPPU:C4H5F5,2 - IPPU,2 - IPPU,0.0001160956644163,2029,C4H5F5,0,0,Strategy TX:BASE,CDMX,cdmx,SISEPUEDE,0.0001160956644163,
0,0,2 - IPPU:C4H5F5,2 - IPPU,2 - IPPU,0.0001186397231645,2030,C4H5F5,0,0,Strategy TX:BASE,CDMX,cdmx,SISEPUEDE,0.0001186397231645,
0,0,2 - IPPU:C4H5F5,2 - IPPU,2 - IPPU,0.0001213399039288,2031,C4H5F5,0,0,Strategy TX:BASE,CDMX,cdmx,SISEPUEDE,0.0001213399039288,
0,0,2 - IPPU:C4H5F5,2 - IPPU,2 - IPPU,0.0001242041386053,2032,C4H5F5,0,0,Strategy TX:BASE,CDMX,cdmx,SISEPUEDE,0.0001242041386053,
0,0,2 - IPPU:C4H5F5,2 - IPPU,2 - IPPU,0.0001272409487905,2033,C4H5F5,0,0,Strategy TX:BASE,CDMX,cdmx,SISEPUEDE,0.0001272409487905,
0,0,2 - IPPU:C4H5F5,2 - IPPU,2 - IPPU,0.0001304595054114,2034,C4H5F5,0,0,Strategy TX:BASE,CDMX,cdmx,SISEPUEDE,0.0001304595054114,
0,0,2 - IPPU:C4H5F5,2 - IPPU,2 - IPPU,0.0001338696741019,2035,C4H5F5,0,0,Strategy TX:BASE,CDMX,cdmx,SISEPUEDE,0.0001338696741019,
0,0,2 - IPPU:C4H5F5,2 - IPPU,2 - IPPU,0.0001374820724497,2036,C4H5F5,0,0,Strategy TX:BASE,CDMX,cdmx,SISEPUEDE,0.0001374820724497,
0,0,2 - IPPU:C4H5F5,2 - IPPU,2 - IPPU,0.0001413081403174,2037,C4H5F5,0,0,Strategy TX:BASE,CDMX,cdmx,SISEPUEDE,0.0001413081403174,
0,0,2 - IPPU:C4H5F5,2 - IPPU,2 - IPPU,0.0001453601892637,2038,C4H5F5,0,0,Strategy TX:BASE,CDMX,cdmx,SISEPUEDE,0.0001453601892637,
0,0,2 - IPPU:C4H5F5,2 - IPPU,2 - IPPU,0.0001496375570343,2039,C4H5F5,0,0,Strategy TX:BASE,CDMX,cdmx,SISEPUEDE,0.0001496375570343,
0,0,2 - IPPU:C4H5F5,2 - IPPU,2 - IPPU,0.0001541256244086,2040,C4H5F5,0,0,Strategy TX:BASE,CDMX,cdmx,SISEPUEDE,0.0001541256244086,
0,0,2 - IPPU:C4H5F5,2 - IPPU,2 - IPPU,0.0001587321930149,2041,C4H5F5,0,0,Strategy TX:BASE,CDMX,cdmx,SISEPUEDE,0.0001587321930149,
0,0,2 - IPPU:C4H5F5,2 - IPPU,2 - IPPU,0.0001634432419852,2042,C4H5F5,0,0,Strategy TX:BASE,CDMX,cdmx,SISEPUEDE,0.0001634432419852,
0,0,2 - IPPU:C4H5F5,2 - IPPU,2 - IPPU,0.0001682280320862,2043,C4H5F5,0,0,Strategy TX:BASE,CDMX,cdmx,SISEPUEDE,0.0001682280320862,
0,0,2 - IPPU:C4H5F5,2 - IPPU,2 - IPPU,0.0001730927326526,2044,C4H5F5,0,0,Strategy TX:BASE,CDMX,cdmx,SISEPUEDE,0.0001730927326526,
0,0,2 - IPPU:C4H5F5,2 - IPPU,2 - IPPU,0.0001780439149362,2045,C4H5F5,0,0,Strategy TX:BASE,CDMX,cdmx,SISEPUEDE,0.0001780439149362,
0,0,2 - IPPU:C4H5F5,2 - IPPU,2 - IPPU,0.0001830659380822,2046,C4H5F5,0,0,Strategy TX:BASE,CDMX,cdmx,SISEPUEDE,0.0001830659380822,
0,0,2 - IPPU:C4H5F5,2 - IPPU,2 - IPPU,0.0001881559624135,2047,C4H5F5,0,0,Strategy TX:BASE,CDMX,cdmx,SISEPUEDE,0.0001881559624135,
0,0,2 - IPPU:C4H5F5,2 - IPPU,2 - IPPU,0.0001933342308293,2048,C4H5F5,0,0,Strategy TX:BASE,CDMX,cdmx,SISEPUEDE,0.0001933342308293,
0,0,2 - IPPU:C4H5F5,2 - IPPU,2 - IPPU,0.0001986278770426,2049,C4H5F5,0,0,Strategy TX:BASE,CDMX,cdmx,SISEPUEDE,0.0001986278770426,
0,0,2 - IPPU:C4H5F5,2 - IPPU,2 - IPPU,0.0002040526550784,2050,C4H5F5,0,0,Strategy TX:BASE,CDMX,cdmx,SISEPUEDE,0.0002040526550784,
0,0,2 - IPPU:C4H5F5,2 - IPPU,2 - IPPU,0.0002095906509225,2051,C4H5F5,0,0,Strategy TX:BASE,CDMX,cdmx,SISEPUEDE,0.0002095906509225,
0,0,2 - IPPU:C4H5F5,2 - IPPU,2 - IPPU,0.0002152243986712,2052,C4H5F5,0,0,Strategy TX:BASE,CDMX,cdmx,SISEPUEDE,0.0002152243986712,
0,0,2 - IPPU:C4H5F5,2 - IPPU,2 - IPPU,0.0002209139402545,2053,C4H5F5,0,0,Strategy TX:BASE,CDMX,cdmx,SISEPUEDE,0.0002209139402545,
0,0,2 - IPPU:C4H5F5,2 - IPPU,2 - IPPU,0.0002266600897658,2054,C4H5F5,0,0,Strategy TX:BASE,CDMX,cdmx,SISEPUEDE,0.0002266600897658,
0,0,2 - IPPU:C4H5F5,2 - IPPU,2 - IPPU,0.0002324249071367,2055,C4H5F5,0,0,Strategy TX:BASE,CDMX,cdmx,SISEPUEDE,0.0002324249071367,
0,0,2 - IPPU:C4H5F5,2 - IPPU,2 - IPPU,0.000238212650123,2056,C4H5F5,0,0,Strategy TX:BASE,CDMX,cdmx,SISEPUEDE,0.000238212650123,
0,0,2 - IPPU:C4H5F5,2 - IPPU,2 - IPPU,0.0002440492659467,2057,C4H5F5,0,0,Strategy TX:BASE,CDMX,cdmx,SISEPUEDE,0.0002440492659467,
0,0,2 - IPPU:C4H5F5,2 - IPPU,2 - IPPU,0.0002499378797899,2058,C4H5F5,0,0,Strategy TX:BASE,CDMX,cdmx,SISEPUEDE,0.0002499378797899,
0,0,2 - IPPU:C4H5F5,2 - IPPU,2 - IPPU,0.0002559035633003,2059,C4H5F5,0,0,Strategy TX:BASE,CDMX,cdmx,SISEPUEDE,0.0002559035633003,
0,0,2 - IPPU:C4H5F5,2 - IPPU,2 - IPPU,0.000261972250013,2060,C4H5F5,0,0,Strategy TX:BASE,CDMX,cdmx,SISEPUEDE,0.000261972250013,
0,0,2 - IPPU:C5H2F10,2 - IPPU,2 - IPPU,2.5966069720242165e-05,2022,C5H2F10,0,0,Strategy TX:BASE,CDMX,cdmx,SISEPUEDE,2.5966069720242165e-05,
0,0,2 - IPPU:C5H2F10,2 - IPPU,2 - IPPU,2.6813649584955425e-05,2023,C5H2F10,0,0,Strategy TX:BASE,CDMX,cdmx,SISEPUEDE,2.6813649584955425e-05,
0,0,2 - IPPU:C5H2F10,2 - IPPU,2 - IPPU,2.745536357057834e-05,2024,C5H2F10,0,0,Strategy TX:BASE,CDMX,cdmx,SISEPUEDE,2.745536357057834e-05,
0,0,2 - IPPU:C5H2F10,2 - IPPU,2 - IPPU,2.785480286197631e-05,2025,C5H2F10,0,0,Strategy TX:BASE,CDMX,cdmx,SISEPUEDE,2.785480286197631e-05,
0,0,2 - IPPU:C5H2F10,2 - IPPU,2 - IPPU,2.840003610259145e-05,2026,C5H2F10,0,0,Strategy TX:BASE,CDMX,cdmx,SISEPUEDE,2.840003610259145e-05,
0,0,2 - IPPU:C5H2F10,2 - IPPU,2 - IPPU,2.899078195397412e-05,2027,C5H2F10,0,0,Strategy TX:BASE,CDMX,cdmx,SISEPUEDE,2.899078195397412e-05,
0,0,2 - IPPU:C5H2F10,2 - IPPU,2 - IPPU,2.9595395264582523e-05,2028,C5H2F10,0,0,Strategy TX:BASE,CDMX,cdmx,SISEPUEDE,2.9595395264582523e-05,
0,0,2 - IPPU:C5H2F10,2 - IPPU,2 - IPPU,3.021272136978699e-05,2029,C5H2F10,0,0,Strategy TX:BASE,CDMX,cdmx,SISEPUEDE,3.021272136978699e-05,
0,0,2 - IPPU:C5H2F10,2 - IPPU,2 - IPPU,3.0874786904205746e-05,2030,C5H2F10,0,0,Strategy TX:BASE,CDMX,cdmx,SISEPUEDE,3.0874786904205746e-05,
0,0,2 - IPPU:C5H2F10,2 - IPPU,2 - IPPU,3.157748161283627e-05,2031,C5H2F10,0,0,Strategy TX:BASE,CDMX,cdmx,SISEPUEDE,3.157748161283627e-05,
0,0,2 - IPPU:C5H2F10,2 - IPPU,2 - IPPU,3.232286969131875e-05,2032,C5H2F10,0,0,Strategy TX:BASE,CDMX,cdmx,SISEPUEDE,3.232286969131875e-05,
0,0,2 - IPPU:C5H2F10,2 - IPPU,2 - IPPU,3.3113168798852764e-05,2033,C5H2F10,0,0,Strategy TX:BASE,CDMX,cdmx,SISEPUEDE,3.3113168798852764e-05,
0,0,2 - IPPU:C5H2F10,2 - IPPU,2 - IPPU,3.395076557638021e-05,2034,C5H2F10,0,0,Strategy TX:BASE,CDMX,cdmx,SISEPUEDE,3.395076557638021e-05,
0,0,2 - IPPU:C5H2F10,2 - IPPU,2 - IPPU,3.483822745525494e-05,2035,C5H2F10,0,0,Strategy TX:BASE,CDMX,cdmx,SISEPUEDE,3.483822745525494e-05,
0,0,2 - IPPU:C5H2F10,2 - IPPU,2 - IPPU,3.5778317555152694e-05,2036,C5H2F10,0,0,Strategy TX:BASE,CDMX,cdmx,SISEPUEDE,3.5778317555152694e-05,
0,0,2 - IPPU:C5H2F10,2 - IPPU,2 - IPPU,3.677401298451103e-05,2037,C5H2F10,0,0,Strategy TX:BASE,CDMX,cdmx,SISEPUEDE,3.677401298451103e-05,
0,0,2 - IPPU:C5H2F10,2 - IPPU,2 - IPPU,3.782851770186264e-05,2038,C5H2F10,0,0,Strategy TX:BASE,CDMX,cdmx,SISEPUEDE,3.782851770186264e-05,
0,0,2 - IPPU:C5H2F10,2 - IPPU,2 - IPPU,3.894165936222849e-05,2039,C5H2F10,0,0,Strategy TX:BASE,CDMX,cdmx,SISEPUEDE,3.894165936222849e-05,
0,0,2 - IPPU:C5H2F10,2 - IPPU,2 - IPPU,4.010963346143774e-05,2040,C5H2F10,0,0,Strategy TX:BASE,CDMX,cdmx,SISEPUEDE,4.010963346143774e-05,
0,0,2 - IPPU:C5H2F10,2 - IPPU,2 - IPPU,4.1308446306612786e-05,2041,C5H2F10,0,0,Strategy TX:BASE,CDMX,cdmx,SISEPUEDE,4.1308446306612786e-05,
0,0,2 - IPPU:C5H2F10,2 - IPPU,2 - IPPU,4.2534449108830965e-05,2042,C5H2F10,0,0,Strategy TX:BASE,CDMX,cdmx,SISEPUEDE,4.2534449108830965e-05,
0,0,2 - IPPU:C5H2F10,2 - IPPU,2 - IPPU,4.377964229377734e-05,2043,C5H2F10,0,0,Strategy TX:BASE,CDMX,cdmx,SISEPUEDE,4.377964229377734e-05,
0,0,2 - IPPU:C5H2F10,2 - IPPU,2 - IPPU,4.504563136838673e-05,2044,C5H2F10,0,0,Strategy TX:BASE,CDMX,cdmx,SISEPUEDE,4.504563136838673e-05,
0,0,2 - IPPU:C5H2F10,2 - IPPU,2 - IPPU,4.6334126434409675e-05,2045,C5H2F10,0,0,Strategy TX:BASE,CDMX,cdmx,SISEPUEDE,4.6334126434409675e-05,
0,0,2 - IPPU:C5H2F10,2 - IPPU,2 - IPPU,4.7641057117691544e-05,2046,C5H2F10,0,0,Strategy TX:BASE,CDMX,cdmx,SISEPUEDE,4.7641057117691544e-05,
0,0,2 - IPPU:C5H2F10,2 - IPPU,2 - IPPU,4.896568442103974e-05,2047,C5H2F10,0,0,Strategy TX:BASE,CDMX,cdmx,SISEPUEDE,4.896568442103974e-05,
0,0,2 - IPPU:C5H2F10,2 - IPPU,2 - IPPU,5.031327635404545e-05,2048,C5H2F10,0,0,Strategy TX:BASE,CDMX,cdmx,SISEPUEDE,5.031327635404545e-05,
0,0,2 - IPPU:C5H2F10,2 - IPPU,2 - IPPU,5.169089419083251e-05,2049,C5H2F10,0,0,Strategy TX:BASE,CDMX,cdmx,SISEPUEDE,5.169089419083251e-05,
0,0,2 - IPPU:C5H2F10,2 - IPPU,2 - IPPU,5.310263775689059e-05,2050,C5H2F10,0,0,Strategy TX:BASE,CDMX,cdmx,SISEPUEDE,5.310263775689059e-05,
0,0,2 - IPPU:C5H2F10,2 - IPPU,2 - IPPU,5.454384511142846e-05,2051,C5H2F10,0,0,Strategy TX:BASE,CDMX,cdmx,SISEPUEDE,5.454384511142846e-05,
0,0,2 - IPPU:C5H2F10,2 - IPPU,2 - IPPU,5.600997092976922e-05,2052,C5H2F10,0,0,Strategy TX:BASE,CDMX,cdmx,SISEPUEDE,5.600997092976922e-05,
0,0,2 - IPPU:C5H2F10,2 - IPPU,2 - IPPU,5.749061652874092e-05,2053,C5H2F10,0,0,Strategy TX:BASE,CDMX,cdmx,SISEPUEDE,5.749061652874092e-05,
0,0,2 - IPPU:C5H2F10,2 - IPPU,2 - IPPU,5.898599376790927e-05,2054,C5H2F10,0,0,Strategy TX:BASE,CDMX,cdmx,SISEPUEDE,5.898599376790927e-05,
0,0,2 - IPPU:C5H2F10,2 - IPPU,2 - IPPU,6.048622912853417e-05,2055,C5H2F10,0,0,Strategy TX:BASE,CDMX,cdmx,SISEPUEDE,6.048622912853417e-05,
0,0,2 - IPPU:C5H2F10,2 - IPPU,2 - IPPU,6.199243064851628e-05,2056,C5H2F10,0,0,Strategy TX:BASE,CDMX,cdmx,SISEPUEDE,6.199243064851628e-05,
0,0,2 - IPPU:C5H2F10,2 - IPPU,2 - IPPU,6.35113508296335e-05,2057,C5H2F10,0,0,Strategy TX:BASE,CDMX,cdmx,SISEPUEDE,6.35113508296335e-05,
0,0,2 - IPPU:C5H2F10,2 - IPPU,2 - IPPU,6.504380296895064e-05,2058,C5H2F10,0,0,Strategy TX:BASE,CDMX,cdmx,SISEPUEDE,6.504380296895064e-05,
0,0,2 - IPPU:C5H2F10,2 - IPPU,2 - IPPU,6.659631170893192e-05,2059,C5H2F10,0,0,Strategy TX:BASE,CDMX,cdmx,SISEPUEDE,6.659631170893192e-05,
0,0,2 - IPPU:C5H2F10,2 - IPPU,2 - IPPU,6.817562598955222e-05,2060,C5H2F10,0,0,Strategy TX:BASE,CDMX,cdmx,SISEPUEDE,6.817562598955222e-05,
0,0,2 - IPPU:CH2F2,2 - IPPU,2 - IPPU,0.0004263140321264,2022,CH2F2,0,0,Strategy TX:BASE,CDMX,cdmx,SISEPUEDE,0.0004263140321264,
0,0,2 - IPPU:CH2F2,2 - IPPU,2 - IPPU,0.0004402296995172,2023,CH2F2,0,0,Strategy TX:BASE,CDMX,cdmx,SISEPUEDE,0.0004402296995172,
0,0,2 - IPPU:CH2F2,2 - IPPU,2 - IPPU,0.0004507654363319,2024,CH2F2,0,0,Strategy TX:BASE,CDMX,cdmx,SISEPUEDE,0.0004507654363319,
0,0,2 - IPPU:CH2F2,2 - IPPU,2 - IPPU,0.0004573234782974,2025,CH2F2,0,0,Strategy TX:BASE,CDMX,cdmx,SISEPUEDE,0.0004573234782974,
0,0,2 - IPPU:CH2F2,2 - IPPU,2 - IPPU,0.000466275182724,2026,CH2F2,0,0,Strategy TX:BASE,CDMX,cdmx,SISEPUEDE,0.000466275182724,
0,0,2 - IPPU:CH2F2,2 - IPPU,2 - IPPU,0.0004759741186268,2027,CH2F2,0,0,Strategy TX:BASE,CDMX,cdmx,SISEPUEDE,0.0004759741186268,
0,0,2 - IPPU:CH2F2,2 - IPPU,2 - IPPU,0.0004859007321305,2028,CH2F2,0,0,Strategy TX:BASE,CDMX,cdmx,SISEPUEDE,0.0004859007321305,
0,0,2 - IPPU:CH2F2,2 - IPPU,2 - IPPU,0.0004960360658134,2029,CH2F2,0,0,Strategy TX:BASE,CDMX,cdmx,SISEPUEDE,0.0004960360658134,
0,0,2 - IPPU:CH2F2,2 - IPPU,2 - IPPU,0.0005069059367854,2030,CH2F2,0,0,Strategy TX:BASE,CDMX,cdmx,SISEPUEDE,0.0005069059367854,
0,0,2 - IPPU:CH2F2,2 - IPPU,2 - IPPU,0.0005184428623894,2031,CH2F2,0,0,Strategy TX:BASE,CDMX,cdmx,SISEPUEDE,0.0005184428623894,
0,0,2 - IPPU:CH2F2,2 - IPPU,2 - IPPU,0.0005306807328357,2032,CH2F2,0,0,Strategy TX:BASE,CDMX,cdmx,SISEPUEDE,0.0005306807328357,
0,0,2 - IPPU:CH2F2,2 - IPPU,2 - IPPU,0.0005436559579179,2033,CH2F2,0,0,Strategy TX:BASE,CDMX,cdmx,SISEPUEDE,0.0005436559579179,
0,0,2 - IPPU:CH2F2,2 - IPPU,2 - IPPU,0.0005574077217917,2034,CH2F2,0,0,Strategy TX:BASE,CDMX,cdmx,SISEPUEDE,0.0005574077217917,
0,0,2 - IPPU:CH2F2,2 - IPPU,2 - IPPU,0.0005719781768516,2035,CH2F2,0,0,Strategy TX:BASE,CDMX,cdmx,SISEPUEDE,0.0005719781768516,
0,0,2 - IPPU:CH2F2,2 - IPPU,2 - IPPU,0.0005874126883263,2036,CH2F2,0,0,Strategy TX:BASE,CDMX,cdmx,SISEPUEDE,0.0005874126883263,
0,0,2 - IPPU:CH2F2,2 - IPPU,2 - IPPU,0.0006037601347374,2037,CH2F2,0,0,Strategy TX:BASE,CDMX,cdmx,SISEPUEDE,0.0006037601347374,
0,0,2 - IPPU:CH2F2,2 - IPPU,2 - IPPU,0.0006210731190586,2038,CH2F2,0,0,Strategy TX:BASE,CDMX,cdmx,SISEPUEDE,0.0006210731190586,
0,0,2 - IPPU:CH2F2,2 - IPPU,2 - IPPU,0.0006393488117095,2039,CH2F2,0,0,Strategy TX:BASE,CDMX,cdmx,SISEPUEDE,0.0006393488117095,
0,0,2 - IPPU:CH2F2,2 - IPPU,2 - IPPU,0.0006585247498864,2040,CH2F2,0,0,Strategy TX:BASE,CDMX,cdmx,SISEPUEDE,0.0006585247498864,
0,0,2 - IPPU:CH2F2,2 - IPPU,2 - IPPU,0.0006782070022757,2041,CH2F2,0,0,Strategy TX:BASE,CDMX,cdmx,SISEPUEDE,0.0006782070022757,
0,0,2 - IPPU:CH2F2,2 - IPPU,2 - IPPU,0.0006983356626253,2042,CH2F2,0,0,Strategy TX:BASE,CDMX,cdmx,SISEPUEDE,0.0006983356626253,
0,0,2 - IPPU:CH2F2,2 - IPPU,2 - IPPU,0.0007187793929692,2043,CH2F2,0,0,Strategy TX:BASE,CDMX,cdmx,SISEPUEDE,0.0007187793929692,
0,0,2 - IPPU:CH2F2,2 - IPPU,2 - IPPU,0.0007395645527118,2044,CH2F2,0,0,Strategy TX:BASE,CDMX,cdmx,SISEPUEDE,0.0007395645527118,
0,0,2 - IPPU:CH2F2,2 - IPPU,2 - IPPU,0.000760719218508,2045,CH2F2,0,0,Strategy TX:BASE,CDMX,cdmx,SISEPUEDE,0.000760719218508,
0,0,2 - IPPU:CH2F2,2 - IPPU,2 - IPPU,0.0007821765624689,2046,CH2F2,0,0,Strategy TX:BASE,CDMX,cdmx,SISEPUEDE,0.0007821765624689,
0,0,2 - IPPU:CH2F2,2 - IPPU,2 - IPPU,0.0008039244516504,2047,CH2F2,0,0,Strategy TX:BASE,CDMX,cdmx,SISEPUEDE,0.0008039244516504,
0,0,2 - IPPU:CH2F2,2 - IPPU,2 - IPPU,0.0008260493768628,2048,CH2F2,0,0,Strategy TX:BASE,CDMX,cdmx,SISEPUEDE,0.0008260493768628,
0,0,2 - IPPU:CH2F2,2 - IPPU,2 - IPPU,0.0008486672709476,2049,CH2F2,0,0,Strategy TX:BASE,CDMX,cdmx,SISEPUEDE,0.0008486672709476,
0,0,2 - IPPU:CH2F2,2 - IPPU,2 - IPPU,0.0008718454453289,2050,CH2F2,0,0,Strategy TX:BASE,CDMX,cdmx,SISEPUEDE,0.0008718454453289,
0,0,2 - IPPU:CH2F2,2 - IPPU,2 - IPPU,0.0008955073597065,2051,CH2F2,0,0,Strategy TX:BASE,CDMX,cdmx,SISEPUEDE,0.0008955073597065,
0,0,2 - IPPU:CH2F2,2 - IPPU,2 - IPPU,0.0009195783883973,2052,CH2F2,0,0,Strategy TX:BASE,CDMX,cdmx,SISEPUEDE,0.0009195783883973,
0,0,2 - IPPU:CH2F2,2 - IPPU,2 - IPPU,0.0009438878045796,2053,CH2F2,0,0,Strategy TX:BASE,CDMX,cdmx,SISEPUEDE,0.0009438878045796,
0,0,2 - IPPU:CH2F2,2 - IPPU,2 - IPPU,0.0009684390865891,2054,CH2F2,0,0,Strategy TX:BASE,CDMX,cdmx,SISEPUEDE,0.0009684390865891,
0,0,2 - IPPU:CH2F2,2 - IPPU,2 - IPPU,0.0009930701298165,2055,CH2F2,0,0,Strategy TX:BASE,CDMX,cdmx,SISEPUEDE,0.0009930701298165,
0,0,2 - IPPU:CH2F2,2 - IPPU,2 - IPPU,0.0010177991261605,2056,CH2F2,0,0,Strategy TX:BASE,CDMX,cdmx,SISEPUEDE,0.0010177991261605,
0,0,2 - IPPU:CH2F2,2 - IPPU,2 - IPPU,0.0010427369390011,2057,CH2F2,0,0,Strategy TX:BASE,CDMX,cdmx,SISEPUEDE,0.0010427369390011,
0,0,2 - IPPU:CH2F2,2 - IPPU,2 - IPPU,0.0010678969211467,2058,CH2F2,0,0,Strategy TX:BASE,CDMX,cdmx,SISEPUEDE,0.0010678969211467,
0,0,2 - IPPU:CH2F2,2 - IPPU,2 - IPPU,0.0010933861949561,2059,CH2F2,0,0,Strategy TX:BASE,CDMX,cdmx,SISEPUEDE,0.0010933861949561,
0,0,2 - IPPU:CH2F2,2 - IPPU,2 - IPPU,0.0011193155653314,2060,CH2F2,0,0,Strategy TX:BASE,CDMX,cdmx,SISEPUEDE,0.0011193155653314,
0,0,2 - IPPU:CHF2CF3,2 - IPPU,2 - IPPU,0.016884960916806,2022,CHF2CF3,0,0,Strategy TX:BASE,CDMX,cdmx,SISEPUEDE,0.016884960916806,
0,0,2 - IPPU:CHF2CF3,2 - IPPU,2 - IPPU,0.0174361168308026,2023,CHF2CF3,0,0,Strategy TX:BASE,CDMX,cdmx,SISEPUEDE,0.0174361168308026,
0,0,2 - IPPU:CHF2CF3,2 - IPPU,2 - IPPU,0.0178534043018658,2024,CHF2CF3,0,0,Strategy TX:BASE,CDMX,cdmx,SISEPUEDE,0.0178534043018658,
0,0,2 - IPPU:CHF2CF3,2 - IPPU,2 - IPPU,0.018113147763104,2025,CHF2CF3,0,0,Strategy TX:BASE,CDMX,cdmx,SISEPUEDE,0.018113147763104,
0,0,2 - IPPU:CHF2CF3,2 - IPPU,2 - IPPU,0.0184676966824252,2026,CHF2CF3,0,0,Strategy TX:BASE,CDMX,cdmx,SISEPUEDE,0.0184676966824252,
0,0,2 - IPPU:CHF2CF3,2 - IPPU,2 - IPPU,0.018851841095493,2027,CHF2CF3,0,0,Strategy TX:BASE,CDMX,cdmx,SISEPUEDE,0.018851841095493,
0,0,2 - IPPU:CHF2CF3,2 - IPPU,2 - IPPU,0.0192450031038138,2028,CHF2CF3,0,0,Strategy TX:BASE,CDMX,cdmx,SISEPUEDE,0.0192450031038138,
0,0,2 - IPPU:CHF2CF3,2 - IPPU,2 - IPPU,0.0196464318634066,2029,CHF2CF3,0,0,Strategy TX:BASE,CDMX,cdmx,SISEPUEDE,0.0196464318634066,
0,0,2 - IPPU:CHF2CF3,2 - IPPU,2 - IPPU,0.020076953339836,2030,CHF2CF3,0,0,Strategy TX:BASE,CDMX,cdmx,SISEPUEDE,0.020076953339836,
0,0,2 - IPPU:CHF2CF3,2 - IPPU,2 - IPPU,0.0205338947568278,2031,CHF2CF3,0,0,Strategy TX:BASE,CDMX,cdmx,SISEPUEDE,0.0205338947568278,
0,0,2 - IPPU:CHF2CF3,2 - IPPU,2 - IPPU,0.0210185983992592,2032,CHF2CF3,0,0,Strategy TX:BASE,CDMX,cdmx,SISEPUEDE,0.0210185983992592,
0,0,2 - IPPU:CHF2CF3,2 - IPPU,2 - IPPU,0.0215325063447846,2033,CHF2CF3,0,0,Strategy TX:BASE,CDMX,cdmx,SISEPUEDE,0.0215325063447846,
0,0,2 - IPPU:CHF2CF3,2 - IPPU,2 - IPPU,0.0220771705548466,2034,CHF2CF3,0,0,Strategy TX:BASE,CDMX,cdmx,SISEPUEDE,0.0220771705548466,
0,0,2 - IPPU:CHF2CF3,2 - IPPU,2 - IPPU,0.0226542605535026,2035,CHF2CF3,0,0,Strategy TX:BASE,CDMX,cdmx,SISEPUEDE,0.0226542605535026,
0,0,2 - IPPU:CHF2CF3,2 - IPPU,2 - IPPU,0.0232655731150904,2036,CHF2CF3,0,0,Strategy TX:BASE,CDMX,cdmx,SISEPUEDE,0.0232655731150904,
0,0,2 - IPPU:CHF2CF3,2 - IPPU,2 - IPPU,0.0239130441644596,2037,CHF2CF3,0,0,Strategy TX:BASE,CDMX,cdmx,SISEPUEDE,0.0239130441644596,
0,0,2 - IPPU:CHF2CF3,2 - IPPU,2 - IPPU,0.0245987571403124,2038,CHF2CF3,0,0,Strategy TX:BASE,CDMX,cdmx,SISEPUEDE,0.0245987571403124,
0,0,2 - IPPU:CHF2CF3,2 - IPPU,2 - IPPU,0.0253225999718478,2039,CHF2CF3,0,0,Strategy TX:BASE,CDMX,cdmx,SISEPUEDE,0.0253225999718478,
0,0,2 - IPPU:CHF2CF3,2 - IPPU,2 - IPPU,0.0260820987034414,2040,CHF2CF3,0,0,Strategy TX:BASE,CDMX,cdmx,SISEPUEDE,0.0260820987034414,
0,0,2 - IPPU:CHF2CF3,2 - IPPU,2 - IPPU,0.026861650952027,2041,CHF2CF3,0,0,Strategy TX:BASE,CDMX,cdmx,SISEPUEDE,0.026861650952027,
0,0,2 - IPPU:CHF2CF3,2 - IPPU,2 - IPPU,0.0276588840189632,2042,CHF2CF3,0,0,Strategy TX:BASE,CDMX,cdmx,SISEPUEDE,0.0276588840189632,
0,0,2 - IPPU:CHF2CF3,2 - IPPU,2 - IPPU,0.0284685960195938,2043,CHF2CF3,0,0,Strategy TX:BASE,CDMX,cdmx,SISEPUEDE,0.0284685960195938,
0,0,2 - IPPU:CHF2CF3,2 - IPPU,2 - IPPU,0.0292918309672078,2044,CHF2CF3,0,0,Strategy TX:BASE,CDMX,cdmx,SISEPUEDE,0.0292918309672078,
0,0,2 - IPPU:CHF2CF3,2 - IPPU,2 - IPPU,0.0301297008899838,2045,CHF2CF3,0,0,Strategy TX:BASE,CDMX,cdmx,SISEPUEDE,0.0301297008899838,
0,0,2 - IPPU:CHF2CF3,2 - IPPU,2 - IPPU,0.0309795589449742,2046,CHF2CF3,0,0,Strategy TX:BASE,CDMX,cdmx,SISEPUEDE,0.0309795589449742,
0,0,2 - IPPU:CHF2CF3,2 - IPPU,2 - IPPU,0.031840924584339,2047,CHF2CF3,0,0,Strategy TX:BASE,CDMX,cdmx,SISEPUEDE,0.031840924584339,
0,0,2 - IPPU:CHF2CF3,2 - IPPU,2 - IPPU,0.0327172234376408,2048,CHF2CF3,0,0,Strategy TX:BASE,CDMX,cdmx,SISEPUEDE,0.0327172234376408,
0,0,2 - IPPU:CHF2CF3,2 - IPPU,2 - IPPU,0.0336130472408986,2049,CHF2CF3,0,0,Strategy TX:BASE,CDMX,cdmx,SISEPUEDE,0.0336130472408986,
0,0,2 - IPPU:CHF2CF3,2 - IPPU,2 - IPPU,0.034531061988385,2050,CHF2CF3,0,0,Strategy TX:BASE,CDMX,cdmx,SISEPUEDE,0.034531061988385,
0,0,2 - IPPU:CHF2CF3,2 - IPPU,2 - IPPU,0.0354682361590072,2051,CHF2CF3,0,0,Strategy TX:BASE,CDMX,cdmx,SISEPUEDE,0.0354682361590072,
0,0,2 - IPPU:CHF2CF3,2 - IPPU,2 - IPPU,0.0364216140636544,2052,CHF2CF3,0,0,Strategy TX:BASE,CDMX,cdmx,SISEPUEDE,0.0364216140636544,
0,0,2 - IPPU:CHF2CF3,2 - IPPU,2 - IPPU,0.0373844337487138,2053,CHF2CF3,0,0,Strategy TX:BASE,CDMX,cdmx,SISEPUEDE,0.0373844337487138,
0,0,2 - IPPU:CHF2CF3,2 - IPPU,2 - IPPU,0.0383568329801446,2054,CHF2CF3,0,0,Strategy TX:BASE,CDMX,cdmx,SISEPUEDE,0.0383568329801446,
0,0,2 - IPPU:CHF2CF3,2 - IPPU,2 - IPPU,0.0393323913031054,2055,CHF2CF3,0,0,Strategy TX:BASE,CDMX,cdmx,SISEPUEDE,0.0393323913031054,
0,0,2 - IPPU:CHF2CF3,2 - IPPU,2 - IPPU,0.040311829241605,2056,CHF2CF3,0,0,Strategy TX:BASE,CDMX,cdmx,SISEPUEDE,0.040311829241605,
0,0,2 - IPPU:CHF2CF3,2 - IPPU,2 - IPPU,0.0412995377462124,2057,CHF2CF3,0,0,Strategy TX:BASE,CDMX,cdmx,SISEPUEDE,0.0412995377462124,
0,0,2 - IPPU:CHF2CF3,2 - IPPU,2 - IPPU,0.042296045679759,2058,CHF2CF3,0,0,Strategy TX:BASE,CDMX,cdmx,SISEPUEDE,0.042296045679759,
0,0,2 - IPPU:CHF2CF3,2 - IPPU,2 - IPPU,0.043305595822696,2059,CHF2CF3,0,0,Strategy TX:BASE,CDMX,cdmx,SISEPUEDE,0.043305595822696,
0,0,2 - IPPU:CHF2CF3,2 - IPPU,2 - IPPU,0.0443325768094582,2060,CHF2CF3,0,0,Strategy TX:BASE,CDMX,cdmx,SISEPUEDE,0.0443325768094582,
0,0,2 - IPPU:CO2,2 - IPPU,2 - IPPU,0.09102845362346045,2022,CO2,0,0,Strategy TX:BASE,CDMX,cdmx,SISEPUEDE,0.09102845362346045,
0,0,2 - IPPU:CO2,2 - IPPU,2 - IPPU,0.09103892099314273,2023,CO2,0,0,Strategy TX:BASE,CDMX,cdmx,SISEPUEDE,0.09103892099314273,
0,0,2 - IPPU:CO2,2 - IPPU,2 - IPPU,0.0910468418014417,2024,CO2,0,0,Strategy TX:BASE,CDMX,cdmx,SISEPUEDE,0.0910468418014417,
0,0,2 - IPPU:CO2,2 - IPPU,2 - IPPU,0.09105176775256046,2025,CO2,0,0,Strategy TX:BASE,CDMX,cdmx,SISEPUEDE,0.09105176775256046,
0,0,2 - IPPU:CO2,2 - IPPU,2 - IPPU,0.09105849152274487,2026,CO2,0,0,Strategy TX:BASE,CDMX,cdmx,SISEPUEDE,0.09105849152274487,
0,0,2 - IPPU:CO2,2 - IPPU,2 - IPPU,0.09106577398646402,2027,CO2,0,0,Strategy TX:BASE,CDMX,cdmx,SISEPUEDE,0.09106577398646402,
0,0,2 - IPPU:CO2,2 - IPPU,2 - IPPU,0.09107322425207359,2028,CO2,0,0,Strategy TX:BASE,CDMX,cdmx,SISEPUEDE,0.09107322425207359,
0,0,2 - IPPU:CO2,2 - IPPU,2 - IPPU,0.09108082806763441,2029,CO2,0,0,Strategy TX:BASE,CDMX,cdmx,SISEPUEDE,0.09108082806763441,
0,0,2 - IPPU:CO2,2 - IPPU,2 - IPPU,0.09108898049661683,2030,CO2,0,0,Strategy TX:BASE,CDMX,cdmx,SISEPUEDE,0.09108898049661683,
0,0,2 - IPPU:CO2,2 - IPPU,2 - IPPU,0.09109763062180858,2031,CO2,0,0,Strategy TX:BASE,CDMX,cdmx,SISEPUEDE,0.09109763062180858,
0,0,2 - IPPU:CO2,2 - IPPU,2 - IPPU,0.09110680366294897,2032,CO2,0,0,Strategy TX:BASE,CDMX,cdmx,SISEPUEDE,0.09110680366294897,
0,0,2 - IPPU:CO2,2 - IPPU,2 - IPPU,0.09111652669586014,2033,CO2,0,0,Strategy TX:BASE,CDMX,cdmx,SISEPUEDE,0.09111652669586014,
0,0,2 - IPPU:CO2,2 - IPPU,2 - IPPU,0.09112682878248791,2034,CO2,0,0,Strategy TX:BASE,CDMX,cdmx,SISEPUEDE,0.09112682878248791,
0,0,2 - IPPU:CO2,2 - IPPU,2 - IPPU,0.09113774111324295,2035,CO2,0,0,Strategy TX:BASE,CDMX,cdmx,SISEPUEDE,0.09113774111324295,
0,0,2 - IPPU:CO2,2 - IPPU,2 - IPPU,0.09114929716013619,2036,CO2,0,0,Strategy TX:BASE,CDMX,cdmx,SISEPUEDE,0.09114929716013619,
0,0,2 - IPPU:CO2,2 - IPPU,2 - IPPU,0.09116153284422465,2037,CO2,0,0,Strategy TX:BASE,CDMX,cdmx,SISEPUEDE,0.09116153284422465,
0,0,2 - IPPU:CO2,2 - IPPU,2 - IPPU,0.09117448671648791,2038,CO2,0,0,Strategy TX:BASE,CDMX,cdmx,SISEPUEDE,0.09117448671648791,
0,0,2 - IPPU:CO2,2 - IPPU,2 - IPPU,0.09118815561993969,2039,CO2,0,0,Strategy TX:BASE,CDMX,cdmx,SISEPUEDE,0.09118815561993969,
0,0,2 - IPPU:CO2,2 - IPPU,2 - IPPU,0.0912024917593338,2040,CO2,0,0,Strategy TX:BASE,CDMX,cdmx,SISEPUEDE,0.0912024917593338,
0,0,2 - IPPU:CO2,2 - IPPU,2 - IPPU,0.091217199381014,2041,CO2,0,0,Strategy TX:BASE,CDMX,cdmx,SISEPUEDE,0.091217199381014,
0,0,2 - IPPU:CO2,2 - IPPU,2 - IPPU,0.09123223317957466,2042,CO2,0,0,Strategy TX:BASE,CDMX,cdmx,SISEPUEDE,0.09123223317957466,
0,0,2 - IPPU:CO2,2 - IPPU,2 - IPPU,0.09124749462468877,2043,CO2,0,0,Strategy TX:BASE,CDMX,cdmx,SISEPUEDE,0.09124749462468877,
0,0,2 - IPPU:CO2,2 - IPPU,2 - IPPU,0.09126300334813836,2044,CO2,0,0,Strategy TX:BASE,CDMX,cdmx,SISEPUEDE,0.09126300334813836,
0,0,2 - IPPU:CO2,2 - IPPU,2 - IPPU,0.09127878021871756,2045,CO2,0,0,Strategy TX:BASE,CDMX,cdmx,SISEPUEDE,0.09127878021871756,
0,0,2 - IPPU:CO2,2 - IPPU,2 - IPPU,0.09129477529238113,2046,CO2,0,0,Strategy TX:BASE,CDMX,cdmx,SISEPUEDE,0.09129477529238113,
0,0,2 - IPPU:CO2,2 - IPPU,2 - IPPU,0.09131097950774672,2047,CO2,0,0,Strategy TX:BASE,CDMX,cdmx,SISEPUEDE,0.09131097950774672,
0,0,2 - IPPU:CO2,2 - IPPU,2 - IPPU,0.09132745749987205,2048,CO2,0,0,Strategy TX:BASE,CDMX,cdmx,SISEPUEDE,0.09132745749987205,
0,0,2 - IPPU:CO2,2 - IPPU,2 - IPPU,0.09134429571527419,2049,CO2,0,0,Strategy TX:BASE,CDMX,cdmx,SISEPUEDE,0.09134429571527419,
0,0,2 - IPPU:CO2,2 - IPPU,2 - IPPU,0.09136154409661797,2050,CO2,0,0,Strategy TX:BASE,CDMX,cdmx,SISEPUEDE,0.09136154409661797,
0,0,2 - IPPU:CO2,2 - IPPU,2 - IPPU,0.09137914513883151,2051,CO2,0,0,Strategy TX:BASE,CDMX,cdmx,SISEPUEDE,0.09137914513883151,
0,0,2 - IPPU:CO2,2 - IPPU,2 - IPPU,0.09139704272284938,2052,CO2,0,0,Strategy TX:BASE,CDMX,cdmx,SISEPUEDE,0.09139704272284938,
0,0,2 - IPPU:CO2,2 - IPPU,2 - IPPU,0.09141510903384964,2053,CO2,0,0,Strategy TX:BASE,CDMX,cdmx,SISEPUEDE,0.09141510903384964,
0,0,2 - IPPU:CO2,2 - IPPU,2 - IPPU,0.09143334616427228,2054,CO2,0,0,Strategy TX:BASE,CDMX,cdmx,SISEPUEDE,0.09143334616427228,
0,0,2 - IPPU:CO2,2 - IPPU,2 - IPPU,0.0914516329282005,2055,CO2,0,0,Strategy TX:BASE,CDMX,cdmx,SISEPUEDE,0.0914516329282005,
0,0,2 - IPPU:CO2,2 - IPPU,2 - IPPU,0.09146998259875844,2056,CO2,0,0,Strategy TX:BASE,CDMX,cdmx,SISEPUEDE,0.09146998259875844,
0,0,2 - IPPU:CO2,2 - IPPU,2 - IPPU,0.091488477504988,2057,CO2,0,0,Strategy TX:BASE,CDMX,cdmx,SISEPUEDE,0.091488477504988,
0,0,2 - IPPU:CO2,2 - IPPU,2 - IPPU,0.09150712745650419,2058,CO2,0,0,Strategy TX:BASE,CDMX,cdmx,SISEPUEDE,0.09150712745650419,
0,0,2 - IPPU:CO2,2 - IPPU,2 - IPPU,0.09152601218280282,2059,CO2,0,0,Strategy TX:BASE,CDMX,cdmx,SISEPUEDE,0.09152601218280282,
0,0,2 - IPPU:CO2,2 - IPPU,2 - IPPU,0.09154521395719446,2060,CO2,0,0,Strategy TX:BASE,CDMX,cdmx,SISEPUEDE,0.09154521395719446,
0,0,2 - IPPU:HFCS,2 - IPPU,2 - IPPU,0.030081865673313998,2022,HFCS,0,0,Strategy TX:BASE,CDMX,cdmx,SISEPUEDE,0.030081865673313998,
0,0,2 - IPPU:HFCS,2 - IPPU,2 - IPPU,0.0310637926230762,2023,HFCS,0,0,Strategy TX:BASE,CDMX,cdmx,SISEPUEDE,0.0310637926230762,
0,0,2 - IPPU:HFCS,2 - IPPU,2 - IPPU,0.0318072225731679,2024,HFCS,0,0,Strategy TX:BASE,CDMX,cdmx,SISEPUEDE,0.0318072225731679,
0,0,2 - IPPU:HFCS,2 - IPPU,2 - IPPU,0.0322699756674149,2025,HFCS,0,0,Strategy TX:BASE,CDMX,cdmx,SISEPUEDE,0.0322699756674149,
0,0,2 - IPPU:HFCS,2 - IPPU,2 - IPPU,0.0329016320282552,2026,HFCS,0,0,Strategy TX:BASE,CDMX,cdmx,SISEPUEDE,0.0329016320282552,
0,0,2 - IPPU:HFCS,2 - IPPU,2 - IPPU,0.0335860150534808,2027,HFCS,0,0,Strategy TX:BASE,CDMX,cdmx,SISEPUEDE,0.0335860150534808,
0,0,2 - IPPU:HFCS,2 - IPPU,2 - IPPU,0.034286463623093996,2028,HFCS,0,0,Strategy TX:BASE,CDMX,cdmx,SISEPUEDE,0.034286463623093996,
0,0,2 - IPPU:HFCS,2 - IPPU,2 - IPPU,0.0350016400503881,2029,HFCS,0,0,Strategy TX:BASE,CDMX,cdmx,SISEPUEDE,0.0350016400503881,
0,0,2 - IPPU:HFCS,2 - IPPU,2 - IPPU,0.03576864740606,2030,HFCS,0,0,Strategy TX:BASE,CDMX,cdmx,SISEPUEDE,0.03576864740606,
0,0,2 - IPPU:HFCS,2 - IPPU,2 - IPPU,0.036582723932161804,2031,HFCS,0,0,Strategy TX:BASE,CDMX,cdmx,SISEPUEDE,0.036582723932161804,
0,0,2 - IPPU:HFCS,2 - IPPU,2 - IPPU,0.0374462610131671,2032,HFCS,0,0,Strategy TX:BASE,CDMX,cdmx,SISEPUEDE,0.0374462610131671,
0,0,2 - IPPU:HFCS,2 - IPPU,2 - IPPU,0.0383618278221111,2033,HFCS,0,0,Strategy TX:BASE,CDMX,cdmx,SISEPUEDE,0.0383618278221111,
0,0,2 - IPPU:HFCS,2 - IPPU,2 - IPPU,0.0393321892985089,2034,HFCS,0,0,Strategy TX:BASE,CDMX,cdmx,SISEPUEDE,0.0393321892985089,
0,0,2 - IPPU:HFCS,2 - IPPU,2 - IPPU,0.040360319828778704,2035,HFCS,0,0,Strategy TX:BASE,CDMX,cdmx,SISEPUEDE,0.040360319828778704,
0,0,2 - IPPU:HFCS,2 - IPPU,2 - IPPU,0.0414494205055704,2036,HFCS,0,0,Strategy TX:BASE,CDMX,cdmx,SISEPUEDE,0.0414494205055704,
0,0,2 - IPPU:HFCS,2 - IPPU,2 - IPPU,0.0426029403289475,2037,HFCS,0,0,Strategy TX:BASE,CDMX,cdmx,SISEPUEDE,0.0426029403289475,
0,0,2 - IPPU:HFCS,2 - IPPU,2 - IPPU,0.043824591106327804,2038,HFCS,0,0,Strategy TX:BASE,CDMX,cdmx,SISEPUEDE,0.043824591106327804,
0,0,2 - IPPU:HFCS,2 - IPPU,2 - IPPU,0.0451141731748992,2039,HFCS,0,0,Strategy TX:BASE,CDMX,cdmx,SISEPUEDE,0.0451141731748992,
0,0,2 - IPPU:HFCS,2 - IPPU,2 - IPPU,0.0464672789910995,2040,HFCS,0,0,Strategy TX:BASE,CDMX,cdmx,SISEPUEDE,0.0464672789910995,
0,0,2 - IPPU:HFCS,2 - IPPU,2 - IPPU,0.047856111701037304,2041,HFCS,0,0,Strategy TX:BASE,CDMX,cdmx,SISEPUEDE,0.047856111701037304,
0,0,2 - IPPU:HFCS,2 - IPPU,2 - IPPU,0.0492764441583088,2042,HFCS,0,0,Strategy TX:BASE,CDMX,cdmx,SISEPUEDE,0.0492764441583088,
0,0,2 - IPPU:HFCS,2 - IPPU,2 - IPPU,0.0507190088024945,2043,HFCS,0,0,Strategy TX:BASE,CDMX,cdmx,SISEPUEDE,0.0507190088024945,
0,0,2 - IPPU:HFCS,2 - IPPU,2 - IPPU,0.0521856656241311,2044,HFCS,0,0,Strategy TX:BASE,CDMX,cdmx,SISEPUEDE,0.0521856656241311,
0,0,2 - IPPU:HFCS,2 - IPPU,2 - IPPU,0.0536783957875494,2045,HFCS,0,0,Strategy TX:BASE,CDMX,cdmx,SISEPUEDE,0.0536783957875494,
0,0,2 - IPPU:HFCS,2 - IPPU,2 - IPPU,0.0551924837370311,2046,HFCS,0,0,Strategy TX:BASE,CDMX,cdmx,SISEPUEDE,0.0551924837370311,
0,0,2 - IPPU:HFCS,2 - IPPU,2 - IPPU,0.056727073339379,2047,HFCS,0,0,Strategy TX:BASE,CDMX,cdmx,SISEPUEDE,0.056727073339379,
0,0,2 - IPPU:HFCS,2 - IPPU,2 - IPPU,0.058288267618986,2048,HFCS,0,0,Strategy TX:BASE,CDMX,cdmx,SISEPUEDE,0.058288267618986,
0,0,2 - IPPU:HFCS,2 - IPPU,2 - IPPU,0.059884247109216096,2049,HFCS,0,0,Strategy TX:BASE,CDMX,cdmx,SISEPUEDE,0.059884247109216096,
0,0,2 - IPPU:HFCS,2 - IPPU,2 - IPPU,0.0615197614853567,2050,HFCS,0,0,Strategy TX:BASE,CDMX,cdmx,SISEPUEDE,0.0615197614853567,
0,0,2 - IPPU:HFCS,2 - IPPU,2 - IPPU,0.0631894098577787,2051,HFCS,0,0,Strategy TX:BASE,CDMX,cdmx,SISEPUEDE,0.0631894098577787,
0,0,2 - IPPU:HFCS,2 - IPPU,2 - IPPU,0.06488792643740271,2052,HFCS,0,0,Strategy TX:BASE,CDMX,cdmx,SISEPUEDE,0.06488792643740271,
0,0,2 - IPPU:HFCS,2 - IPPU,2 - IPPU,0.066603264280131,2053,HFCS,0,0,Strategy TX:BASE,CDMX,cdmx,SISEPUEDE,0.066603264280131,
0,0,2 - IPPU:HFCS,2 - IPPU,2 - IPPU,0.0683356688266891,2054,HFCS,0,0,Strategy TX:BASE,CDMX,cdmx,SISEPUEDE,0.0683356688266891,
0,0,2 - IPPU:HFCS,2 - IPPU,2 - IPPU,0.0700737015394909,2055,HFCS,0,0,Strategy TX:BASE,CDMX,cdmx,SISEPUEDE,0.0700737015394909,
0,0,2 - IPPU:HFCS,2 - IPPU,2 - IPPU,0.0718186460878653,2056,HFCS,0,0,Strategy TX:BASE,CDMX,cdmx,SISEPUEDE,0.0718186460878653,
0,0,2 - IPPU:HFCS,2 - IPPU,2 - IPPU,0.0735783252903451,2057,HFCS,0,0,Strategy TX:BASE,CDMX,cdmx,SISEPUEDE,0.0735783252903451,
0,0,2 - IPPU:HFCS,2 - IPPU,2 - IPPU,0.0753536813570272,2058,HFCS,0,0,Strategy TX:BASE,CDMX,cdmx,SISEPUEDE,0.0753536813570272,
0,0,2 - IPPU:HFCS,2 - IPPU,2 - IPPU,0.0771522731299036,2059,HFCS,0,0,Strategy TX:BASE,CDMX,cdmx,SISEPUEDE,0.0771522731299036,
0,0,2 - IPPU:HFCS,2 - IPPU,2 - IPPU,0.078981919301135,2060,HFCS,0,0,Strategy TX:BASE,CDMX,cdmx,SISEPUEDE,0.078981919301135,
0,0,2 - IPPU:N2O,2 - IPPU,2 - IPPU,0.1057562414999999,2022,N2O,0,0,Strategy TX:BASE,CDMX,cdmx,SISEPUEDE,0.1057562414999999,
0,0,2 - IPPU:N2O,2 - IPPU,2 - IPPU,0.1091711105257499,2023,N2O,0,0,Strategy TX:BASE,CDMX,cdmx,SISEPUEDE,0.1091711105257499,
0,0,2 - IPPU:N2O,2 - IPPU,2 - IPPU,0.1117551907426499,2024,N2O,0,0,Strategy TX:BASE,CDMX,cdmx,SISEPUEDE,0.1117551907426499,
0,0,2 - IPPU:N2O,2 - IPPU,2 - IPPU,0.1133622303722999,2025,N2O,0,0,Strategy TX:BASE,CDMX,cdmx,SISEPUEDE,0.1133622303722999,
0,0,2 - IPPU:N2O,2 - IPPU,2 - IPPU,0.1155557895218999,2026,N2O,0,0,Strategy TX:BASE,CDMX,cdmx,SISEPUEDE,0.1155557895218999,
0,0,2 - IPPU:N2O,2 - IPPU,2 - IPPU,0.1179316165481999,2027,N2O,0,0,Strategy TX:BASE,CDMX,cdmx,SISEPUEDE,0.1179316165481999,
0,0,2 - IPPU:N2O,2 - IPPU,2 - IPPU,0.1203621871724999,2028,N2O,0,0,Strategy TX:BASE,CDMX,cdmx,SISEPUEDE,0.1203621871724999,
0,0,2 - IPPU:N2O,2 - IPPU,2 - IPPU,0.1228428518498999,2029,N2O,0,0,Strategy TX:BASE,CDMX,cdmx,SISEPUEDE,0.1228428518498999,
0,0,2 - IPPU:N2O,2 - IPPU,2 - IPPU,0.1255024958732999,2030,N2O,0,0,Strategy TX:BASE,CDMX,cdmx,SISEPUEDE,0.1255024958732999,
0,0,2 - IPPU:N2O,2 - IPPU,2 - IPPU,0.1283245080389999,2031,N2O,0,0,Strategy TX:BASE,CDMX,cdmx,SISEPUEDE,0.1283245080389999,
0,0,2 - IPPU:N2O,2 - IPPU,2 - IPPU,0.131317116021,2032,N2O,0,0,Strategy TX:BASE,CDMX,cdmx,SISEPUEDE,0.131317116021,
0,0,2 - IPPU:N2O,2 - IPPU,2 - IPPU,0.1344891530209499,2033,N2O,0,0,Strategy TX:BASE,CDMX,cdmx,SISEPUEDE,0.1344891530209499,
0,0,2 - IPPU:N2O,2 - IPPU,2 - IPPU,0.13785010019235,2034,N2O,0,0,Strategy TX:BASE,CDMX,cdmx,SISEPUEDE,0.13785010019235,
0,0,2 - IPPU:N2O,2 - IPPU,2 - IPPU,0.1414101330778499,2035,N2O,0,0,Strategy TX:BASE,CDMX,cdmx,SISEPUEDE,0.1414101330778499,
0,0,2 - IPPU:N2O,2 - IPPU,2 - IPPU,0.14518017156825,2036,N2O,0,0,Strategy TX:BASE,CDMX,cdmx,SISEPUEDE,0.14518017156825,
0,0,2 - IPPU:N2O,2 - IPPU,2 - IPPU,0.1491719345298,2037,N2O,0,0,Strategy TX:BASE,CDMX,cdmx,SISEPUEDE,0.1491719345298,
0,0,2 - IPPU:N2O,2 - IPPU,2 - IPPU,0.1533979988131499,2038,N2O,0,0,Strategy TX:BASE,CDMX,cdmx,SISEPUEDE,0.1533979988131499,
0,0,2 - IPPU:N2O,2 - IPPU,2 - IPPU,0.1578573344848499,2039,N2O,0,0,Strategy TX:BASE,CDMX,cdmx,SISEPUEDE,0.1578573344848499,
0,0,2 - IPPU:N2O,2 - IPPU,2 - IPPU,0.1625343488495999,2040,N2O,0,0,Strategy TX:BASE,CDMX,cdmx,SISEPUEDE,0.1625343488495999,
0,0,2 - IPPU:N2O,2 - IPPU,2 - IPPU,0.16733255539455,2041,N2O,0,0,Strategy TX:BASE,CDMX,cdmx,SISEPUEDE,0.16733255539455,
0,0,2 - IPPU:N2O,2 - IPPU,2 - IPPU,0.1722371737085999,2042,N2O,0,0,Strategy TX:BASE,CDMX,cdmx,SISEPUEDE,0.1722371737085999,
0,0,2 - IPPU:N2O,2 - IPPU,2 - IPPU,0.1772160593111999,2043,N2O,0,0,Strategy TX:BASE,CDMX,cdmx,SISEPUEDE,0.1772160593111999,
0,0,2 - IPPU:N2O,2 - IPPU,2 - IPPU,0.1822756168642499,2044,N2O,0,0,Strategy TX:BASE,CDMX,cdmx,SISEPUEDE,0.1822756168642499,
0,0,2 - IPPU:N2O,2 - IPPU,2 - IPPU,0.1874226545918999,2045,N2O,0,0,Strategy TX:BASE,CDMX,cdmx,SISEPUEDE,0.1874226545918999,
0,0,2 - IPPU:N2O,2 - IPPU,2 - IPPU,0.1926408787757999,2046,N2O,0,0,Strategy TX:BASE,CDMX,cdmx,SISEPUEDE,0.1926408787757999,
0,0,2 - IPPU:N2O,2 - IPPU,2 - IPPU,0.1979273332354499,2047,N2O,0,0,Strategy TX:BASE,CDMX,cdmx,SISEPUEDE,0.1979273332354499,
0,0,2 - IPPU:N2O,2 - IPPU,2 - IPPU,0.2033031044771999,2048,N2O,0,0,Strategy TX:BASE,CDMX,cdmx,SISEPUEDE,0.2033031044771999,
0,0,2 - IPPU:N2O,2 - IPPU,2 - IPPU,0.2087963947660499,2049,N2O,0,0,Strategy TX:BASE,CDMX,cdmx,SISEPUEDE,0.2087963947660499,
0,0,2 - IPPU:N2O,2 - IPPU,2 - IPPU,0.2144234973699,2050,N2O,0,0,Strategy TX:BASE,CDMX,cdmx,SISEPUEDE,0.2144234973699,
0,0,2 - IPPU:N2O,2 - IPPU,2 - IPPU,0.22016565186525,2051,N2O,0,0,Strategy TX:BASE,CDMX,cdmx,SISEPUEDE,0.22016565186525,
0,0,2 - IPPU:N2O,2 - IPPU,2 - IPPU,0.2260045499984999,2052,N2O,0,0,Strategy TX:BASE,CDMX,cdmx,SISEPUEDE,0.2260045499984999,
0,0,2 - IPPU:N2O,2 - IPPU,2 - IPPU,0.2318984935312499,2053,N2O,0,0,Strategy TX:BASE,CDMX,cdmx,SISEPUEDE,0.2318984935312499,
0,0,2 - IPPU:N2O,2 - IPPU,2 - IPPU,0.2378481650999999,2054,N2O,0,0,Strategy TX:BASE,CDMX,cdmx,SISEPUEDE,0.2378481650999999,
0,0,2 - IPPU:N2O,2 - IPPU,2 - IPPU,0.2438140290767999,2055,N2O,0,0,Strategy TX:BASE,CDMX,cdmx,SISEPUEDE,0.2438140290767999,
0,0,2 - IPPU:N2O,2 - IPPU,2 - IPPU,0.2498004156784499,2056,N2O,0,0,Strategy TX:BASE,CDMX,cdmx,SISEPUEDE,0.2498004156784499,
0,0,2 - IPPU:N2O,2 - IPPU,2 - IPPU,0.2558341838871,2057,N2O,0,0,Strategy TX:BASE,CDMX,cdmx,SISEPUEDE,0.2558341838871,
0,0,2 - IPPU:N2O,2 - IPPU,2 - IPPU,0.2619185339861999,2058,N2O,0,0,Strategy TX:BASE,CDMX,cdmx,SISEPUEDE,0.2619185339861999,
0,0,2 - IPPU:N2O,2 - IPPU,2 - IPPU,0.2680794768834,2059,N2O,0,0,Strategy TX:BASE,CDMX,cdmx,SISEPUEDE,0.2680794768834,
0,0,2 - IPPU:N2O,2 - IPPU,2 - IPPU,0.27434385337905,2060,N2O,0,0,Strategy TX:BASE,CDMX,cdmx,SISEPUEDE,0.27434385337905,
0,0,2 - IPPU:SF6,2 - IPPU,2 - IPPU,0.0026059476818969,2022,SF6,0,0,Strategy TX:BASE,CDMX,cdmx,SISEPUEDE,0.0026059476818969,
0,0,2 - IPPU:SF6,2 - IPPU,2 - IPPU,0.0026900937322427,2023,SF6,0,0,Strategy TX:BASE,CDMX,cdmx,SISEPUEDE,0.0026900937322427,
0,0,2 - IPPU:SF6,2 - IPPU,2 - IPPU,0.0027537682516427,2024,SF6,0,0,Strategy TX:BASE,CDMX,cdmx,SISEPUEDE,0.0027537682516427,
0,0,2 - IPPU:SF6,2 - IPPU,2 - IPPU,0.0027933674387754,2025,SF6,0,0,Strategy TX:BASE,CDMX,cdmx,SISEPUEDE,0.0027933674387754,
0,0,2 - IPPU:SF6,2 - IPPU,2 - IPPU,0.002847419098516,2026,SF6,0,0,Strategy TX:BASE,CDMX,cdmx,SISEPUEDE,0.002847419098516,
0,0,2 - IPPU:SF6,2 - IPPU,2 - IPPU,0.002905962035027,2027,SF6,0,0,Strategy TX:BASE,CDMX,cdmx,SISEPUEDE,0.002905962035027,
0,0,2 - IPPU:SF6,2 - IPPU,2 - IPPU,0.0029658539127473,2028,SF6,0,0,Strategy TX:BASE,CDMX,cdmx,SISEPUEDE,0.0029658539127473,
0,0,2 - IPPU:SF6,2 - IPPU,2 - IPPU,0.0030269801618835,2029,SF6,0,0,Strategy TX:BASE,CDMX,cdmx,SISEPUEDE,0.0030269801618835,
0,0,2 - IPPU:SF6,2 - IPPU,2 - IPPU,0.0030925166548521,2030,SF6,0,0,Strategy TX:BASE,CDMX,cdmx,SISEPUEDE,0.0030925166548521,
0,0,2 - IPPU:SF6,2 - IPPU,2 - IPPU,0.003162054073705,2031,SF6,0,0,Strategy TX:BASE,CDMX,cdmx,SISEPUEDE,0.003162054073705,
0,0,2 - IPPU:SF6,2 - IPPU,2 - IPPU,0.00323579515719,2032,SF6,0,0,Strategy TX:BASE,CDMX,cdmx,SISEPUEDE,0.00323579515719,
0,0,2 - IPPU:SF6,2 - IPPU,2 - IPPU,0.0033139575649086,2033,SF6,0,0,Strategy TX:BASE,CDMX,cdmx,SISEPUEDE,0.0033139575649086,
0,0,2 - IPPU:SF6,2 - IPPU,2 - IPPU,0.0033967749226935,2034,SF6,0,0,Strategy TX:BASE,CDMX,cdmx,SISEPUEDE,0.0033967749226935,
0,0,2 - IPPU:SF6,2 - IPPU,2 - IPPU,0.0034844979668738,2035,SF6,0,0,Strategy TX:BASE,CDMX,cdmx,SISEPUEDE,0.0034844979668738,
0,0,2 - IPPU:SF6,2 - IPPU,2 - IPPU,0.0035773957753187,2036,SF6,0,0,Strategy TX:BASE,CDMX,cdmx,SISEPUEDE,0.0035773957753187,
0,0,2 - IPPU:SF6,2 - IPPU,2 - IPPU,0.0036757571135129,2037,SF6,0,0,Strategy TX:BASE,CDMX,cdmx,SISEPUEDE,0.0036757571135129,
0,0,2 - IPPU:SF6,2 - IPPU,2 - IPPU,0.0037798918886008,2038,SF6,0,0,Strategy TX:BASE,CDMX,cdmx,SISEPUEDE,0.0037798918886008,
0,0,2 - IPPU:SF6,2 - IPPU,2 - IPPU,0.003889774721913,2039,SF6,0,0,Strategy TX:BASE,CDMX,cdmx,SISEPUEDE,0.003889774721913,
0,0,2 - IPPU:SF6,2 - IPPU,2 - IPPU,0.0040050213926452,2040,SF6,0,0,Strategy TX:BASE,CDMX,cdmx,SISEPUEDE,0.0040050213926452,
0,0,2 - IPPU:SF6,2 - IPPU,2 - IPPU,0.0041232543692121,2041,SF6,0,0,Strategy TX:BASE,CDMX,cdmx,SISEPUEDE,0.0041232543692121,
0,0,2 - IPPU:SF6,2 - IPPU,2 - IPPU,0.0042441094463669,2042,SF6,0,0,Strategy TX:BASE,CDMX,cdmx,SISEPUEDE,0.0042441094463669,
0,0,2 - IPPU:SF6,2 - IPPU,2 - IPPU,0.0043667945494918,2043,SF6,0,0,Strategy TX:BASE,CDMX,cdmx,SISEPUEDE,0.0043667945494918,
0,0,2 - IPPU:SF6,2 - IPPU,2 - IPPU,0.0044914674963532,2044,SF6,0,0,Strategy TX:BASE,CDMX,cdmx,SISEPUEDE,0.0044914674963532,
0,0,2 - IPPU:SF6,2 - IPPU,2 - IPPU,0.0046182960489262,2045,SF6,0,0,Strategy TX:BASE,CDMX,cdmx,SISEPUEDE,0.0046182960489262,
0,0,2 - IPPU:SF6,2 - IPPU,2 - IPPU,0.0047468787124436,2046,SF6,0,0,Strategy TX:BASE,CDMX,cdmx,SISEPUEDE,0.0047468787124436,
0,0,2 - IPPU:SF6,2 - IPPU,2 - IPPU,0.0048771426434342,2047,SF6,0,0,Strategy TX:BASE,CDMX,cdmx,SISEPUEDE,0.0048771426434342,
0,0,2 - IPPU:SF6,2 - IPPU,2 - IPPU,0.005009607436123,2048,SF6,0,0,Strategy TX:BASE,CDMX,cdmx,SISEPUEDE,0.005009607436123,
0,0,2 - IPPU:SF6,2 - IPPU,2 - IPPU,0.0051449680246913,2049,SF6,0,0,Strategy TX:BASE,CDMX,cdmx,SISEPUEDE,0.0051449680246913,
0,0,2 - IPPU:SF6,2 - IPPU,2 - IPPU,0.0052836258928068,2050,SF6,0,0,Strategy TX:BASE,CDMX,cdmx,SISEPUEDE,0.0052836258928068,
0,0,2 - IPPU:SF6,2 - IPPU,2 - IPPU,0.005425118763431,2051,SF6,0,0,Strategy TX:BASE,CDMX,cdmx,SISEPUEDE,0.005425118763431,
0,0,2 - IPPU:SF6,2 - IPPU,2 - IPPU,0.0055689955014784,2052,SF6,0,0,Strategy TX:BASE,CDMX,cdmx,SISEPUEDE,0.0055689955014784,
0,0,2 - IPPU:SF6,2 - IPPU,2 - IPPU,0.0057142286174491,2053,SF6,0,0,Strategy TX:BASE,CDMX,cdmx,SISEPUEDE,0.0057142286174491,
0,0,2 - IPPU:SF6,2 - IPPU,2 - IPPU,0.0058608349322418,2054,SF6,0,0,Strategy TX:BASE,CDMX,cdmx,SISEPUEDE,0.0058608349322418,
0,0,2 - IPPU:SF6,2 - IPPU,2 - IPPU,0.0060078402454067,2055,SF6,0,0,Strategy TX:BASE,CDMX,cdmx,SISEPUEDE,0.0060078402454067,
0,0,2 - IPPU:SF6,2 - IPPU,2 - IPPU,0.0061553512581492,2056,SF6,0,0,Strategy TX:BASE,CDMX,cdmx,SISEPUEDE,0.0061553512581492,
0,0,2 - IPPU:SF6,2 - IPPU,2 - IPPU,0.0063040298047146,2057,SF6,0,0,Strategy TX:BASE,CDMX,cdmx,SISEPUEDE,0.0063040298047146,
0,0,2 - IPPU:SF6,2 - IPPU,2 - IPPU,0.0064539547435334,2058,SF6,0,0,Strategy TX:BASE,CDMX,cdmx,SISEPUEDE,0.0064539547435334,
0,0,2 - IPPU:SF6,2 - IPPU,2 - IPPU,0.006605767011382,2059,SF6,0,0,Strategy TX:BASE,CDMX,cdmx,SISEPUEDE,0.006605767011382,
0,0,2 - IPPU:SF6,2 - IPPU,2 - IPPU,0.0067601279944865,2060,SF6,0,0,Strategy TX:BASE,CDMX,cdmx,SISEPUEDE,0.0067601279944865,
0,0,3.A.1 - Enteric Fermentation:CH4,3 - AFOLU,3.A.1 - Enteric Fermentation,0.0192866625070142,2022,CH4,0,0,Strategy TX:BASE,CDMX,cdmx,SISEPUEDE,0.0192866625070142,0.0192866625070142
0,0,3.A.1 - Enteric Fermentation:CH4,3 - AFOLU,3.A.1 - Enteric Fermentation,0.019056683328353502,2023,CH4,0,0,Strategy TX:BASE,CDMX,cdmx,SISEPUEDE,0.019056683328353502,0.019056683328353502
0,0,3.A.1 - Enteric Fermentation:CH4,3 - AFOLU,3.A.1 - Enteric Fermentation,0.0188370068808923,2024,CH4,0,0,Strategy TX:BASE,CDMX,cdmx,SISEPUEDE,0.0188370068808923,0.0188370068808923
0,0,3.A.1 - Enteric Fermentation:CH4,3 - AFOLU,3.A.1 - Enteric Fermentation,0.018631723408558,2025,CH4,0,0,Strategy TX:BASE,CDMX,cdmx,SISEPUEDE,0.018631723408558,0.018631723408558
0,0,3.A.1 - Enteric Fermentation:CH4,3 - AFOLU,3.A.1 - Enteric Fermentation,0.01855350282466129,2026,CH4,0,0,Strategy TX:BASE,CDMX,cdmx,SISEPUEDE,0.01855350282466129,0.01855350282466129
0,0,3.A.1 - Enteric Fermentation:CH4,3 - AFOLU,3.A.1 - Enteric Fermentation,0.018477305574600866,2027,CH4,0,0,Strategy TX:BASE,CDMX,cdmx,SISEPUEDE,0.018477305574600866,0.018477305574600866
0,0,3.A.1 - Enteric Fermentation:CH4,3 - AFOLU,3.A.1 - Enteric Fermentation,0.018406548782062448,2028,CH4,0,0,Strategy TX:BASE,CDMX,cdmx,SISEPUEDE,0.018406548782062448,0.018406548782062448
0,0,3.A.1 - Enteric Fermentation:CH4,3 - AFOLU,3.A.1 - Enteric Fermentation,0.018345431496316136,2029,CH4,0,0,Strategy TX:BASE,CDMX,cdmx,SISEPUEDE,0.018345431496316136,0.018345431496316136
0,0,3.A.1 - Enteric Fermentation:CH4,3 - AFOLU,3.A.1 - Enteric Fermentation,0.018298324492435146,2030,CH4,0,0,Strategy TX:BASE,CDMX,cdmx,SISEPUEDE,0.018298324492435146,0.018298324492435146
0,0,3.A.1 - Enteric Fermentation:CH4,3 - AFOLU,3.A.1 - Enteric Fermentation,0.018269311027067123,2031,CH4,0,0,Strategy TX:BASE,CDMX,cdmx,SISEPUEDE,0.018269311027067123,0.018269311027067123
0,0,3.A.1 - Enteric Fermentation:CH4,3 - AFOLU,3.A.1 - Enteric Fermentation,0.018261839421153937,2032,CH4,0,0,Strategy TX:BASE,CDMX,cdmx,SISEPUEDE,0.018261839421153937,0.018261839421153937
0,0,3.A.1 - Enteric Fermentation:CH4,3 - AFOLU,3.A.1 - Enteric Fermentation,0.01827851329716716,2033,CH4,0,0,Strategy TX:BASE,CDMX,cdmx,SISEPUEDE,0.01827851329716716,0.01827851329716716
0,0,3.A.1 - Enteric Fermentation:CH4,3 - AFOLU,3.A.1 - Enteric Fermentation,0.01832095878278579,2034,CH4,0,0,Strategy TX:BASE,CDMX,cdmx,SISEPUEDE,0.01832095878278579,0.01832095878278579
0,0,3.A.1 - Enteric Fermentation:CH4,3 - AFOLU,3.A.1 - Enteric Fermentation,0.018389786482079045,2035,CH4,0,0,Strategy TX:BASE,CDMX,cdmx,SISEPUEDE,0.018389786482079045,0.018389786482079045
0,0,3.A.1 - Enteric Fermentation:CH4,3 - AFOLU,3.A.1 - Enteric Fermentation,0.018484620092271854,2036,CH4,0,0,Strategy TX:BASE,CDMX,cdmx,SISEPUEDE,0.018484620092271854,0.018484620092271854
0,0,3.A.1 - Enteric Fermentation:CH4,3 - AFOLU,3.A.1 - Enteric Fermentation,0.01860417026249421,2037,CH4,0,0,Strategy TX:BASE,CDMX,cdmx,SISEPUEDE,0.01860417026249421,0.01860417026249421
0,0,3.A.1 - Enteric Fermentation:CH4,3 - AFOLU,3.A.1 - Enteric Fermentation,0.01874634249032852,2038,CH4,0,0,Strategy TX:BASE,CDMX,cdmx,SISEPUEDE,0.01874634249032852,0.01874634249032852
0,0,3.A.1 - Enteric Fermentation:CH4,3 - AFOLU,3.A.1 - Enteric Fermentation,0.01890836043095707,2039,CH4,0,0,Strategy TX:BASE,CDMX,cdmx,SISEPUEDE,0.01890836043095707,0.01890836043095707
0,0,3.A.1 - Enteric Fermentation:CH4,3 - AFOLU,3.A.1 - Enteric Fermentation,0.01908691997318578,2040,CH4,0,0,Strategy TX:BASE,CDMX,cdmx,SISEPUEDE,0.01908691997318578,0.01908691997318578
0,0,3.A.1 - Enteric Fermentation:CH4,3 - AFOLU,3.A.1 - Enteric Fermentation,0.01927835301772509,2041,CH4,0,0,Strategy TX:BASE,CDMX,cdmx,SISEPUEDE,0.01927835301772509,0.01927835301772509
0,0,3.A.1 - Enteric Fermentation:CH4,3 - AFOLU,3.A.1 - Enteric Fermentation,0.019478794299677738,2042,CH4,0,0,Strategy TX:BASE,CDMX,cdmx,SISEPUEDE,0.019478794299677738,0.019478794299677738
0,0,3.A.1 - Enteric Fermentation:CH4,3 - AFOLU,3.A.1 - Enteric Fermentation,0.019684339103726838,2043,CH4,0,0,Strategy TX:BASE,CDMX,cdmx,SISEPUEDE,0.019684339103726838,0.019684339103726838
0,0,3.A.1 - Enteric Fermentation:CH4,3 - AFOLU,3.A.1 - Enteric Fermentation,0.01989119545195352,2044,CH4,0,0,Strategy TX:BASE,CDMX,cdmx,SISEPUEDE,0.01989119545195352,0.01989119545195352
0,0,3.A.1 - Enteric Fermentation:CH4,3 - AFOLU,3.A.1 - Enteric Fermentation,0.020095812805488437,2045,CH4,0,0,Strategy TX:BASE,CDMX,cdmx,SISEPUEDE,0.020095812805488437,0.020095812805488437
0,0,3.A.1 - Enteric Fermentation:CH4,3 - AFOLU,3.A.1 - Enteric Fermentation,0.02029498418582715,2046,CH4,0,0,Strategy TX:BASE,CDMX,cdmx,SISEPUEDE,0.02029498418582715,0.02029498418582715
0,0,3.A.1 - Enteric Fermentation:CH4,3 - AFOLU,3.A.1 - Enteric Fermentation,0.020485940698877686,2047,CH4,0,0,Strategy TX:BASE,CDMX,cdmx,SISEPUEDE,0.020485940698877686,0.020485940698877686
0,0,3.A.1 - Enteric Fermentation:CH4,3 - AFOLU,3.A.1 - Enteric Fermentation,0.020666421043857356,2048,CH4,0,0,Strategy TX:BASE,CDMX,cdmx,SISEPUEDE,0.020666421043857356,0.020666421043857356
0,0,3.A.1 - Enteric Fermentation:CH4,3 - AFOLU,3.A.1 - Enteric Fermentation,0.020834723566566744,2049,CH4,0,0,Strategy TX:BASE,CDMX,cdmx,SISEPUEDE,0.020834723566566744,0.020834723566566744
0,0,3.A.1 - Enteric Fermentation:CH4,3 - AFOLU,3.A.1 - Enteric Fermentation,0.020989717192676827,2050,CH4,0,0,Strategy TX:BASE,CDMX,cdmx,SISEPUEDE,0.020989717192676827,0.020989717192676827
0,0,3.A.1 - Enteric Fermentation:CH4,3 - AFOLU,3.A.1 - Enteric Fermentation,0.02113085547345246,2051,CH4,0,0,Strategy TX:BASE,CDMX,cdmx,SISEPUEDE,0.02113085547345246,0.02113085547345246
0,0,3.A.1 - Enteric Fermentation:CH4,3 - AFOLU,3.A.1 - Enteric Fermentation,0.021258165669666106,2052,CH4,0,0,Strategy TX:BASE,CDMX,cdmx,SISEPUEDE,0.021258165669666106,0.021258165669666106
0,0,3.A.1 - Enteric Fermentation:CH4,3 - AFOLU,3.A.1 - Enteric Fermentation,0.021372209523288617,2053,CH4,0,0,Strategy TX:BASE,CDMX,cdmx,SISEPUEDE,0.021372209523288617,0.021372209523288617
0,0,3.A.1 - Enteric Fermentation:CH4,3 - AFOLU,3.A.1 - Enteric Fermentation,0.021474045516313656,2054,CH4,0,0,Strategy TX:BASE,CDMX,cdmx,SISEPUEDE,0.021474045516313656,0.021474045516313656
0,0,3.A.1 - Enteric Fermentation:CH4,3 - AFOLU,3.A.1 - Enteric Fermentation,0.021565165248844373,2055,CH4,0,0,Strategy TX:BASE,CDMX,cdmx,SISEPUEDE,0.021565165248844373,0.021565165248844373
0,0,3.A.1 - Enteric Fermentation:CH4,3 - AFOLU,3.A.1 - Enteric Fermentation,0.021647406369976602,2056,CH4,0,0,Strategy TX:BASE,CDMX,cdmx,SISEPUEDE,0.021647406369976602,0.021647406369976602
0,0,3.A.1 - Enteric Fermentation:CH4,3 - AFOLU,3.A.1 - Enteric Fermentation,0.021722826286738557,2057,CH4,0,0,Strategy TX:BASE,CDMX,cdmx,SISEPUEDE,0.021722826286738557,0.021722826286738557
0,0,3.A.1 - Enteric Fermentation:CH4,3 - AFOLU,3.A.1 - Enteric Fermentation,0.02179356400949051,2058,CH4,0,0,Strategy TX:BASE,CDMX,cdmx,SISEPUEDE,0.02179356400949051,0.02179356400949051
0,0,3.A.1 - Enteric Fermentation:CH4,3 - AFOLU,3.A.1 - Enteric Fermentation,0.021861639871527335,2059,CH4,0,0,Strategy TX:BASE,CDMX,cdmx,SISEPUEDE,0.021861639871527335,0.021861639871527335
0,0,3.A.1 - Enteric Fermentation:CH4,3 - AFOLU,3.A.1 - Enteric Fermentation,0.02192871302888904,2060,CH4,0,0,Strategy TX:BASE,CDMX,cdmx,SISEPUEDE,0.02192871302888904,0.02192871302888904
0,0,3.A.2 - Manure Management:CH4,3 - AFOLU,3.A.2 - Manure Management,0.0033491551846842253,2022,CH4,0,0,Strategy TX:BASE,CDMX,cdmx,SISEPUEDE,0.0033491551846842253,0.0033491551846842253
0,0,3.A.2 - Manure Management:CH4,3 - AFOLU,3.A.2 - Manure Management,0.0033774947360886696,2023,CH4,0,0,Strategy TX:BASE,CDMX,cdmx,SISEPUEDE,0.0033774947360886696,0.0033774947360886696
0,0,3.A.2 - Manure Management:CH4,3 - AFOLU,3.A.2 - Manure Management,0.0033959388484318407,2024,CH4,0,0,Strategy TX:BASE,CDMX,cdmx,SISEPUEDE,0.0033959388484318407,0.0033959388484318407
0,0,3.A.2 - Manure Management:CH4,3 - AFOLU,3.A.2 - Manure Management,0.0034038326285224557,2025,CH4,0,0,Strategy TX:BASE,CDMX,cdmx,SISEPUEDE,0.0034038326285224557,0.0034038326285224557
0,0,3.A.2 - Manure Management:CH4,3 - AFOLU,3.A.2 - Manure Management,0.0034177290157835468,2026,CH4,0,0,Strategy TX:BASE,CDMX,cdmx,SISEPUEDE,0.0034177290157835468,0.0034177290157835468
0,0,3.A.2 - Manure Management:CH4,3 - AFOLU,3.A.2 - Manure Management,0.0034316562815221493,2027,CH4,0,0,Strategy TX:BASE,CDMX,cdmx,SISEPUEDE,0.0034316562815221493,0.0034316562815221493
0,0,3.A.2 - Manure Management:CH4,3 - AFOLU,3.A.2 - Manure Management,0.003445668410559218,2028,CH4,0,0,Strategy TX:BASE,CDMX,cdmx,SISEPUEDE,0.003445668410559218,0.003445668410559218
0,0,3.A.2 - Manure Management:CH4,3 - AFOLU,3.A.2 - Manure Management,0.003459835274029841,2029,CH4,0,0,Strategy TX:BASE,CDMX,cdmx,SISEPUEDE,0.003459835274029841,0.003459835274029841
0,0,3.A.2 - Manure Management:CH4,3 - AFOLU,3.A.2 - Manure Management,0.0034742313974283887,2030,CH4,0,0,Strategy TX:BASE,CDMX,cdmx,SISEPUEDE,0.0034742313974283887,0.0034742313974283887
0,0,3.A.2 - Manure Management:CH4,3 - AFOLU,3.A.2 - Manure Management,0.0034889223544769866,2031,CH4,0,0,Strategy TX:BASE,CDMX,cdmx,SISEPUEDE,0.0034889223544769866,0.0034889223544769866
0,0,3.A.2 - Manure Management:CH4,3 - AFOLU,3.A.2 - Manure Management,0.003503954347921521,2032,CH4,0,0,Strategy TX:BASE,CDMX,cdmx,SISEPUEDE,0.003503954347921521,0.003503954347921521
0,0,3.A.2 - Manure Management:CH4,3 - AFOLU,3.A.2 - Manure Management,0.0035193445679163747,2033,CH4,0,0,Strategy TX:BASE,CDMX,cdmx,SISEPUEDE,0.0035193445679163747,0.0035193445679163747
0,0,3.A.2 - Manure Management:CH4,3 - AFOLU,3.A.2 - Manure Management,0.0035350752520503007,2034,CH4,0,0,Strategy TX:BASE,CDMX,cdmx,SISEPUEDE,0.0035350752520503007,0.0035350752520503007
0,0,3.A.2 - Manure Management:CH4,3 - AFOLU,3.A.2 - Manure Management,0.003551090840563102,2035,CH4,0,0,Strategy TX:BASE,CDMX,cdmx,SISEPUEDE,0.003551090840563102,0.003551090840563102
0,0,3.A.2 - Manure Management:CH4,3 - AFOLU,3.A.2 - Manure Management,0.003567297247195958,2036,CH4,0,0,Strategy TX:BASE,CDMX,cdmx,SISEPUEDE,0.003567297247195958,0.003567297247195958
0,0,3.A.2 - Manure Management:CH4,3 - AFOLU,3.A.2 - Manure Management,0.0035835649609373657,2037,CH4,0,0,Strategy TX:BASE,CDMX,cdmx,SISEPUEDE,0.0035835649609373657,0.0035835649609373657
0,0,3.A.2 - Manure Management:CH4,3 - AFOLU,3.A.2 - Manure Management,0.0035997332341237043,2038,CH4,0,0,Strategy TX:BASE,CDMX,cdmx,SISEPUEDE,0.0035997332341237043,0.0035997332341237043
0,0,3.A.2 - Manure Management:CH4,3 - AFOLU,3.A.2 - Manure Management,0.003615618656796564,2039,CH4,0,0,Strategy TX:BASE,CDMX,cdmx,SISEPUEDE,0.003615618656796564,0.003615618656796564
0,0,3.A.2 - Manure Management:CH4,3 - AFOLU,3.A.2 - Manure Management,0.0036310248949816665,2040,CH4,0,0,Strategy TX:BASE,CDMX,cdmx,SISEPUEDE,0.0036310248949816665,0.0036310248949816665
0,0,3.A.2 - Manure Management:CH4,3 - AFOLU,3.A.2 - Manure Management,0.0036457550124103324,2041,CH4,0,0,Strategy TX:BASE,CDMX,cdmx,SISEPUEDE,0.0036457550124103324,0.0036457550124103324
0,0,3.A.2 - Manure Management:CH4,3 - AFOLU,3.A.2 - Manure Management,0.0036596237113504693,2042,CH4,0,0,Strategy TX:BASE,CDMX,cdmx,SISEPUEDE,0.0036596237113504693,0.0036596237113504693
0,0,3.A.2 - Manure Management:CH4,3 - AFOLU,3.A.2 - Manure Management,0.0036724665165796897,2043,CH4,0,0,Strategy TX:BASE,CDMX,cdmx,SISEPUEDE,0.0036724665165796897,0.0036724665165796897
0,0,3.A.2 - Manure Management:CH4,3 - AFOLU,3.A.2 - Manure Management,0.003684146850296617,2044,CH4,0,0,Strategy TX:BASE,CDMX,cdmx,SISEPUEDE,0.003684146850296617,0.003684146850296617
0,0,3.A.2 - Manure Management:CH4,3 - AFOLU,3.A.2 - Manure Management,0.003694559773873358,2045,CH4,0,0,Strategy TX:BASE,CDMX,cdmx,SISEPUEDE,0.003694559773873358,0.003694559773873358
0,0,3.A.2 - Manure Management:CH4,3 - AFOLU,3.A.2 - Manure Management,0.003703632822912414,2046,CH4,0,0,Strategy TX:BASE,CDMX,cdmx,SISEPUEDE,0.003703632822912414,0.003703632822912414
0,0,3.A.2 - Manure Management:CH4,3 - AFOLU,3.A.2 - Manure Management,0.0037113255296924276,2047,CH4,0,0,Strategy TX:BASE,CDMX,cdmx,SISEPUEDE,0.0037113255296924276,0.0037113255296924276
0,0,3.A.2 - Manure Management:CH4,3 - AFOLU,3.A.2 - Manure Management,0.003717628425593847,2048,CH4,0,0,Strategy TX:BASE,CDMX,cdmx,SISEPUEDE,0.003717628425593847,0.003717628425593847
0,0,3.A.2 - Manure Management:CH4,3 - AFOLU,3.A.2 - Manure Management,0.0037225596121916726,2049,CH4,0,0,Strategy TX:BASE,CDMX,cdmx,SISEPUEDE,0.0037225596121916726,0.0037225596121916726
0,0,3.A.2 - Manure Management:CH4,3 - AFOLU,3.A.2 - Manure Management,0.0037261613409392946,2050,CH4,0,0,Strategy TX:BASE,CDMX,cdmx,SISEPUEDE,0.0037261613409392946,0.0037261613409392946
0,0,3.A.2 - Manure Management:CH4,3 - AFOLU,3.A.2 - Manure Management,0.0037284980680005707,2051,CH4,0,0,Strategy TX:BASE,CDMX,cdmx,SISEPUEDE,0.0037284980680005707,0.0037284980680005707
0,0,3.A.2 - Manure Management:CH4,3 - AFOLU,3.A.2 - Manure Management,0.0037296546451244684,2052,CH4,0,0,Strategy TX:BASE,CDMX,cdmx,SISEPUEDE,0.0037296546451244684,0.0037296546451244684
0,0,3.A.2 - Manure Management:CH4,3 - AFOLU,3.A.2 - Manure Management,0.0037297337297234755,2053,CH4,0,0,Strategy TX:BASE,CDMX,cdmx,SISEPUEDE,0.0037297337297234755,0.0037297337297234755
0,0,3.A.2 - Manure Management:CH4,3 - AFOLU,3.A.2 - Manure Management,0.0037288549676789203,2054,CH4,0,0,Strategy TX:BASE,CDMX,cdmx,SISEPUEDE,0.0037288549676789203,0.0037288549676789203
0,0,3.A.2 - Manure Management:CH4,3 - AFOLU,3.A.2 - Manure Management,0.003727154702353973,2055,CH4,0,0,Strategy TX:BASE,CDMX,cdmx,SISEPUEDE,0.003727154702353973,0.003727154702353973
0,0,3.A.2 - Manure Management:CH4,3 - AFOLU,3.A.2 - Manure Management,0.003724783763186261,2056,CH4,0,0,Strategy TX:BASE,CDMX,cdmx,SISEPUEDE,0.003724783763186261,0.003724783763186261
0,0,3.A.2 - Manure Management:CH4,3 - AFOLU,3.A.2 - Manure Management,0.0037219024805449823,2057,CH4,0,0,Strategy TX:BASE,CDMX,cdmx,SISEPUEDE,0.0037219024805449823,0.0037219024805449823
0,0,3.A.2 - Manure Management:CH4,3 - AFOLU,3.A.2 - Manure Management,0.0037186727099759904,2058,CH4,0,0,Strategy TX:BASE,CDMX,cdmx,SISEPUEDE,0.0037186727099759904,0.0037186727099759904
0,0,3.A.2 - Manure Management:CH4,3 - AFOLU,3.A.2 - Manure Management,0.0037152455008706356,2059,CH4,0,0,Strategy TX:BASE,CDMX,cdmx,SISEPUEDE,0.0037152455008706356,0.0037152455008706356
0,0,3.A.2 - Manure Management:CH4,3 - AFOLU,3.A.2 - Manure Management,0.003711744100977307,2060,CH4,0,0,Strategy TX:BASE,CDMX,cdmx,SISEPUEDE,0.003711744100977307,0.003711744100977307
0,0,3.A.2 - Manure Management:N2O,3 - AFOLU,3.A.2 - Manure Management,0.0020667149641465537,2022,N2O,0,0,Strategy TX:BASE,CDMX,cdmx,SISEPUEDE,0.0020667149641465537,
0,0,3.A.2 - Manure Management:N2O,3 - AFOLU,3.A.2 - Manure Management,0.0020608237660254404,2023,N2O,0,0,Strategy TX:BASE,CDMX,cdmx,SISEPUEDE,0.0020608237660254404,
0,0,3.A.2 - Manure Management:N2O,3 - AFOLU,3.A.2 - Manure Management,0.0020531392566185865,2024,N2O,0,0,Strategy TX:BASE,CDMX,cdmx,SISEPUEDE,0.0020531392566185865,
0,0,3.A.2 - Manure Management:N2O,3 - AFOLU,3.A.2 - Manure Management,0.002043566589014167,2025,N2O,0,0,Strategy TX:BASE,CDMX,cdmx,SISEPUEDE,0.002043566589014167,
0,0,3.A.2 - Manure Management:N2O,3 - AFOLU,3.A.2 - Manure Management,0.002035274649052302,2026,N2O,0,0,Strategy TX:BASE,CDMX,cdmx,SISEPUEDE,0.002035274649052302,
0,0,3.A.2 - Manure Management:N2O,3 - AFOLU,3.A.2 - Manure Management,0.002027099507704343,2027,N2O,0,0,Strategy TX:BASE,CDMX,cdmx,SISEPUEDE,0.002027099507704343,
0,0,3.A.2 - Manure Management:N2O,3 - AFOLU,3.A.2 - Manure Management,0.0020190554553002732,2028,N2O,0,0,Strategy TX:BASE,CDMX,cdmx,SISEPUEDE,0.0020190554553002732,
0,0,3.A.2 - Manure Management:N2O,3 - AFOLU,3.A.2 - Manure Management,0.0020132135392984577,2029,N2O,0,0,Strategy TX:BASE,CDMX,cdmx,SISEPUEDE,0.0020132135392984577,
0,0,3.A.2 - Manure Management:N2O,3 - AFOLU,3.A.2 - Manure Management,0.0020090468310701463,2030,N2O,0,0,Strategy TX:BASE,CDMX,cdmx,SISEPUEDE,0.0020090468310701463,
0,0,3.A.2 - Manure Management:N2O,3 - AFOLU,3.A.2 - Manure Management,0.0020076571137456083,2031,N2O,0,0,Strategy TX:BASE,CDMX,cdmx,SISEPUEDE,0.0020076571137456083,
0,0,3.A.2 - Manure Management:N2O,3 - AFOLU,3.A.2 - Manure Management,0.0020082629545340614,2032,N2O,0,0,Strategy TX:BASE,CDMX,cdmx,SISEPUEDE,0.0020082629545340614,
0,0,3.A.2 - Manure Management:N2O,3 - AFOLU,3.A.2 - Manure Management,0.0020114476056281505,2033,N2O,0,0,Strategy TX:BASE,CDMX,cdmx,SISEPUEDE,0.0020114476056281505,
0,0,3.A.2 - Manure Management:N2O,3 - AFOLU,3.A.2 - Manure Management,0.002016896348712231,2034,N2O,0,0,Strategy TX:BASE,CDMX,cdmx,SISEPUEDE,0.002016896348712231,
0,0,3.A.2 - Manure Management:N2O,3 - AFOLU,3.A.2 - Manure Management,0.0020243905655888375,2035,N2O,0,0,Strategy TX:BASE,CDMX,cdmx,SISEPUEDE,0.0020243905655888375,
0,0,3.A.2 - Manure Management:N2O,3 - AFOLU,3.A.2 - Manure Management,0.002033436921553606,2036,N2O,0,0,Strategy TX:BASE,CDMX,cdmx,SISEPUEDE,0.002033436921553606,
0,0,3.A.2 - Manure Management:N2O,3 - AFOLU,3.A.2 - Manure Management,0.0020441445672741707,2037,N2O,0,0,Strategy TX:BASE,CDMX,cdmx,SISEPUEDE,0.0020441445672741707,
0,0,3.A.2 - Manure Management:N2O,3 - AFOLU,3.A.2 - Manure Management,0.0020563701083303218,2038,N2O,0,0,Strategy TX:BASE,CDMX,cdmx,SISEPUEDE,0.0020563701083303218,
0,0,3.A.2 - Manure Management:N2O,3 - AFOLU,3.A.2 - Manure Management,0.002069860503912946,2039,N2O,0,0,Strategy TX:BASE,CDMX,cdmx,SISEPUEDE,0.002069860503912946,
0,0,3.A.2 - Manure Management:N2O,3 - AFOLU,3.A.2 - Manure Management,0.0020839301954357022,2040,N2O,0,0,Strategy TX:BASE,CDMX,cdmx,SISEPUEDE,0.0020839301954357022,
0,0,3.A.2 - Manure Management:N2O,3 - AFOLU,3.A.2 - Manure Management,0.0020978600345371245,2041,N2O,0,0,Strategy TX:BASE,CDMX,cdmx,SISEPUEDE,0.0020978600345371245,
0,0,3.A.2 - Manure Management:N2O,3 - AFOLU,3.A.2 - Manure Management,0.002112154130750472,2042,N2O,0,0,Strategy TX:BASE,CDMX,cdmx,SISEPUEDE,0.002112154130750472,
0,0,3.A.2 - Manure Management:N2O,3 - AFOLU,3.A.2 - Manure Management,0.0021256540584674417,2043,N2O,0,0,Strategy TX:BASE,CDMX,cdmx,SISEPUEDE,0.0021256540584674417,
0,0,3.A.2 - Manure Management:N2O,3 - AFOLU,3.A.2 - Manure Management,0.0021382834404303926,2044,N2O,0,0,Strategy TX:BASE,CDMX,cdmx,SISEPUEDE,0.0021382834404303926,
0,0,3.A.2 - Manure Management:N2O,3 - AFOLU,3.A.2 - Manure Management,0.0021504387059739743,2045,N2O,0,0,Strategy TX:BASE,CDMX,cdmx,SISEPUEDE,0.0021504387059739743,
0,0,3.A.2 - Manure Management:N2O,3 - AFOLU,3.A.2 - Manure Management,0.002161648231778462,2046,N2O,0,0,Strategy TX:BASE,CDMX,cdmx,SISEPUEDE,0.002161648231778462,
0,0,3.A.2 - Manure Management:N2O,3 - AFOLU,3.A.2 - Manure Management,0.002171712507887311,2047,N2O,0,0,Strategy TX:BASE,CDMX,cdmx,SISEPUEDE,0.002171712507887311,
0,0,3.A.2 - Manure Management:N2O,3 - AFOLU,3.A.2 - Manure Management,0.00218031662670142,2048,N2O,0,0,Strategy TX:BASE,CDMX,cdmx,SISEPUEDE,0.00218031662670142,
0,0,3.A.2 - Manure Management:N2O,3 - AFOLU,3.A.2 - Manure Management,0.002187854094213459,2049,N2O,0,0,Strategy TX:BASE,CDMX,cdmx,SISEPUEDE,0.002187854094213459,
0,0,3.A.2 - Manure Management:N2O,3 - AFOLU,3.A.2 - Manure Management,0.0021945521065352973,2050,N2O,0,0,Strategy TX:BASE,CDMX,cdmx,SISEPUEDE,0.0021945521065352973,
0,0,3.A.2 - Manure Management:N2O,3 - AFOLU,3.A.2 - Manure Management,0.0021994697625869657,2051,N2O,0,0,Strategy TX:BASE,CDMX,cdmx,SISEPUEDE,0.0021994697625869657,
0,0,3.A.2 - Manure Management:N2O,3 - AFOLU,3.A.2 - Manure Management,0.0022037634018145374,2052,N2O,0,0,Strategy TX:BASE,CDMX,cdmx,SISEPUEDE,0.0022037634018145374,
0,0,3.A.2 - Manure Management:N2O,3 - AFOLU,3.A.2 - Manure Management,0.0022067357914846326,2053,N2O,0,0,Strategy TX:BASE,CDMX,cdmx,SISEPUEDE,0.0022067357914846326,
0,0,3.A.2 - Manure Management:N2O,3 - AFOLU,3.A.2 - Manure Management,0.002208486477743898,2054,N2O,0,0,Strategy TX:BASE,CDMX,cdmx,SISEPUEDE,0.002208486477743898,
0,0,3.A.2 - Manure Management:N2O,3 - AFOLU,3.A.2 - Manure Management,0.0022088711686990533,2055,N2O,0,0,Strategy TX:BASE,CDMX,cdmx,SISEPUEDE,0.0022088711686990533,
0,0,3.A.2 - Manure Management:N2O,3 - AFOLU,3.A.2 - Manure Management,0.002208380947387628,2056,N2O,0,0,Strategy TX:BASE,CDMX,cdmx,SISEPUEDE,0.002208380947387628,
0,0,3.A.2 - Manure Management:N2O,3 - AFOLU,3.A.2 - Manure Management,0.00220647253812784,2057,N2O,0,0,Strategy TX:BASE,CDMX,cdmx,SISEPUEDE,0.00220647253812784,
0,0,3.A.2 - Manure Management:N2O,3 - AFOLU,3.A.2 - Manure Management,0.002203540945550092,2058,N2O,0,0,Strategy TX:BASE,CDMX,cdmx,SISEPUEDE,0.002203540945550092,
0,0,3.A.2 - Manure Management:N2O,3 - AFOLU,3.A.2 - Manure Management,0.002199715393788534,2059,N2O,0,0,Strategy TX:BASE,CDMX,cdmx,SISEPUEDE,0.002199715393788534,
0,0,3.A.2 - Manure Management:N2O,3 - AFOLU,3.A.2 - Manure Management,0.0021951044648552322,2060,N2O,0,0,Strategy TX:BASE,CDMX,cdmx,SISEPUEDE,0.0021951044648552322,
0,0,3.B - Forest Land:CO2,3 - AFOLU,3.B - Forest Land,-0.1120824360834716,2022,CO2,0,0,Strategy TX:BASE,CDMX,cdmx,SISEPUEDE,-0.1120824360834716,
0,0,3.B - Forest Land:CO2,3 - AFOLU,3.B - Forest Land,-0.1119824998013312,2023,CO2,0,0,Strategy TX:BASE,CDMX,cdmx,SISEPUEDE,-0.1119824998013312,
0,0,3.B - Forest Land:CO2,3 - AFOLU,3.B - Forest Land,-0.1118783096088319,2024,CO2,0,0,Strategy TX:BASE,CDMX,cdmx,SISEPUEDE,-0.1118783096088319,
0,0,3.B - Forest Land:CO2,3 - AFOLU,3.B - Forest Land,-0.1117700696616753,2025,CO2,0,0,Strategy TX:BASE,CDMX,cdmx,SISEPUEDE,-0.1117700696616753,
0,0,3.B - Forest Land:CO2,3 - AFOLU,3.B - Forest Land,-0.1116579770461441,2026,CO2,0,0,Strategy TX:BASE,CDMX,cdmx,SISEPUEDE,-0.1116579770461441,
0,0,3.B - Forest Land:CO2,3 - AFOLU,3.B - Forest Land,-0.1115422219966093,2027,CO2,0,0,Strategy TX:BASE,CDMX,cdmx,SISEPUEDE,-0.1115422219966093,
0,0,3.B - Forest Land:CO2,3 - AFOLU,3.B - Forest Land,-0.1114229881065425,2028,CO2,0,0,Strategy TX:BASE,CDMX,cdmx,SISEPUEDE,-0.1114229881065425,
0,0,3.B - Forest Land:CO2,3 - AFOLU,3.B - Forest Land,-0.1113030685346607,2029,CO2,0,0,Strategy TX:BASE,CDMX,cdmx,SISEPUEDE,-0.1113030685346607,
0,0,3.B - Forest Land:CO2,3 - AFOLU,3.B - Forest Land,-0.1111800467606501,2030,CO2,0,0,Strategy TX:BASE,CDMX,cdmx,SISEPUEDE,-0.1111800467606501,
0,0,3.B - Forest Land:CO2,3 - AFOLU,3.B - Forest Land,-0.1110516261063349,2031,CO2,0,0,Strategy TX:BASE,CDMX,cdmx,SISEPUEDE,-0.1110516261063349,
0,0,3.B - Forest Land:CO2,3 - AFOLU,3.B - Forest Land,-0.1109155977291894,2032,CO2,0,0,Strategy TX:BASE,CDMX,cdmx,SISEPUEDE,-0.1109155977291894,
0,0,3.B - Forest Land:CO2,3 - AFOLU,3.B - Forest Land,-0.1107736005854514,2033,CO2,0,0,Strategy TX:BASE,CDMX,cdmx,SISEPUEDE,-0.1107736005854514,
0,0,3.B - Forest Land:CO2,3 - AFOLU,3.B - Forest Land,-0.1106278399839126,2034,CO2,0,0,Strategy TX:BASE,CDMX,cdmx,SISEPUEDE,-0.1106278399839126,
0,0,3.B - Forest Land:CO2,3 - AFOLU,3.B - Forest Land,-0.1104768540970604,2035,CO2,0,0,Strategy TX:BASE,CDMX,cdmx,SISEPUEDE,-0.1104768540970604,
0,0,3.B - Forest Land:CO2,3 - AFOLU,3.B - Forest Land,-0.1103197861500306,2036,CO2,0,0,Strategy TX:BASE,CDMX,cdmx,SISEPUEDE,-0.1103197861500306,
0,0,3.B - Forest Land:CO2,3 - AFOLU,3.B - Forest Land,-0.1101561591479945,2037,CO2,0,0,Strategy TX:BASE,CDMX,cdmx,SISEPUEDE,-0.1101561591479945,
0,0,3.B - Forest Land:CO2,3 - AFOLU,3.B - Forest Land,-0.1099853896199961,2038,CO2,0,0,Strategy TX:BASE,CDMX,cdmx,SISEPUEDE,-0.1099853896199961,
0,0,3.B - Forest Land:CO2,3 - AFOLU,3.B - Forest Land,-0.1098072066672812,2039,CO2,0,0,Strategy TX:BASE,CDMX,cdmx,SISEPUEDE,-0.1098072066672812,
0,0,3.B - Forest Land:CO2,3 - AFOLU,3.B - Forest Land,-0.1096215301654976,2040,CO2,0,0,Strategy TX:BASE,CDMX,cdmx,SISEPUEDE,-0.1096215301654976,
0,0,3.B - Forest Land:CO2,3 - AFOLU,3.B - Forest Land,-0.1094289927956232,2041,CO2,0,0,Strategy TX:BASE,CDMX,cdmx,SISEPUEDE,-0.1094289927956232,
0,0,3.B - Forest Land:CO2,3 - AFOLU,3.B - Forest Land,-0.1092306664745034,2042,CO2,0,0,Strategy TX:BASE,CDMX,cdmx,SISEPUEDE,-0.1092306664745034,
0,0,3.B - Forest Land:CO2,3 - AFOLU,3.B - Forest Land,-0.109029273448967,2043,CO2,0,0,Strategy TX:BASE,CDMX,cdmx,SISEPUEDE,-0.109029273448967,
0,0,3.B - Forest Land:CO2,3 - AFOLU,3.B - Forest Land,-0.1088273987653248,2044,CO2,0,0,Strategy TX:BASE,CDMX,cdmx,SISEPUEDE,-0.1088273987653248,
0,0,3.B - Forest Land:CO2,3 - AFOLU,3.B - Forest Land,-0.1086267346098145,2045,CO2,0,0,Strategy TX:BASE,CDMX,cdmx,SISEPUEDE,-0.1086267346098145,
0,0,3.B - Forest Land:CO2,3 - AFOLU,3.B - Forest Land,-0.1084272790944358,2046,CO2,0,0,Strategy TX:BASE,CDMX,cdmx,SISEPUEDE,-0.1084272790944358,
0,0,3.B - Forest Land:CO2,3 - AFOLU,3.B - Forest Land,-0.1082302529658023,2047,CO2,0,0,Strategy TX:BASE,CDMX,cdmx,SISEPUEDE,-0.1082302529658023,
0,0,3.B - Forest Land:CO2,3 - AFOLU,3.B - Forest Land,-0.1080364415428729,2048,CO2,0,0,Strategy TX:BASE,CDMX,cdmx,SISEPUEDE,-0.1080364415428729,
0,0,3.B - Forest Land:CO2,3 - AFOLU,3.B - Forest Land,-0.1078466979508373,2049,CO2,0,0,Strategy TX:BASE,CDMX,cdmx,SISEPUEDE,-0.1078466979508373,
0,0,3.B - Forest Land:CO2,3 - AFOLU,3.B - Forest Land,-0.1076612040314479,2050,CO2,0,0,Strategy TX:BASE,CDMX,cdmx,SISEPUEDE,-0.1076612040314479,
0,0,3.B - Forest Land:CO2,3 - AFOLU,3.B - Forest Land,-0.1074805641470366,2051,CO2,0,0,Strategy TX:BASE,CDMX,cdmx,SISEPUEDE,-0.1074805641470366,
0,0,3.B - Forest Land:CO2,3 - AFOLU,3.B - Forest Land,-0.1073050141091818,2052,CO2,0,0,Strategy TX:BASE,CDMX,cdmx,SISEPUEDE,-0.1073050141091818,
0,0,3.B - Forest Land:CO2,3 - AFOLU,3.B - Forest Land,-0.1071349793475177,2053,CO2,0,0,Strategy TX:BASE,CDMX,cdmx,SISEPUEDE,-0.1071349793475177,
0,0,3.B - Forest Land:CO2,3 - AFOLU,3.B - Forest Land,-0.1069708274898249,2054,CO2,0,0,Strategy TX:BASE,CDMX,cdmx,SISEPUEDE,-0.1069708274898249,
0,0,3.B - Forest Land:CO2,3 - AFOLU,3.B - Forest Land,-0.1068129379334686,2055,CO2,0,0,Strategy TX:BASE,CDMX,cdmx,SISEPUEDE,-0.1068129379334686,
0,0,3.B - Forest Land:CO2,3 - AFOLU,3.B - Forest Land,-0.1066620594330297,2056,CO2,0,0,Strategy TX:BASE,CDMX,cdmx,SISEPUEDE,-0.1066620594330297,
0,0,3.B - Forest Land:CO2,3 - AFOLU,3.B - Forest Land,-0.1065180074842252,2057,CO2,0,0,Strategy TX:BASE,CDMX,cdmx,SISEPUEDE,-0.1065180074842252,
0,0,3.B - Forest Land:CO2,3 - AFOLU,3.B - Forest Land,-0.1063810566610806,2058,CO2,0,0,Strategy TX:BASE,CDMX,cdmx,SISEPUEDE,-0.1063810566610806,
0,0,3.B - Forest Land:CO2,3 - AFOLU,3.B - Forest Land,-0.1062509468523989,2059,CO2,0,0,Strategy TX:BASE,CDMX,cdmx,SISEPUEDE,-0.1062509468523989,
0,0,3.B - Forest Land:CO2,3 - AFOLU,3.B - Forest Land,-0.1061274033573438,2060,CO2,0,0,Strategy TX:BASE,CDMX,cdmx,SISEPUEDE,-0.1061274033573438,
0,0,3.B - Land Use:CO2,3 - AFOLU,3.B - Land Use,0.0207779731509103,2022,CO2,0,0,Strategy TX:BASE,CDMX,cdmx,SISEPUEDE,0.0207779731509103,
0,0,3.B - Land Use:CO2,3 - AFOLU,3.B - Land Use,0.0206417653082219,2023,CO2,0,0,Strategy TX:BASE,CDMX,cdmx,SISEPUEDE,0.0206417653082219,
0,0,3.B - Land Use:CO2,3 - AFOLU,3.B - Land Use,0.020504584883397,2024,CO2,0,0,Strategy TX:BASE,CDMX,cdmx,SISEPUEDE,0.020504584883397,
0,0,3.B - Land Use:CO2,3 - AFOLU,3.B - Land Use,0.0203664885467162,2025,CO2,0,0,Strategy TX:BASE,CDMX,cdmx,SISEPUEDE,0.0203664885467162,
0,0,3.B - Land Use:CO2,3 - AFOLU,3.B - Land Use,0.0202275324087145,2026,CO2,0,0,Strategy TX:BASE,CDMX,cdmx,SISEPUEDE,0.0202275324087145,
0,0,3.B - Land Use:CO2,3 - AFOLU,3.B - Land Use,0.0200877718949722,2027,CO2,0,0,Strategy TX:BASE,CDMX,cdmx,SISEPUEDE,0.0200877718949722,
0,0,3.B - Land Use:CO2,3 - AFOLU,3.B - Land Use,0.0197905621097544,2028,CO2,0,0,Strategy TX:BASE,CDMX,cdmx,SISEPUEDE,0.0197905621097544,
0,0,3.B - Land Use:CO2,3 - AFOLU,3.B - Land Use,0.0195844236159471,2029,CO2,0,0,Strategy TX:BASE,CDMX,cdmx,SISEPUEDE,0.0195844236159471,
0,0,3.B - Land Use:CO2,3 - AFOLU,3.B - Land Use,0.0194625114924911,2030,CO2,0,0,Strategy TX:BASE,CDMX,cdmx,SISEPUEDE,0.0194625114924911,
0,0,3.B - Land Use:CO2,3 - AFOLU,3.B - Land Use,0.0193108499803136,2031,CO2,0,0,Strategy TX:BASE,CDMX,cdmx,SISEPUEDE,0.0193108499803136,
0,0,3.B - Land Use:CO2,3 - AFOLU,3.B - Land Use,0.0194130903591176,2032,CO2,0,0,Strategy TX:BASE,CDMX,cdmx,SISEPUEDE,0.0194130903591176,
0,0,3.B - Land Use:CO2,3 - AFOLU,3.B - Land Use,0.0194012864906421,2033,CO2,0,0,Strategy TX:BASE,CDMX,cdmx,SISEPUEDE,0.0194012864906421,
0,0,3.B - Land Use:CO2,3 - AFOLU,3.B - Land Use,0.0195079889133453,2034,CO2,0,0,Strategy TX:BASE,CDMX,cdmx,SISEPUEDE,0.0195079889133453,
0,0,3.B - Land Use:CO2,3 - AFOLU,3.B - Land Use,0.019633256819367,2035,CO2,0,0,Strategy TX:BASE,CDMX,cdmx,SISEPUEDE,0.019633256819367,
0,0,3.B - Land Use:CO2,3 - AFOLU,3.B - Land Use,0.0197715571253307,2036,CO2,0,0,Strategy TX:BASE,CDMX,cdmx,SISEPUEDE,0.0197715571253307,
0,0,3.B - Land Use:CO2,3 - AFOLU,3.B - Land Use,0.0199161806899733,2037,CO2,0,0,Strategy TX:BASE,CDMX,cdmx,SISEPUEDE,0.0199161806899733,
0,0,3.B - Land Use:CO2,3 - AFOLU,3.B - Land Use,0.0200634267179983,2038,CO2,0,0,Strategy TX:BASE,CDMX,cdmx,SISEPUEDE,0.0200634267179983,
0,0,3.B - Land Use:CO2,3 - AFOLU,3.B - Land Use,0.0202187491579997,2039,CO2,0,0,Strategy TX:BASE,CDMX,cdmx,SISEPUEDE,0.0202187491579997,
0,0,3.B - Land Use:CO2,3 - AFOLU,3.B - Land Use,0.0203955255729604,2040,CO2,0,0,Strategy TX:BASE,CDMX,cdmx,SISEPUEDE,0.0203955255729604,
0,0,3.B - Land Use:CO2,3 - AFOLU,3.B - Land Use,0.0205609723888496,2041,CO2,0,0,Strategy TX:BASE,CDMX,cdmx,SISEPUEDE,0.0205609723888496,
0,0,3.B - Land Use:CO2,3 - AFOLU,3.B - Land Use,0.0206954590864423,2042,CO2,0,0,Strategy TX:BASE,CDMX,cdmx,SISEPUEDE,0.0206954590864423,
0,0,3.B - Land Use:CO2,3 - AFOLU,3.B - Land Use,0.0208178382483029,2043,CO2,0,0,Strategy TX:BASE,CDMX,cdmx,SISEPUEDE,0.0208178382483029,
0,0,3.B - Land Use:CO2,3 - AFOLU,3.B - Land Use,0.0209104691479589,2044,CO2,0,0,Strategy TX:BASE,CDMX,cdmx,SISEPUEDE,0.0209104691479589,
0,0,3.B - Land Use:CO2,3 - AFOLU,3.B - Land Use,0.020950644827283,2045,CO2,0,0,Strategy TX:BASE,CDMX,cdmx,SISEPUEDE,0.020950644827283,
0,0,3.B - Land Use:CO2,3 - AFOLU,3.B - Land Use,0.0209554008486208,2046,CO2,0,0,Strategy TX:BASE,CDMX,cdmx,SISEPUEDE,0.0209554008486208,
0,0,3.B - Land Use:CO2,3 - AFOLU,3.B - Land Use,0.0209356690567937,2047,CO2,0,0,Strategy TX:BASE,CDMX,cdmx,SISEPUEDE,0.0209356690567937,
0,0,3.B - Land Use:CO2,3 - AFOLU,3.B - Land Use,0.0208884988623923,2048,CO2,0,0,Strategy TX:BASE,CDMX,cdmx,SISEPUEDE,0.0208884988623923,
0,0,3.B - Land Use:CO2,3 - AFOLU,3.B - Land Use,0.020831799528917,2049,CO2,0,0,Strategy TX:BASE,CDMX,cdmx,SISEPUEDE,0.020831799528917,
0,0,3.B - Land Use:CO2,3 - AFOLU,3.B - Land Use,0.0207527005343323,2050,CO2,0,0,Strategy TX:BASE,CDMX,cdmx,SISEPUEDE,0.0207527005343323,
0,0,3.B - Land Use:CO2,3 - AFOLU,3.B - Land Use,0.0206604063309065,2051,CO2,0,0,Strategy TX:BASE,CDMX,cdmx,SISEPUEDE,0.0206604063309065,
0,0,3.B - Land Use:CO2,3 - AFOLU,3.B - Land Use,0.0205485658066073,2052,CO2,0,0,Strategy TX:BASE,CDMX,cdmx,SISEPUEDE,0.0205485658066073,
0,0,3.B - Land Use:CO2,3 - AFOLU,3.B - Land Use,0.0204183704994608,2053,CO2,0,0,Strategy TX:BASE,CDMX,cdmx,SISEPUEDE,0.0204183704994608,
0,0,3.B - Land Use:CO2,3 - AFOLU,3.B - Land Use,0.0202689529984124,2054,CO2,0,0,Strategy TX:BASE,CDMX,cdmx,SISEPUEDE,0.0202689529984124,
0,0,3.B - Land Use:CO2,3 - AFOLU,3.B - Land Use,0.0200902549393063,2055,CO2,0,0,Strategy TX:BASE,CDMX,cdmx,SISEPUEDE,0.0200902549393063,
0,0,3.B - Land Use:CO2,3 - AFOLU,3.B - Land Use,0.0199085214391409,2056,CO2,0,0,Strategy TX:BASE,CDMX,cdmx,SISEPUEDE,0.0199085214391409,
0,0,3.B - Land Use:CO2,3 - AFOLU,3.B - Land Use,0.0197120242324673,2057,CO2,0,0,Strategy TX:BASE,CDMX,cdmx,SISEPUEDE,0.0197120242324673,
0,0,3.B - Land Use:CO2,3 - AFOLU,3.B - Land Use,0.0195164186951836,2058,CO2,0,0,Strategy TX:BASE,CDMX,cdmx,SISEPUEDE,0.0195164186951836,
0,0,3.B - Land Use:CO2,3 - AFOLU,3.B - Land Use,0.0193230146299439,2059,CO2,0,0,Strategy TX:BASE,CDMX,cdmx,SISEPUEDE,0.0193230146299439,
0,0,3.B - Land Use:CO2,3 - AFOLU,3.B - Land Use,0.0193188466836173,2060,CO2,0,0,Strategy TX:BASE,CDMX,cdmx,SISEPUEDE,0.0193188466836173,
0,0,3.C - Agriculture (aggregate):CH4,3 - AFOLU,3.C - Agriculture (aggregate),0.0002952343578447,2022,CH4,0,0,Strategy TX:BASE,CDMX,cdmx,SISEPUEDE,0.0002952343578447,
0,0,3.C - Agriculture (aggregate):CH4,3 - AFOLU,3.C - Agriculture (aggregate),0.000298830837308,2023,CH4,0,0,Strategy TX:BASE,CDMX,cdmx,SISEPUEDE,0.000298830837308,
0,0,3.C - Agriculture (aggregate):CH4,3 - AFOLU,3.C - Agriculture (aggregate),0.0002980462407685,2024,CH4,0,0,Strategy TX:BASE,CDMX,cdmx,SISEPUEDE,0.0002980462407685,
0,0,3.C - Agriculture (aggregate):CH4,3 - AFOLU,3.C - Agriculture (aggregate),0.0002972634156109,2025,CH4,0,0,Strategy TX:BASE,CDMX,cdmx,SISEPUEDE,0.0002972634156109,
0,0,3.C - Agriculture (aggregate):CH4,3 - AFOLU,3.C - Agriculture (aggregate),0.0002964825950274,2026,CH4,0,0,Strategy TX:BASE,CDMX,cdmx,SISEPUEDE,0.0002964825950274,
0,0,3.C - Agriculture (aggregate):CH4,3 - AFOLU,3.C - Agriculture (aggregate),0.000295704000134,2027,CH4,0,0,Strategy TX:BASE,CDMX,cdmx,SISEPUEDE,0.000295704000134,
0,0,3.C - Agriculture (aggregate):CH4,3 - AFOLU,3.C - Agriculture (aggregate),0.0002949278404702,2028,CH4,0,0,Strategy TX:BASE,CDMX,cdmx,SISEPUEDE,0.0002949278404702,
0,0,3.C - Agriculture (aggregate):CH4,3 - AFOLU,3.C - Agriculture (aggregate),0.000293805560754,2029,CH4,0,0,Strategy TX:BASE,CDMX,cdmx,SISEPUEDE,0.000293805560754,
0,0,3.C - Agriculture (aggregate):CH4,3 - AFOLU,3.C - Agriculture (aggregate),0.000292357120971,2030,CH4,0,0,Strategy TX:BASE,CDMX,cdmx,SISEPUEDE,0.000292357120971,
0,0,3.C - Agriculture (aggregate):CH4,3 - AFOLU,3.C - Agriculture (aggregate),0.0002906093168848,2031,CH4,0,0,Strategy TX:BASE,CDMX,cdmx,SISEPUEDE,0.0002906093168848,
0,0,3.C - Agriculture (aggregate):CH4,3 - AFOLU,3.C - Agriculture (aggregate),0.0002885951921146,2032,CH4,0,0,Strategy TX:BASE,CDMX,cdmx,SISEPUEDE,0.0002885951921146,
0,0,3.C - Agriculture (aggregate):CH4,3 - AFOLU,3.C - Agriculture (aggregate),0.0002863532158151,2033,CH4,0,0,Strategy TX:BASE,CDMX,cdmx,SISEPUEDE,0.0002863532158151,
0,0,3.C - Agriculture (aggregate):CH4,3 - AFOLU,3.C - Agriculture (aggregate),0.0002839261050797,2034,CH4,0,0,Strategy TX:BASE,CDMX,cdmx,SISEPUEDE,0.0002839261050797,
0,0,3.C - Agriculture (aggregate):CH4,3 - AFOLU,3.C - Agriculture (aggregate),0.000281359388006,2035,CH4,0,0,Strategy TX:BASE,CDMX,cdmx,SISEPUEDE,0.000281359388006,
0,0,3.C - Agriculture (aggregate):CH4,3 - AFOLU,3.C - Agriculture (aggregate),0.0002786996770436,2036,CH4,0,0,Strategy TX:BASE,CDMX,cdmx,SISEPUEDE,0.0002786996770436,
0,0,3.C - Agriculture (aggregate):CH4,3 - AFOLU,3.C - Agriculture (aggregate),0.0002759927204934,2037,CH4,0,0,Strategy TX:BASE,CDMX,cdmx,SISEPUEDE,0.0002759927204934,
0,0,3.C - Agriculture (aggregate):CH4,3 - AFOLU,3.C - Agriculture (aggregate),0.0002732815363892,2038,CH4,0,0,Strategy TX:BASE,CDMX,cdmx,SISEPUEDE,0.0002732815363892,
0,0,3.C - Agriculture (aggregate):CH4,3 - AFOLU,3.C - Agriculture (aggregate),0.0002706043192226,2039,CH4,0,0,Strategy TX:BASE,CDMX,cdmx,SISEPUEDE,0.0002706043192226,
0,0,3.C - Agriculture (aggregate):CH4,3 - AFOLU,3.C - Agriculture (aggregate),0.0002679930357386,2040,CH4,0,0,Strategy TX:BASE,CDMX,cdmx,SISEPUEDE,0.0002679930357386,
0,0,3.C - Agriculture (aggregate):CH4,3 - AFOLU,3.C - Agriculture (aggregate),0.0002654712583306,2041,CH4,0,0,Strategy TX:BASE,CDMX,cdmx,SISEPUEDE,0.0002654712583306,
0,0,3.C - Agriculture (aggregate):CH4,3 - AFOLU,3.C - Agriculture (aggregate),0.0002630558728985,2042,CH4,0,0,Strategy TX:BASE,CDMX,cdmx,SISEPUEDE,0.0002630558728985,
0,0,3.C - Agriculture (aggregate):CH4,3 - AFOLU,3.C - Agriculture (aggregate),0.0002607573644694,2043,CH4,0,0,Strategy TX:BASE,CDMX,cdmx,SISEPUEDE,0.0002607573644694,
0,0,3.C - Agriculture (aggregate):CH4,3 - AFOLU,3.C - Agriculture (aggregate),0.00025858159535899997,2044,CH4,0,0,Strategy TX:BASE,CDMX,cdmx,SISEPUEDE,0.00025858159535899997,
0,0,3.C - Agriculture (aggregate):CH4,3 - AFOLU,3.C - Agriculture (aggregate),0.00025653025288190003,2045,CH4,0,0,Strategy TX:BASE,CDMX,cdmx,SISEPUEDE,0.00025653025288190003,
0,0,3.C - Agriculture (aggregate):CH4,3 - AFOLU,3.C - Agriculture (aggregate),0.00025460146678700003,2046,CH4,0,0,Strategy TX:BASE,CDMX,cdmx,SISEPUEDE,0.00025460146678700003,
0,0,3.C - Agriculture (aggregate):CH4,3 - AFOLU,3.C - Agriculture (aggregate),0.00025279059757339997,2047,CH4,0,0,Strategy TX:BASE,CDMX,cdmx,SISEPUEDE,0.00025279059757339997,
0,0,3.C - Agriculture (aggregate):CH4,3 - AFOLU,3.C - Agriculture (aggregate),0.0002510917477581,2048,CH4,0,0,Strategy TX:BASE,CDMX,cdmx,SISEPUEDE,0.0002510917477581,
0,0,3.C - Agriculture (aggregate):CH4,3 - AFOLU,3.C - Agriculture (aggregate),0.00024949811481739996,2049,CH4,0,0,Strategy TX:BASE,CDMX,cdmx,SISEPUEDE,0.00024949811481739996,
0,0,3.C - Agriculture (aggregate):CH4,3 - AFOLU,3.C - Agriculture (aggregate),0.0002480015700903,2050,CH4,0,0,Strategy TX:BASE,CDMX,cdmx,SISEPUEDE,0.0002480015700903,
0,0,3.C - Agriculture (aggregate):CH4,3 - AFOLU,3.C - Agriculture (aggregate),0.0002465917565833,2051,CH4,0,0,Strategy TX:BASE,CDMX,cdmx,SISEPUEDE,0.0002465917565833,
0,0,3.C - Agriculture (aggregate):CH4,3 - AFOLU,3.C - Agriculture (aggregate),0.00024525606847949997,2052,CH4,0,0,Strategy TX:BASE,CDMX,cdmx,SISEPUEDE,0.00024525606847949997,
0,0,3.C - Agriculture (aggregate):CH4,3 - AFOLU,3.C - Agriculture (aggregate),0.0002439789176627,2053,CH4,0,0,Strategy TX:BASE,CDMX,cdmx,SISEPUEDE,0.0002439789176627,
0,0,3.C - Agriculture (aggregate):CH4,3 - AFOLU,3.C - Agriculture (aggregate),0.0002427435000324,2054,CH4,0,0,Strategy TX:BASE,CDMX,cdmx,SISEPUEDE,0.0002427435000324,
0,0,3.C - Agriculture (aggregate):CH4,3 - AFOLU,3.C - Agriculture (aggregate),0.0002415316749906,2055,CH4,0,0,Strategy TX:BASE,CDMX,cdmx,SISEPUEDE,0.0002415316749906,
0,0,3.C - Agriculture (aggregate):CH4,3 - AFOLU,3.C - Agriculture (aggregate),0.0002403263218637,2056,CH4,0,0,Strategy TX:BASE,CDMX,cdmx,SISEPUEDE,0.0002403263218637,
0,0,3.C - Agriculture (aggregate):CH4,3 - AFOLU,3.C - Agriculture (aggregate),0.0002391129014376,2057,CH4,0,0,Strategy TX:BASE,CDMX,cdmx,SISEPUEDE,0.0002391129014376,
0,0,3.C - Agriculture (aggregate):CH4,3 - AFOLU,3.C - Agriculture (aggregate),0.0002378796100292,2058,CH4,0,0,Strategy TX:BASE,CDMX,cdmx,SISEPUEDE,0.0002378796100292,
0,0,3.C - Agriculture (aggregate):CH4,3 - AFOLU,3.C - Agriculture (aggregate),0.000236618946723,2059,CH4,0,0,Strategy TX:BASE,CDMX,cdmx,SISEPUEDE,0.000236618946723,
0,0,3.C - Agriculture (aggregate):CH4,3 - AFOLU,3.C - Agriculture (aggregate),0.0002353265957078,2060,CH4,0,0,Strategy TX:BASE,CDMX,cdmx,SISEPUEDE,0.0002353265957078,
0,0,3.C - Agriculture (aggregate):CO2,3 - AFOLU,3.C - Agriculture (aggregate),0.000417457906626332,2022,CO2,0,0,Strategy TX:BASE,CDMX,cdmx,SISEPUEDE,0.000417457906626332,
0,0,3.C - Agriculture (aggregate):CO2,3 - AFOLU,3.C - Agriculture (aggregate),0.00041636259846727756,2023,CO2,0,0,Strategy TX:BASE,CDMX,cdmx,SISEPUEDE,0.00041636259846727756,
0,0,3.C - Agriculture (aggregate):CO2,3 - AFOLU,3.C - Agriculture (aggregate),0.00041526941592678245,2024,CO2,0,0,Strategy TX:BASE,CDMX,cdmx,SISEPUEDE,0.00041526941592678245,
0,0,3.C - Agriculture (aggregate):CO2,3 - AFOLU,3.C - Agriculture (aggregate),0.0004141787014620697,2025,CO2,0,0,Strategy TX:BASE,CDMX,cdmx,SISEPUEDE,0.0004141787014620697,
0,0,3.C - Agriculture (aggregate):CO2,3 - AFOLU,3.C - Agriculture (aggregate),0.000413090779980943,2026,CO2,0,0,Strategy TX:BASE,CDMX,cdmx,SISEPUEDE,0.000413090779980943,
0,0,3.C - Agriculture (aggregate):CO2,3 - AFOLU,3.C - Agriculture (aggregate),0.00041200595956589583,2027,CO2,0,0,Strategy TX:BASE,CDMX,cdmx,SISEPUEDE,0.00041200595956589583,
0,0,3.C - Agriculture (aggregate):CO2,3 - AFOLU,3.C - Agriculture (aggregate),0.0004109245321692222,2028,CO2,0,0,Strategy TX:BASE,CDMX,cdmx,SISEPUEDE,0.0004109245321692222,
0,0,3.C - Agriculture (aggregate):CO2,3 - AFOLU,3.C - Agriculture (aggregate),0.0004086463553639406,2029,CO2,0,0,Strategy TX:BASE,CDMX,cdmx,SISEPUEDE,0.0004086463553639406,
0,0,3.C - Agriculture (aggregate):CO2,3 - AFOLU,3.C - Agriculture (aggregate),0.00040522338387678883,2030,CO2,0,0,Strategy TX:BASE,CDMX,cdmx,SISEPUEDE,0.00040522338387678883,
0,0,3.C - Agriculture (aggregate):CO2,3 - AFOLU,3.C - Agriculture (aggregate),0.00040073394880705903,2031,CO2,0,0,Strategy TX:BASE,CDMX,cdmx,SISEPUEDE,0.00040073394880705903,
0,0,3.C - Agriculture (aggregate):CO2,3 - AFOLU,3.C - Agriculture (aggregate),0.0003952804252552022,2032,CO2,0,0,Strategy TX:BASE,CDMX,cdmx,SISEPUEDE,0.0003952804252552022,
0,0,3.C - Agriculture (aggregate):CO2,3 - AFOLU,3.C - Agriculture (aggregate),0.0003889860092553894,2033,CO2,0,0,Strategy TX:BASE,CDMX,cdmx,SISEPUEDE,0.0003889860092553894,
0,0,3.C - Agriculture (aggregate):CO2,3 - AFOLU,3.C - Agriculture (aggregate),0.00038199059494680473,2034,CO2,0,0,Strategy TX:BASE,CDMX,cdmx,SISEPUEDE,0.00038199059494680473,
0,0,3.C - Agriculture (aggregate):CO2,3 - AFOLU,3.C - Agriculture (aggregate),0.0003744460012642138,2035,CO2,0,0,Strategy TX:BASE,CDMX,cdmx,SISEPUEDE,0.0003744460012642138,
0,0,3.C - Agriculture (aggregate):CO2,3 - AFOLU,3.C - Agriculture (aggregate),0.00036651064418085727,2036,CO2,0,0,Strategy TX:BASE,CDMX,cdmx,SISEPUEDE,0.00036651064418085727,
0,0,3.C - Agriculture (aggregate):CO2,3 - AFOLU,3.C - Agriculture (aggregate),0.00035834395235632396,2037,CO2,0,0,Strategy TX:BASE,CDMX,cdmx,SISEPUEDE,0.00035834395235632396,
0,0,3.C - Agriculture (aggregate):CO2,3 - AFOLU,3.C - Agriculture (aggregate),0.00035010095937723065,2038,CO2,0,0,Strategy TX:BASE,CDMX,cdmx,SISEPUEDE,0.00035010095937723065,
0,0,3.C - Agriculture (aggregate):CO2,3 - AFOLU,3.C - Agriculture (aggregate),0.0003419266870150866,2039,CO2,0,0,Strategy TX:BASE,CDMX,cdmx,SISEPUEDE,0.0003419266870150866,
0,0,3.C - Agriculture (aggregate):CO2,3 - AFOLU,3.C - Agriculture (aggregate),0.00033395148525473524,2040,CO2,0,0,Strategy TX:BASE,CDMX,cdmx,SISEPUEDE,0.00033395148525473524,
0,0,3.C - Agriculture (aggregate):CO2,3 - AFOLU,3.C - Agriculture (aggregate),0.00032628484782400825,2041,CO2,0,0,Strategy TX:BASE,CDMX,cdmx,SISEPUEDE,0.00032628484782400825,
0,0,3.C - Agriculture (aggregate):CO2,3 - AFOLU,3.C - Agriculture (aggregate),0.0003190165957825051,2042,CO2,0,0,Strategy TX:BASE,CDMX,cdmx,SISEPUEDE,0.0003190165957825051,
0,0,3.C - Agriculture (aggregate):CO2,3 - AFOLU,3.C - Agriculture (aggregate),0.0003122156017628591,2043,CO2,0,0,Strategy TX:BASE,CDMX,cdmx,SISEPUEDE,0.0003122156017628591,
0,0,3.C - Agriculture (aggregate):CO2,3 - AFOLU,3.C - Agriculture (aggregate),0.00030593181301996446,2044,CO2,0,0,Strategy TX:BASE,CDMX,cdmx,SISEPUEDE,0.00030593181301996446,
0,0,3.C - Agriculture (aggregate):CO2,3 - AFOLU,3.C - Agriculture (aggregate),0.0003001968356960542,2045,CO2,0,0,Strategy TX:BASE,CDMX,cdmx,SISEPUEDE,0.0003001968356960542,
0,0,3.C - Agriculture (aggregate):CO2,3 - AFOLU,3.C - Agriculture (aggregate),0.0002950246603473597,2046,CO2,0,0,Strategy TX:BASE,CDMX,cdmx,SISEPUEDE,0.0002950246603473597,
0,0,3.C - Agriculture (aggregate):CO2,3 - AFOLU,3.C - Agriculture (aggregate),0.0002904138899003001,2047,CO2,0,0,Strategy TX:BASE,CDMX,cdmx,SISEPUEDE,0.0002904138899003001,
0,0,3.C - Agriculture (aggregate):CO2,3 - AFOLU,3.C - Agriculture (aggregate),0.0002863512940781996,2048,CO2,0,0,Strategy TX:BASE,CDMX,cdmx,SISEPUEDE,0.0002863512940781996,
0,0,3.C - Agriculture (aggregate):CO2,3 - AFOLU,3.C - Agriculture (aggregate),0.00028281404726915804,2049,CO2,0,0,Strategy TX:BASE,CDMX,cdmx,SISEPUEDE,0.00028281404726915804,
0,0,3.C - Agriculture (aggregate):CO2,3 - AFOLU,3.C - Agriculture (aggregate),0.0002797708141872788,2050,CO2,0,0,Strategy TX:BASE,CDMX,cdmx,SISEPUEDE,0.0002797708141872788,
0,0,3.C - Agriculture (aggregate):CO2,3 - AFOLU,3.C - Agriculture (aggregate),0.0002771817814754196,2051,CO2,0,0,Strategy TX:BASE,CDMX,cdmx,SISEPUEDE,0.0002771817814754196,
0,0,3.C - Agriculture (aggregate):CO2,3 - AFOLU,3.C - Agriculture (aggregate),0.00027500049956762914,2052,CO2,0,0,Strategy TX:BASE,CDMX,cdmx,SISEPUEDE,0.00027500049956762914,
0,0,3.C - Agriculture (aggregate):CO2,3 - AFOLU,3.C - Agriculture (aggregate),0.00027317426284515113,2053,CO2,0,0,Strategy TX:BASE,CDMX,cdmx,SISEPUEDE,0.00027317426284515113,
0,0,3.C - Agriculture (aggregate):CO2,3 - AFOLU,3.C - Agriculture (aggregate),0.00027164863708176504,2054,CO2,0,0,Strategy TX:BASE,CDMX,cdmx,SISEPUEDE,0.00027164863708176504,
0,0,3.C - Agriculture (aggregate):CO2,3 - AFOLU,3.C - Agriculture (aggregate),0.0002703674683254454,2055,CO2,0,0,Strategy TX:BASE,CDMX,cdmx,SISEPUEDE,0.0002703674683254454,
0,0,3.C - Agriculture (aggregate):CO2,3 - AFOLU,3.C - Agriculture (aggregate),0.0002692776204782825,2056,CO2,0,0,Strategy TX:BASE,CDMX,cdmx,SISEPUEDE,0.0002692776204782825,
0,0,3.C - Agriculture (aggregate):CO2,3 - AFOLU,3.C - Agriculture (aggregate),0.000268331881041266,2057,CO2,0,0,Strategy TX:BASE,CDMX,cdmx,SISEPUEDE,0.000268331881041266,
0,0,3.C - Agriculture (aggregate):CO2,3 - AFOLU,3.C - Agriculture (aggregate),0.0002674888023137915,2058,CO2,0,0,Strategy TX:BASE,CDMX,cdmx,SISEPUEDE,0.0002674888023137915,
0,0,3.C - Agriculture (aggregate):CO2,3 - AFOLU,3.C - Agriculture (aggregate),0.0002667152032780919,2059,CO2,0,0,Strategy TX:BASE,CDMX,cdmx,SISEPUEDE,0.0002667152032780919,
0,0,3.C - Agriculture (aggregate):CO2,3 - AFOLU,3.C - Agriculture (aggregate),0.0002659850439343756,2060,CO2,0,0,Strategy TX:BASE,CDMX,cdmx,SISEPUEDE,0.0002659850439343756,
0,0,3.C - Agriculture (aggregate):N2O,3 - AFOLU,3.C - Agriculture (aggregate),0.0010288883098505184,2022,N2O,0,0,Strategy TX:BASE,CDMX,cdmx,SISEPUEDE,0.0010288883098505184,
0,0,3.C - Agriculture (aggregate):N2O,3 - AFOLU,3.C - Agriculture (aggregate),0.001066836870211392,2023,N2O,0,0,Strategy TX:BASE,CDMX,cdmx,SISEPUEDE,0.001066836870211392,
0,0,3.C - Agriculture (aggregate):N2O,3 - AFOLU,3.C - Agriculture (aggregate),0.0010640358322591978,2024,N2O,0,0,Strategy TX:BASE,CDMX,cdmx,SISEPUEDE,0.0010640358322591978,
0,0,3.C - Agriculture (aggregate):N2O,3 - AFOLU,3.C - Agriculture (aggregate),0.0010612411182045,2025,N2O,0,0,Strategy TX:BASE,CDMX,cdmx,SISEPUEDE,0.0010612411182045,
0,0,3.C - Agriculture (aggregate):N2O,3 - AFOLU,3.C - Agriculture (aggregate),0.0010584535605512664,2026,N2O,0,0,Strategy TX:BASE,CDMX,cdmx,SISEPUEDE,0.0010584535605512664,
0,0,3.C - Agriculture (aggregate):N2O,3 - AFOLU,3.C - Agriculture (aggregate),0.0010556739486922906,2027,N2O,0,0,Strategy TX:BASE,CDMX,cdmx,SISEPUEDE,0.0010556739486922906,
0,0,3.C - Agriculture (aggregate):N2O,3 - AFOLU,3.C - Agriculture (aggregate),0.0010529030306909162,2028,N2O,0,0,Strategy TX:BASE,CDMX,cdmx,SISEPUEDE,0.0010529030306909162,
0,0,3.C - Agriculture (aggregate):N2O,3 - AFOLU,3.C - Agriculture (aggregate),0.001049240023049479,2029,N2O,0,0,Strategy TX:BASE,CDMX,cdmx,SISEPUEDE,0.001049240023049479,
0,0,3.C - Agriculture (aggregate):N2O,3 - AFOLU,3.C - Agriculture (aggregate),0.0010447715759389574,2030,N2O,0,0,Strategy TX:BASE,CDMX,cdmx,SISEPUEDE,0.0010447715759389574,
0,0,3.C - Agriculture (aggregate):N2O,3 - AFOLU,3.C - Agriculture (aggregate),0.0010396015981867927,2031,N2O,0,0,Strategy TX:BASE,CDMX,cdmx,SISEPUEDE,0.0010396015981867927,
0,0,3.C - Agriculture (aggregate):N2O,3 - AFOLU,3.C - Agriculture (aggregate),0.0010338489115253257,2032,N2O,0,0,Strategy TX:BASE,CDMX,cdmx,SISEPUEDE,0.0010338489115253257,
0,0,3.C - Agriculture (aggregate):N2O,3 - AFOLU,3.C - Agriculture (aggregate),0.0010276443610311415,2033,N2O,0,0,Strategy TX:BASE,CDMX,cdmx,SISEPUEDE,0.0010276443610311415,
0,0,3.C - Agriculture (aggregate):N2O,3 - AFOLU,3.C - Agriculture (aggregate),0.0010211269787047642,2034,N2O,0,0,Strategy TX:BASE,CDMX,cdmx,SISEPUEDE,0.0010211269787047642,
0,0,3.C - Agriculture (aggregate):N2O,3 - AFOLU,3.C - Agriculture (aggregate),0.001014439434081496,2035,N2O,0,0,Strategy TX:BASE,CDMX,cdmx,SISEPUEDE,0.001014439434081496,
0,0,3.C - Agriculture (aggregate):N2O,3 - AFOLU,3.C - Agriculture (aggregate),0.0010077227365339698,2036,N2O,0,0,Strategy TX:BASE,CDMX,cdmx,SISEPUEDE,0.0010077227365339698,
0,0,3.C - Agriculture (aggregate):N2O,3 - AFOLU,3.C - Agriculture (aggregate),0.001001110304923069,2037,N2O,0,0,Strategy TX:BASE,CDMX,cdmx,SISEPUEDE,0.001001110304923069,
0,0,3.C - Agriculture (aggregate):N2O,3 - AFOLU,3.C - Agriculture (aggregate),0.0009947224532517941,2038,N2O,0,0,Strategy TX:BASE,CDMX,cdmx,SISEPUEDE,0.0009947224532517941,
0,0,3.C - Agriculture (aggregate):N2O,3 - AFOLU,3.C - Agriculture (aggregate),0.000988659604474863,2039,N2O,0,0,Strategy TX:BASE,CDMX,cdmx,SISEPUEDE,0.000988659604474863,
0,0,3.C - Agriculture (aggregate):N2O,3 - AFOLU,3.C - Agriculture (aggregate),0.000982997789982199,2040,N2O,0,0,Strategy TX:BASE,CDMX,cdmx,SISEPUEDE,0.000982997789982199,
0,0,3.C - Agriculture (aggregate):N2O,3 - AFOLU,3.C - Agriculture (aggregate),0.0009777786884927432,2041,N2O,0,0,Strategy TX:BASE,CDMX,cdmx,SISEPUEDE,0.0009777786884927432,
0,0,3.C - Agriculture (aggregate):N2O,3 - AFOLU,3.C - Agriculture (aggregate),0.0009730198450436802,2042,N2O,0,0,Strategy TX:BASE,CDMX,cdmx,SISEPUEDE,0.0009730198450436802,
0,0,3.C - Agriculture (aggregate):N2O,3 - AFOLU,3.C - Agriculture (aggregate),0.000968716085403668,2043,N2O,0,0,Strategy TX:BASE,CDMX,cdmx,SISEPUEDE,0.000968716085403668,
0,0,3.C - Agriculture (aggregate):N2O,3 - AFOLU,3.C - Agriculture (aggregate),0.0009648486447680478,2044,N2O,0,0,Strategy TX:BASE,CDMX,cdmx,SISEPUEDE,0.0009648486447680478,
0,0,3.C - Agriculture (aggregate):N2O,3 - AFOLU,3.C - Agriculture (aggregate),0.0009613877695371433,2045,N2O,0,0,Strategy TX:BASE,CDMX,cdmx,SISEPUEDE,0.0009613877695371433,
0,0,3.C - Agriculture (aggregate):N2O,3 - AFOLU,3.C - Agriculture (aggregate),0.000958294523672044,2046,N2O,0,0,Strategy TX:BASE,CDMX,cdmx,SISEPUEDE,0.000958294523672044,
0,0,3.C - Agriculture (aggregate):N2O,3 - AFOLU,3.C - Agriculture (aggregate),0.0009555247760160516,2047,N2O,0,0,Strategy TX:BASE,CDMX,cdmx,SISEPUEDE,0.0009555247760160516,
0,0,3.C - Agriculture (aggregate):N2O,3 - AFOLU,3.C - Agriculture (aggregate),0.0009530361135481534,2048,N2O,0,0,Strategy TX:BASE,CDMX,cdmx,SISEPUEDE,0.0009530361135481534,
0,0,3.C - Agriculture (aggregate):N2O,3 - AFOLU,3.C - Agriculture (aggregate),0.0009507894345053748,2049,N2O,0,0,Strategy TX:BASE,CDMX,cdmx,SISEPUEDE,0.0009507894345053748,
0,0,3.C - Agriculture (aggregate):N2O,3 - AFOLU,3.C - Agriculture (aggregate),0.0009487464554116889,2050,N2O,0,0,Strategy TX:BASE,CDMX,cdmx,SISEPUEDE,0.0009487464554116889,
0,0,3.C - Agriculture (aggregate):N2O,3 - AFOLU,3.C - Agriculture (aggregate),0.0009468640703328356,2051,N2O,0,0,Strategy TX:BASE,CDMX,cdmx,SISEPUEDE,0.0009468640703328356,
0,0,3.C - Agriculture (aggregate):N2O,3 - AFOLU,3.C - Agriculture (aggregate),0.0009450938480969526,2052,N2O,0,0,Strategy TX:BASE,CDMX,cdmx,SISEPUEDE,0.0009450938480969526,
0,0,3.C - Agriculture (aggregate):N2O,3 - AFOLU,3.C - Agriculture (aggregate),0.0009433775897933814,2053,N2O,0,0,Strategy TX:BASE,CDMX,cdmx,SISEPUEDE,0.0009433775897933814,
0,0,3.C - Agriculture (aggregate):N2O,3 - AFOLU,3.C - Agriculture (aggregate),0.0009416557627152463,2054,N2O,0,0,Strategy TX:BASE,CDMX,cdmx,SISEPUEDE,0.0009416557627152463,
0,0,3.C - Agriculture (aggregate):N2O,3 - AFOLU,3.C - Agriculture (aggregate),0.0009398641681124222,2055,N2O,0,0,Strategy TX:BASE,CDMX,cdmx,SISEPUEDE,0.0009398641681124222,
0,0,3.C - Agriculture (aggregate):N2O,3 - AFOLU,3.C - Agriculture (aggregate),0.0009379447714577972,2056,N2O,0,0,Strategy TX:BASE,CDMX,cdmx,SISEPUEDE,0.0009379447714577972,
0,0,3.C - Agriculture (aggregate):N2O,3 - AFOLU,3.C - Agriculture (aggregate),0.000935852070021357,2057,N2O,0,0,Strategy TX:BASE,CDMX,cdmx,SISEPUEDE,0.000935852070021357,
0,0,3.C - Agriculture (aggregate):N2O,3 - AFOLU,3.C - Agriculture (aggregate),0.000933551516201821,2058,N2O,0,0,Strategy TX:BASE,CDMX,cdmx,SISEPUEDE,0.000933551516201821,
0,0,3.C - Agriculture (aggregate):N2O,3 - AFOLU,3.C - Agriculture (aggregate),0.0009310261485330029,2059,N2O,0,0,Strategy TX:BASE,CDMX,cdmx,SISEPUEDE,0.0009310261485330029,
0,0,3.C - Agriculture (aggregate):N2O,3 - AFOLU,3.C - Agriculture (aggregate),0.000928271875554223,2060,N2O,0,0,Strategy TX:BASE,CDMX,cdmx,SISEPUEDE,0.000928271875554223,
0,0,3.C.4-6 - Managed Soils:CO2,3 - AFOLU,3.C.4-6 - Managed Soils,0.005046634884967011,2022,CO2,0,0,Strategy TX:BASE,CDMX,cdmx,SISEPUEDE,0.005046634884967011,
0,0,3.C.4-6 - Managed Soils:CO2,3 - AFOLU,3.C.4-6 - Managed Soils,0.005315265874180205,2023,CO2,0,0,Strategy TX:BASE,CDMX,cdmx,SISEPUEDE,0.005315265874180205,
0,0,3.C.4-6 - Managed Soils:CO2,3 - AFOLU,3.C.4-6 - Managed Soils,0.005448224274277601,2024,CO2,0,0,Strategy TX:BASE,CDMX,cdmx,SISEPUEDE,0.005448224274277601,
0,0,3.C.4-6 - Managed Soils:CO2,3 - AFOLU,3.C.4-6 - Managed Soils,0.005425809051445858,2025,CO2,0,0,Strategy TX:BASE,CDMX,cdmx,SISEPUEDE,0.005425809051445858,
0,0,3.C.4-6 - Managed Soils:CO2,3 - AFOLU,3.C.4-6 - Managed Soils,0.005241539680761014,2026,CO2,0,0,Strategy TX:BASE,CDMX,cdmx,SISEPUEDE,0.005241539680761014,
0,0,3.C.4-6 - Managed Soils:CO2,3 - AFOLU,3.C.4-6 - Managed Soils,0.004903609087683768,2027,CO2,0,0,Strategy TX:BASE,CDMX,cdmx,SISEPUEDE,0.004903609087683768,
0,0,3.C.4-6 - Managed Soils:CO2,3 - AFOLU,3.C.4-6 - Managed Soils,0.004404129580157275,2028,CO2,0,0,Strategy TX:BASE,CDMX,cdmx,SISEPUEDE,0.004404129580157275,
0,0,3.C.4-6 - Managed Soils:CO2,3 - AFOLU,3.C.4-6 - Managed Soils,0.0037656994550071482,2029,CO2,0,0,Strategy TX:BASE,CDMX,cdmx,SISEPUEDE,0.0037656994550071482,
0,0,3.C.4-6 - Managed Soils:CO2,3 - AFOLU,3.C.4-6 - Managed Soils,0.0030072068378491114,2030,CO2,0,0,Strategy TX:BASE,CDMX,cdmx,SISEPUEDE,0.0030072068378491114,
0,0,3.C.4-6 - Managed Soils:CO2,3 - AFOLU,3.C.4-6 - Managed Soils,0.0021425686630654156,2031,CO2,0,0,Strategy TX:BASE,CDMX,cdmx,SISEPUEDE,0.0021425686630654156,
0,0,3.C.4-6 - Managed Soils:CO2,3 - AFOLU,3.C.4-6 - Managed Soils,0.0011821927749484924,2032,CO2,0,0,Strategy TX:BASE,CDMX,cdmx,SISEPUEDE,0.0011821927749484924,
0,0,3.C.4-6 - Managed Soils:CO2,3 - AFOLU,3.C.4-6 - Managed Soils,0.00013123961629295055,2033,CO2,0,0,Strategy TX:BASE,CDMX,cdmx,SISEPUEDE,0.00013123961629295055,
0,0,3.C.4-6 - Managed Soils:CO2,3 - AFOLU,3.C.4-6 - Managed Soils,-0.0010054518678995093,2034,CO2,0,0,Strategy TX:BASE,CDMX,cdmx,SISEPUEDE,-0.0010054518678995093,
0,0,3.C.4-6 - Managed Soils:CO2,3 - AFOLU,3.C.4-6 - Managed Soils,-0.0011743950934200648,2035,CO2,0,0,Strategy TX:BASE,CDMX,cdmx,SISEPUEDE,-0.0011743950934200648,
0,0,3.C.4-6 - Managed Soils:CO2,3 - AFOLU,3.C.4-6 - Managed Soils,-0.001386580592985502,2036,CO2,0,0,Strategy TX:BASE,CDMX,cdmx,SISEPUEDE,-0.001386580592985502,
0,0,3.C.4-6 - Managed Soils:CO2,3 - AFOLU,3.C.4-6 - Managed Soils,-0.0014773518896780272,2037,CO2,0,0,Strategy TX:BASE,CDMX,cdmx,SISEPUEDE,-0.0014773518896780272,
0,0,3.C.4-6 - Managed Soils:CO2,3 - AFOLU,3.C.4-6 - Managed Soils,-0.0014652644319705652,2038,CO2,0,0,Strategy TX:BASE,CDMX,cdmx,SISEPUEDE,-0.0014652644319705652,
0,0,3.C.4-6 - Managed Soils:CO2,3 - AFOLU,3.C.4-6 - Managed Soils,-0.0015409898845617231,2039,CO2,0,0,Strategy TX:BASE,CDMX,cdmx,SISEPUEDE,-0.0015409898845617231,
0,0,3.C.4-6 - Managed Soils:CO2,3 - AFOLU,3.C.4-6 - Managed Soils,-0.0016025672377566111,2040,CO2,0,0,Strategy TX:BASE,CDMX,cdmx,SISEPUEDE,-0.0016025672377566111,
0,0,3.C.4-6 - Managed Soils:CO2,3 - AFOLU,3.C.4-6 - Managed Soils,-0.0016483533281909414,2041,CO2,0,0,Strategy TX:BASE,CDMX,cdmx,SISEPUEDE,-0.0016483533281909414,
0,0,3.C.4-6 - Managed Soils:CO2,3 - AFOLU,3.C.4-6 - Managed Soils,-0.0016774302979136256,2042,CO2,0,0,Strategy TX:BASE,CDMX,cdmx,SISEPUEDE,-0.0016774302979136256,
0,0,3.C.4-6 - Managed Soils:CO2,3 - AFOLU,3.C.4-6 - Managed Soils,-0.0016882851292269296,2043,CO2,0,0,Strategy TX:BASE,CDMX,cdmx,SISEPUEDE,-0.0016882851292269296,
0,0,3.C.4-6 - Managed Soils:CO2,3 - AFOLU,3.C.4-6 - Managed Soils,-0.0016797973706684029,2044,CO2,0,0,Strategy TX:BASE,CDMX,cdmx,SISEPUEDE,-0.0016797973706684029,
0,0,3.C.4-6 - Managed Soils:CO2,3 - AFOLU,3.C.4-6 - Managed Soils,-0.0016510103437865323,2045,CO2,0,0,Strategy TX:BASE,CDMX,cdmx,SISEPUEDE,-0.0016510103437865323,
0,0,3.C.4-6 - Managed Soils:CO2,3 - AFOLU,3.C.4-6 - Managed Soils,-0.0016013770820812539,2046,CO2,0,0,Strategy TX:BASE,CDMX,cdmx,SISEPUEDE,-0.0016013770820812539,
0,0,3.C.4-6 - Managed Soils:CO2,3 - AFOLU,3.C.4-6 - Managed Soils,-0.0015305446307676235,2047,CO2,0,0,Strategy TX:BASE,CDMX,cdmx,SISEPUEDE,-0.0015305446307676235,
0,0,3.C.4-6 - Managed Soils:CO2,3 - AFOLU,3.C.4-6 - Managed Soils,-0.0014379747568050404,2048,CO2,0,0,Strategy TX:BASE,CDMX,cdmx,SISEPUEDE,-0.0014379747568050404,
0,0,3.C.4-6 - Managed Soils:CO2,3 - AFOLU,3.C.4-6 - Managed Soils,-0.0013278086082606896,2049,CO2,0,0,Strategy TX:BASE,CDMX,cdmx,SISEPUEDE,-0.0013278086082606896,
0,0,3.C.4-6 - Managed Soils:CO2,3 - AFOLU,3.C.4-6 - Managed Soils,-0.0012044029043032768,2050,CO2,0,0,Strategy TX:BASE,CDMX,cdmx,SISEPUEDE,-0.0012044029043032768,
0,0,3.C.4-6 - Managed Soils:CO2,3 - AFOLU,3.C.4-6 - Managed Soils,-0.001072228147132417,2051,CO2,0,0,Strategy TX:BASE,CDMX,cdmx,SISEPUEDE,-0.001072228147132417,
0,0,3.C.4-6 - Managed Soils:CO2,3 - AFOLU,3.C.4-6 - Managed Soils,-0.0009336886796316307,2052,CO2,0,0,Strategy TX:BASE,CDMX,cdmx,SISEPUEDE,-0.0009336886796316307,
0,0,3.C.4-6 - Managed Soils:CO2,3 - AFOLU,3.C.4-6 - Managed Soils,-0.0007941598289872447,2053,CO2,0,0,Strategy TX:BASE,CDMX,cdmx,SISEPUEDE,-0.0007941598289872447,
0,0,3.C.4-6 - Managed Soils:CO2,3 - AFOLU,3.C.4-6 - Managed Soils,-0.0006583705639777188,2054,CO2,0,0,Strategy TX:BASE,CDMX,cdmx,SISEPUEDE,-0.0006583705639777188,
0,0,3.C.4-6 - Managed Soils:CO2,3 - AFOLU,3.C.4-6 - Managed Soils,-0.0005311293757222646,2055,CO2,0,0,Strategy TX:BASE,CDMX,cdmx,SISEPUEDE,-0.0005311293757222646,
0,0,3.C.4-6 - Managed Soils:CO2,3 - AFOLU,3.C.4-6 - Managed Soils,-0.00041647120685390853,2056,CO2,0,0,Strategy TX:BASE,CDMX,cdmx,SISEPUEDE,-0.00041647120685390853,
0,0,3.C.4-6 - Managed Soils:CO2,3 - AFOLU,3.C.4-6 - Managed Soils,-0.000317545283711095,2057,CO2,0,0,Strategy TX:BASE,CDMX,cdmx,SISEPUEDE,-0.000317545283711095,
0,0,3.C.4-6 - Managed Soils:CO2,3 - AFOLU,3.C.4-6 - Managed Soils,-0.0002364417628021912,2058,CO2,0,0,Strategy TX:BASE,CDMX,cdmx,SISEPUEDE,-0.0002364417628021912,
0,0,3.C.4-6 - Managed Soils:CO2,3 - AFOLU,3.C.4-6 - Managed Soils,-0.00017398982807507167,2059,CO2,0,0,Strategy TX:BASE,CDMX,cdmx,SISEPUEDE,-0.00017398982807507167,
0,0,3.C.4-6 - Managed Soils:CO2,3 - AFOLU,3.C.4-6 - Managed Soils,-0.0001250634508040792,2060,CO2,0,0,Strategy TX:BASE,CDMX,cdmx,SISEPUEDE,-0.0001250634508040792,
0,0,3.C.4-6 - Managed Soils:N2O,3 - AFOLU,3.C.4-6 - Managed Soils,0.011109562556611299,2022,N2O,0,0,Strategy TX:BASE,CDMX,cdmx,SISEPUEDE,0.011109562556611299,
0,0,3.C.4-6 - Managed Soils:N2O,3 - AFOLU,3.C.4-6 - Managed Soils,0.0110347525411441,2023,N2O,0,0,Strategy TX:BASE,CDMX,cdmx,SISEPUEDE,0.0110347525411441,
0,0,3.C.4-6 - Managed Soils:N2O,3 - AFOLU,3.C.4-6 - Managed Soils,0.0109522290988187,2024,N2O,0,0,Strategy TX:BASE,CDMX,cdmx,SISEPUEDE,0.0109522290988187,
0,0,3.C.4-6 - Managed Soils:N2O,3 - AFOLU,3.C.4-6 - Managed Soils,0.0108607705416239,2025,N2O,0,0,Strategy TX:BASE,CDMX,cdmx,SISEPUEDE,0.0108607705416239,
0,0,3.C.4-6 - Managed Soils:N2O,3 - AFOLU,3.C.4-6 - Managed Soils,0.010763822610797901,2026,N2O,0,0,Strategy TX:BASE,CDMX,cdmx,SISEPUEDE,0.010763822610797901,
0,0,3.C.4-6 - Managed Soils:N2O,3 - AFOLU,3.C.4-6 - Managed Soils,0.010660665636936701,2027,N2O,0,0,Strategy TX:BASE,CDMX,cdmx,SISEPUEDE,0.010660665636936701,
0,0,3.C.4-6 - Managed Soils:N2O,3 - AFOLU,3.C.4-6 - Managed Soils,0.010550570910323801,2028,N2O,0,0,Strategy TX:BASE,CDMX,cdmx,SISEPUEDE,0.010550570910323801,
0,0,3.C.4-6 - Managed Soils:N2O,3 - AFOLU,3.C.4-6 - Managed Soils,0.010450942543095,2029,N2O,0,0,Strategy TX:BASE,CDMX,cdmx,SISEPUEDE,0.010450942543095,
0,0,3.C.4-6 - Managed Soils:N2O,3 - AFOLU,3.C.4-6 - Managed Soils,0.0103637204182818,2030,N2O,0,0,Strategy TX:BASE,CDMX,cdmx,SISEPUEDE,0.0103637204182818,
0,0,3.C.4-6 - Managed Soils:N2O,3 - AFOLU,3.C.4-6 - Managed Soils,0.0102908805788816,2031,N2O,0,0,Strategy TX:BASE,CDMX,cdmx,SISEPUEDE,0.0102908805788816,
0,0,3.C.4-6 - Managed Soils:N2O,3 - AFOLU,3.C.4-6 - Managed Soils,0.010232220011673782,2032,N2O,0,0,Strategy TX:BASE,CDMX,cdmx,SISEPUEDE,0.010232220011673782,
0,0,3.C.4-6 - Managed Soils:N2O,3 - AFOLU,3.C.4-6 - Managed Soils,0.010219247420674218,2033,N2O,0,0,Strategy TX:BASE,CDMX,cdmx,SISEPUEDE,0.010219247420674218,
0,0,3.C.4-6 - Managed Soils:N2O,3 - AFOLU,3.C.4-6 - Managed Soils,0.010299069190485831,2034,N2O,0,0,Strategy TX:BASE,CDMX,cdmx,SISEPUEDE,0.010299069190485831,
0,0,3.C.4-6 - Managed Soils:N2O,3 - AFOLU,3.C.4-6 - Managed Soils,0.010361525362705478,2035,N2O,0,0,Strategy TX:BASE,CDMX,cdmx,SISEPUEDE,0.010361525362705478,
0,0,3.C.4-6 - Managed Soils:N2O,3 - AFOLU,3.C.4-6 - Managed Soils,0.010442152915830167,2036,N2O,0,0,Strategy TX:BASE,CDMX,cdmx,SISEPUEDE,0.010442152915830167,
0,0,3.C.4-6 - Managed Soils:N2O,3 - AFOLU,3.C.4-6 - Managed Soils,0.010533218643677709,2037,N2O,0,0,Strategy TX:BASE,CDMX,cdmx,SISEPUEDE,0.010533218643677709,
0,0,3.C.4-6 - Managed Soils:N2O,3 - AFOLU,3.C.4-6 - Managed Soils,0.010633870919314732,2038,N2O,0,0,Strategy TX:BASE,CDMX,cdmx,SISEPUEDE,0.010633870919314732,
0,0,3.C.4-6 - Managed Soils:N2O,3 - AFOLU,3.C.4-6 - Managed Soils,0.01074879540870665,2039,N2O,0,0,Strategy TX:BASE,CDMX,cdmx,SISEPUEDE,0.01074879540870665,
0,0,3.C.4-6 - Managed Soils:N2O,3 - AFOLU,3.C.4-6 - Managed Soils,0.010871618058517728,2040,N2O,0,0,Strategy TX:BASE,CDMX,cdmx,SISEPUEDE,0.010871618058517728,
0,0,3.C.4-6 - Managed Soils:N2O,3 - AFOLU,3.C.4-6 - Managed Soils,0.01099941072703528,2041,N2O,0,0,Strategy TX:BASE,CDMX,cdmx,SISEPUEDE,0.01099941072703528,
0,0,3.C.4-6 - Managed Soils:N2O,3 - AFOLU,3.C.4-6 - Managed Soils,0.011129959708044715,2042,N2O,0,0,Strategy TX:BASE,CDMX,cdmx,SISEPUEDE,0.011129959708044715,
0,0,3.C.4-6 - Managed Soils:N2O,3 - AFOLU,3.C.4-6 - Managed Soils,0.011260225477427221,2043,N2O,0,0,Strategy TX:BASE,CDMX,cdmx,SISEPUEDE,0.011260225477427221,
0,0,3.C.4-6 - Managed Soils:N2O,3 - AFOLU,3.C.4-6 - Managed Soils,0.011388116030038963,2044,N2O,0,0,Strategy TX:BASE,CDMX,cdmx,SISEPUEDE,0.011388116030038963,
0,0,3.C.4-6 - Managed Soils:N2O,3 - AFOLU,3.C.4-6 - Managed Soils,0.011511924411859498,2045,N2O,0,0,Strategy TX:BASE,CDMX,cdmx,SISEPUEDE,0.011511924411859498,
0,0,3.C.4-6 - Managed Soils:N2O,3 - AFOLU,3.C.4-6 - Managed Soils,0.011629903292535614,2046,N2O,0,0,Strategy TX:BASE,CDMX,cdmx,SISEPUEDE,0.011629903292535614,
0,0,3.C.4-6 - Managed Soils:N2O,3 - AFOLU,3.C.4-6 - Managed Soils,0.01174056592175378,2047,N2O,0,0,Strategy TX:BASE,CDMX,cdmx,SISEPUEDE,0.01174056592175378,
0,0,3.C.4-6 - Managed Soils:N2O,3 - AFOLU,3.C.4-6 - Managed Soils,0.01184243372700472,2048,N2O,0,0,Strategy TX:BASE,CDMX,cdmx,SISEPUEDE,0.01184243372700472,
0,0,3.C.4-6 - Managed Soils:N2O,3 - AFOLU,3.C.4-6 - Managed Soils,0.01193572853937505,2049,N2O,0,0,Strategy TX:BASE,CDMX,cdmx,SISEPUEDE,0.01193572853937505,
0,0,3.C.4-6 - Managed Soils:N2O,3 - AFOLU,3.C.4-6 - Managed Soils,0.012020030210178887,2050,N2O,0,0,Strategy TX:BASE,CDMX,cdmx,SISEPUEDE,0.012020030210178887,
0,0,3.C.4-6 - Managed Soils:N2O,3 - AFOLU,3.C.4-6 - Managed Soils,0.012094777750298288,2051,N2O,0,0,Strategy TX:BASE,CDMX,cdmx,SISEPUEDE,0.012094777750298288,
0,0,3.C.4-6 - Managed Soils:N2O,3 - AFOLU,3.C.4-6 - Managed Soils,0.012161208825563406,2052,N2O,0,0,Strategy TX:BASE,CDMX,cdmx,SISEPUEDE,0.012161208825563406,
0,0,3.C.4-6 - Managed Soils:N2O,3 - AFOLU,3.C.4-6 - Managed Soils,0.012218829873698139,2053,N2O,0,0,Strategy TX:BASE,CDMX,cdmx,SISEPUEDE,0.012218829873698139,
0,0,3.C.4-6 - Managed Soils:N2O,3 - AFOLU,3.C.4-6 - Managed Soils,0.012268039705538714,2054,N2O,0,0,Strategy TX:BASE,CDMX,cdmx,SISEPUEDE,0.012268039705538714,
0,0,3.C.4-6 - Managed Soils:N2O,3 - AFOLU,3.C.4-6 - Managed Soils,0.012309148932698263,2055,N2O,0,0,Strategy TX:BASE,CDMX,cdmx,SISEPUEDE,0.012309148932698263,
0,0,3.C.4-6 - Managed Soils:N2O,3 - AFOLU,3.C.4-6 - Managed Soils,0.012342717967038532,2056,N2O,0,0,Strategy TX:BASE,CDMX,cdmx,SISEPUEDE,0.012342717967038532,
0,0,3.C.4-6 - Managed Soils:N2O,3 - AFOLU,3.C.4-6 - Managed Soils,0.01236873379345538,2057,N2O,0,0,Strategy TX:BASE,CDMX,cdmx,SISEPUEDE,0.01236873379345538,
0,0,3.C.4-6 - Managed Soils:N2O,3 - AFOLU,3.C.4-6 - Managed Soils,0.012388011895093604,2058,N2O,0,0,Strategy TX:BASE,CDMX,cdmx,SISEPUEDE,0.012388011895093604,
0,0,3.C.4-6 - Managed Soils:N2O,3 - AFOLU,3.C.4-6 - Managed Soils,0.012401144329072593,2059,N2O,0,0,Strategy TX:BASE,CDMX,cdmx,SISEPUEDE,0.012401144329072593,
0,0,3.C.4-6 - Managed Soils:N2O,3 - AFOLU,3.C.4-6 - Managed Soils,0.012408235988675749,2060,N2O,0,0,Strategy TX:BASE,CDMX,cdmx,SISEPUEDE,0.012408235988675749,
0,0,4.A - Solid Waste Disposal:CH4,4 - Waste,4.A - Solid Waste Disposal,0.08299525650269288,2022,CH4,0,0,Strategy TX:BASE,CDMX,cdmx,SISEPUEDE,0.08299525650269288,
0,0,4.A - Solid Waste Disposal:CH4,4 - Waste,4.A - Solid Waste Disposal,0.08473550957712572,2023,CH4,0,0,Strategy TX:BASE,CDMX,cdmx,SISEPUEDE,0.08473550957712572,
0,0,4.A - Solid Waste Disposal:CH4,4 - Waste,4.A - Solid Waste Disposal,0.08630777467186984,2024,CH4,0,0,Strategy TX:BASE,CDMX,cdmx,SISEPUEDE,0.08630777467186984,
0,0,4.A - Solid Waste Disposal:CH4,4 - Waste,4.A - Solid Waste Disposal,0.08772202218101079,2025,CH4,0,0,Strategy TX:BASE,CDMX,cdmx,SISEPUEDE,0.08772202218101079,
0,0,4.A - Solid Waste Disposal:CH4,4 - Waste,4.A - Solid Waste Disposal,0.0889869288402972,2026,CH4,0,0,Strategy TX:BASE,CDMX,cdmx,SISEPUEDE,0.0889869288402972,
0,0,4.A - Solid Waste Disposal:CH4,4 - Waste,4.A - Solid Waste Disposal,0.09012322205820014,2027,CH4,0,0,Strategy TX:BASE,CDMX,cdmx,SISEPUEDE,0.09012322205820014,
0,0,4.A - Solid Waste Disposal:CH4,4 - Waste,4.A - Solid Waste Disposal,0.09114423222288234,2028,CH4,0,0,Strategy TX:BASE,CDMX,cdmx,SISEPUEDE,0.09114423222288234,
0,0,4.A - Solid Waste Disposal:CH4,4 - Waste,4.A - Solid Waste Disposal,0.09206028687962398,2029,CH4,0,0,Strategy TX:BASE,CDMX,cdmx,SISEPUEDE,0.09206028687962398,
0,0,4.A - Solid Waste Disposal:CH4,4 - Waste,4.A - Solid Waste Disposal,0.09288076055152687,2030,CH4,0,0,Strategy TX:BASE,CDMX,cdmx,SISEPUEDE,0.09288076055152687,
0,0,4.A - Solid Waste Disposal:CH4,4 - Waste,4.A - Solid Waste Disposal,0.0936154662150544,2031,CH4,0,0,Strategy TX:BASE,CDMX,cdmx,SISEPUEDE,0.0936154662150544,
0,0,4.A - Solid Waste Disposal:CH4,4 - Waste,4.A - Solid Waste Disposal,0.09427327114461397,2032,CH4,0,0,Strategy TX:BASE,CDMX,cdmx,SISEPUEDE,0.09427327114461397,
0,0,4.A - Solid Waste Disposal:CH4,4 - Waste,4.A - Solid Waste Disposal,0.09486236892942654,2033,CH4,0,0,Strategy TX:BASE,CDMX,cdmx,SISEPUEDE,0.09486236892942654,
0,0,4.A - Solid Waste Disposal:CH4,4 - Waste,4.A - Solid Waste Disposal,0.09539034644258512,2034,CH4,0,0,Strategy TX:BASE,CDMX,cdmx,SISEPUEDE,0.09539034644258512,
0,0,4.A - Solid Waste Disposal:CH4,4 - Waste,4.A - Solid Waste Disposal,0.09586408677023794,2035,CH4,0,0,Strategy TX:BASE,CDMX,cdmx,SISEPUEDE,0.09586408677023794,
0,0,4.A - Solid Waste Disposal:CH4,4 - Waste,4.A - Solid Waste Disposal,0.09628970655795754,2036,CH4,0,0,Strategy TX:BASE,CDMX,cdmx,SISEPUEDE,0.09628970655795754,
0,0,4.A - Solid Waste Disposal:CH4,4 - Waste,4.A - Solid Waste Disposal,0.09667245507861559,2037,CH4,0,0,Strategy TX:BASE,CDMX,cdmx,SISEPUEDE,0.09667245507861559,
0,0,4.A - Solid Waste Disposal:CH4,4 - Waste,4.A - Solid Waste Disposal,0.0970165312575886,2038,CH4,0,0,Strategy TX:BASE,CDMX,cdmx,SISEPUEDE,0.0970165312575886,
0,0,4.A - Solid Waste Disposal:CH4,4 - Waste,4.A - Solid Waste Disposal,0.09732503211571684,2039,CH4,0,0,Strategy TX:BASE,CDMX,cdmx,SISEPUEDE,0.09732503211571684,
0,0,4.A - Solid Waste Disposal:CH4,4 - Waste,4.A - Solid Waste Disposal,0.09759980546763755,2040,CH4,0,0,Strategy TX:BASE,CDMX,cdmx,SISEPUEDE,0.09759980546763755,
0,0,4.A - Solid Waste Disposal:CH4,4 - Waste,4.A - Solid Waste Disposal,0.09784164544042628,2041,CH4,0,0,Strategy TX:BASE,CDMX,cdmx,SISEPUEDE,0.09784164544042628,
0,0,4.A - Solid Waste Disposal:CH4,4 - Waste,4.A - Solid Waste Disposal,0.09805025739666796,2042,CH4,0,0,Strategy TX:BASE,CDMX,cdmx,SISEPUEDE,0.09805025739666796,
0,0,4.A - Solid Waste Disposal:CH4,4 - Waste,4.A - Solid Waste Disposal,0.09822523741963221,2043,CH4,0,0,Strategy TX:BASE,CDMX,cdmx,SISEPUEDE,0.09822523741963221,
0,0,4.A - Solid Waste Disposal:CH4,4 - Waste,4.A - Solid Waste Disposal,0.0983663134585464,2044,CH4,0,0,Strategy TX:BASE,CDMX,cdmx,SISEPUEDE,0.0983663134585464,
0,0,4.A - Solid Waste Disposal:CH4,4 - Waste,4.A - Solid Waste Disposal,0.09847376665710435,2045,CH4,0,0,Strategy TX:BASE,CDMX,cdmx,SISEPUEDE,0.09847376665710435,
0,0,4.A - Solid Waste Disposal:CH4,4 - Waste,4.A - Solid Waste Disposal,0.09854826348661773,2046,CH4,0,0,Strategy TX:BASE,CDMX,cdmx,SISEPUEDE,0.09854826348661773,
0,0,4.A - Solid Waste Disposal:CH4,4 - Waste,4.A - Solid Waste Disposal,0.09859086631338457,2047,CH4,0,0,Strategy TX:BASE,CDMX,cdmx,SISEPUEDE,0.09859086631338457,
0,0,4.A - Solid Waste Disposal:CH4,4 - Waste,4.A - Solid Waste Disposal,0.09860294040286688,2048,CH4,0,0,Strategy TX:BASE,CDMX,cdmx,SISEPUEDE,0.09860294040286688,
0,0,4.A - Solid Waste Disposal:CH4,4 - Waste,4.A - Solid Waste Disposal,0.09858627194048532,2049,CH4,0,0,Strategy TX:BASE,CDMX,cdmx,SISEPUEDE,0.09858627194048532,
0,0,4.A - Solid Waste Disposal:CH4,4 - Waste,4.A - Solid Waste Disposal,0.09854285239653271,2050,CH4,0,0,Strategy TX:BASE,CDMX,cdmx,SISEPUEDE,0.09854285239653271,
0,0,4.A - Solid Waste Disposal:CH4,4 - Waste,4.A - Solid Waste Disposal,0.09847455819019031,2051,CH4,0,0,Strategy TX:BASE,CDMX,cdmx,SISEPUEDE,0.09847455819019031,
0,0,4.A - Solid Waste Disposal:CH4,4 - Waste,4.A - Solid Waste Disposal,0.0983828525025528,2052,CH4,0,0,Strategy TX:BASE,CDMX,cdmx,SISEPUEDE,0.0983828525025528,
0,0,4.A - Solid Waste Disposal:CH4,4 - Waste,4.A - Solid Waste Disposal,0.0982686688133125,2053,CH4,0,0,Strategy TX:BASE,CDMX,cdmx,SISEPUEDE,0.0982686688133125,
0,0,4.A - Solid Waste Disposal:CH4,4 - Waste,4.A - Solid Waste Disposal,0.09813223208664991,2054,CH4,0,0,Strategy TX:BASE,CDMX,cdmx,SISEPUEDE,0.09813223208664991,
0,0,4.A - Solid Waste Disposal:CH4,4 - Waste,4.A - Solid Waste Disposal,0.09797330856676564,2055,CH4,0,0,Strategy TX:BASE,CDMX,cdmx,SISEPUEDE,0.09797330856676564,
0,0,4.A - Solid Waste Disposal:CH4,4 - Waste,4.A - Solid Waste Disposal,0.09779126123790617,2056,CH4,0,0,Strategy TX:BASE,CDMX,cdmx,SISEPUEDE,0.09779126123790617,
0,0,4.A - Solid Waste Disposal:CH4,4 - Waste,4.A - Solid Waste Disposal,0.09758543017601348,2057,CH4,0,0,Strategy TX:BASE,CDMX,cdmx,SISEPUEDE,0.09758543017601348,
0,0,4.A - Solid Waste Disposal:CH4,4 - Waste,4.A - Solid Waste Disposal,0.09735537233734695,2058,CH4,0,0,Strategy TX:BASE,CDMX,cdmx,SISEPUEDE,0.09735537233734695,
0,0,4.A - Solid Waste Disposal:CH4,4 - Waste,4.A - Solid Waste Disposal,0.09710093949349402,2059,CH4,0,0,Strategy TX:BASE,CDMX,cdmx,SISEPUEDE,0.09710093949349402,
0,0,4.A - Solid Waste Disposal:CH4,4 - Waste,4.A - Solid Waste Disposal,0.09682253219445239,2060,CH4,0,0,Strategy TX:BASE,CDMX,cdmx,SISEPUEDE,0.09682253219445239,
0,0,4.A - Solid Waste Disposal:N2O,4 - Waste,4.A - Solid Waste Disposal,0.00016228052286529986,2022,N2O,0,0,Strategy TX:BASE,CDMX,cdmx,SISEPUEDE,0.00016228052286529986,
0,0,4.A - Solid Waste Disposal:N2O,4 - Waste,4.A - Solid Waste Disposal,0.0001631015431998301,2023,N2O,0,0,Strategy TX:BASE,CDMX,cdmx,SISEPUEDE,0.0001631015431998301,
0,0,4.A - Solid Waste Disposal:N2O,4 - Waste,4.A - Solid Waste Disposal,0.00016362709863712498,2024,N2O,0,0,Strategy TX:BASE,CDMX,cdmx,SISEPUEDE,0.00016362709863712498,
0,0,4.A - Solid Waste Disposal:N2O,4 - Waste,4.A - Solid Waste Disposal,0.00016382258739925566,2025,N2O,0,0,Strategy TX:BASE,CDMX,cdmx,SISEPUEDE,0.00016382258739925566,
0,0,4.A - Solid Waste Disposal:N2O,4 - Waste,4.A - Solid Waste Disposal,0.00016414384425177442,2026,N2O,0,0,Strategy TX:BASE,CDMX,cdmx,SISEPUEDE,0.00016414384425177442,
0,0,4.A - Solid Waste Disposal:N2O,4 - Waste,4.A - Solid Waste Disposal,0.0001644647362021413,2027,N2O,0,0,Strategy TX:BASE,CDMX,cdmx,SISEPUEDE,0.0001644647362021413,
0,0,4.A - Solid Waste Disposal:N2O,4 - Waste,4.A - Solid Waste Disposal,0.0001647489719898097,2028,N2O,0,0,Strategy TX:BASE,CDMX,cdmx,SISEPUEDE,0.0001647489719898097,
0,0,4.A - Solid Waste Disposal:N2O,4 - Waste,4.A - Solid Waste Disposal,0.0001650010442308506,2029,N2O,0,0,Strategy TX:BASE,CDMX,cdmx,SISEPUEDE,0.0001650010442308506,
0,0,4.A - Solid Waste Disposal:N2O,4 - Waste,4.A - Solid Waste Disposal,0.00016526606040057269,2030,N2O,0,0,Strategy TX:BASE,CDMX,cdmx,SISEPUEDE,0.00016526606040057269,
0,0,4.A - Solid Waste Disposal:N2O,4 - Waste,4.A - Solid Waste Disposal,0.00016554577529867112,2031,N2O,0,0,Strategy TX:BASE,CDMX,cdmx,SISEPUEDE,0.00016554577529867112,
0,0,4.A - Solid Waste Disposal:N2O,4 - Waste,4.A - Solid Waste Disposal,0.00016584814807175485,2032,N2O,0,0,Strategy TX:BASE,CDMX,cdmx,SISEPUEDE,0.00016584814807175485,
0,0,4.A - Solid Waste Disposal:N2O,4 - Waste,4.A - Solid Waste Disposal,0.00016618083227620513,2033,N2O,0,0,Strategy TX:BASE,CDMX,cdmx,SISEPUEDE,0.00016618083227620513,
0,0,4.A - Solid Waste Disposal:N2O,4 - Waste,4.A - Solid Waste Disposal,0.00016654946177434293,2034,N2O,0,0,Strategy TX:BASE,CDMX,cdmx,SISEPUEDE,0.00016654946177434293,
0,0,4.A - Solid Waste Disposal:N2O,4 - Waste,4.A - Solid Waste Disposal,0.0001669579142568123,2035,N2O,0,0,Strategy TX:BASE,CDMX,cdmx,SISEPUEDE,0.0001669579142568123,
0,0,4.A - Solid Waste Disposal:N2O,4 - Waste,4.A - Solid Waste Disposal,0.00016740782681836953,2036,N2O,0,0,Strategy TX:BASE,CDMX,cdmx,SISEPUEDE,0.00016740782681836953,
0,0,4.A - Solid Waste Disposal:N2O,4 - Waste,4.A - Solid Waste Disposal,0.0001678975112133869,2037,N2O,0,0,Strategy TX:BASE,CDMX,cdmx,SISEPUEDE,0.0001678975112133869,
0,0,4.A - Solid Waste Disposal:N2O,4 - Waste,4.A - Solid Waste Disposal,0.00016842325674018614,2038,N2O,0,0,Strategy TX:BASE,CDMX,cdmx,SISEPUEDE,0.00016842325674018614,
0,0,4.A - Solid Waste Disposal:N2O,4 - Waste,4.A - Solid Waste Disposal,0.00016897530463842438,2039,N2O,0,0,Strategy TX:BASE,CDMX,cdmx,SISEPUEDE,0.00016897530463842438,
0,0,4.A - Solid Waste Disposal:N2O,4 - Waste,4.A - Solid Waste Disposal,0.00016954168612580336,2040,N2O,0,0,Strategy TX:BASE,CDMX,cdmx,SISEPUEDE,0.00016954168612580336,
0,0,4.A - Solid Waste Disposal:N2O,4 - Waste,4.A - Solid Waste Disposal,0.0001700920314586895,2041,N2O,0,0,Strategy TX:BASE,CDMX,cdmx,SISEPUEDE,0.0001700920314586895,
0,0,4.A - Solid Waste Disposal:N2O,4 - Waste,4.A - Solid Waste Disposal,0.00017062132972270658,2042,N2O,0,0,Strategy TX:BASE,CDMX,cdmx,SISEPUEDE,0.00017062132972270658,
0,0,4.A - Solid Waste Disposal:N2O,4 - Waste,4.A - Solid Waste Disposal,0.00017112350184414143,2043,N2O,0,0,Strategy TX:BASE,CDMX,cdmx,SISEPUEDE,0.00017112350184414143,
0,0,4.A - Solid Waste Disposal:N2O,4 - Waste,4.A - Solid Waste Disposal,0.00017160506271067012,2044,N2O,0,0,Strategy TX:BASE,CDMX,cdmx,SISEPUEDE,0.00017160506271067012,
0,0,4.A - Solid Waste Disposal:N2O,4 - Waste,4.A - Solid Waste Disposal,0.00017207176684236203,2045,N2O,0,0,Strategy TX:BASE,CDMX,cdmx,SISEPUEDE,0.00017207176684236203,
0,0,4.A - Solid Waste Disposal:N2O,4 - Waste,4.A - Solid Waste Disposal,0.00017252555792093743,2046,N2O,0,0,Strategy TX:BASE,CDMX,cdmx,SISEPUEDE,0.00017252555792093743,
0,0,4.A - Solid Waste Disposal:N2O,4 - Waste,4.A - Solid Waste Disposal,0.00017297048433006053,2047,N2O,0,0,Strategy TX:BASE,CDMX,cdmx,SISEPUEDE,0.00017297048433006053,
0,0,4.A - Solid Waste Disposal:N2O,4 - Waste,4.A - Solid Waste Disposal,0.00017341714924933713,2048,N2O,0,0,Strategy TX:BASE,CDMX,cdmx,SISEPUEDE,0.00017341714924933713,
0,0,4.A - Solid Waste Disposal:N2O,4 - Waste,4.A - Solid Waste Disposal,0.00017387592902812798,2049,N2O,0,0,Strategy TX:BASE,CDMX,cdmx,SISEPUEDE,0.00017387592902812798,
0,0,4.A - Solid Waste Disposal:N2O,4 - Waste,4.A - Solid Waste Disposal,0.0001743518091120204,2050,N2O,0,0,Strategy TX:BASE,CDMX,cdmx,SISEPUEDE,0.0001743518091120204,
0,0,4.A - Solid Waste Disposal:N2O,4 - Waste,4.A - Solid Waste Disposal,0.00017483934582298238,2051,N2O,0,0,Strategy TX:BASE,CDMX,cdmx,SISEPUEDE,0.00017483934582298238,
0,0,4.A - Solid Waste Disposal:N2O,4 - Waste,4.A - Solid Waste Disposal,0.00017533138501265439,2052,N2O,0,0,Strategy TX:BASE,CDMX,cdmx,SISEPUEDE,0.00017533138501265439,
0,0,4.A - Solid Waste Disposal:N2O,4 - Waste,4.A - Solid Waste Disposal,0.00017581305659977763,2053,N2O,0,0,Strategy TX:BASE,CDMX,cdmx,SISEPUEDE,0.00017581305659977763,
0,0,4.A - Solid Waste Disposal:N2O,4 - Waste,4.A - Solid Waste Disposal,0.00017627975038109352,2054,N2O,0,0,Strategy TX:BASE,CDMX,cdmx,SISEPUEDE,0.00017627975038109352,
0,0,4.A - Solid Waste Disposal:N2O,4 - Waste,4.A - Solid Waste Disposal,0.000176718509989931,2055,N2O,0,0,Strategy TX:BASE,CDMX,cdmx,SISEPUEDE,0.000176718509989931,
0,0,4.A - Solid Waste Disposal:N2O,4 - Waste,4.A - Solid Waste Disposal,0.0001771285582257933,2056,N2O,0,0,Strategy TX:BASE,CDMX,cdmx,SISEPUEDE,0.0001771285582257933,
0,0,4.A - Solid Waste Disposal:N2O,4 - Waste,4.A - Solid Waste Disposal,0.00017751635181822618,2057,N2O,0,0,Strategy TX:BASE,CDMX,cdmx,SISEPUEDE,0.00017751635181822618,
0,0,4.A - Solid Waste Disposal:N2O,4 - Waste,4.A - Solid Waste Disposal,0.00017788471801398877,2058,N2O,0,0,Strategy TX:BASE,CDMX,cdmx,SISEPUEDE,0.00017788471801398877,
0,0,4.A - Solid Waste Disposal:N2O,4 - Waste,4.A - Solid Waste Disposal,0.00017824438264025597,2059,N2O,0,0,Strategy TX:BASE,CDMX,cdmx,SISEPUEDE,0.00017824438264025597,
0,0,4.A - Solid Waste Disposal:N2O,4 - Waste,4.A - Solid Waste Disposal,0.00017860464968875075,2060,N2O,0,0,Strategy TX:BASE,CDMX,cdmx,SISEPUEDE,0.00017860464968875075,
0,0,4.D - Wastewater:CH4,4 - Waste,4.D - Wastewater,0.1389265503859055,2022,CH4,0,0,Strategy TX:BASE,CDMX,cdmx,SISEPUEDE,0.1389265503859055,
0,0,4.D - Wastewater:CH4,4 - Waste,4.D - Wastewater,0.14132267182837388,2023,CH4,0,0,Strategy TX:BASE,CDMX,cdmx,SISEPUEDE,0.14132267182837388,
0,0,4.D - Wastewater:CH4,4 - Waste,4.D - Wastewater,0.14308485546660593,2024,CH4,0,0,Strategy TX:BASE,CDMX,cdmx,SISEPUEDE,0.14308485546660593,
0,0,4.D - Wastewater:CH4,4 - Waste,4.D - Wastewater,0.14411099344053988,2025,CH4,0,0,Strategy TX:BASE,CDMX,cdmx,SISEPUEDE,0.14411099344053988,
0,0,4.D - Wastewater:CH4,4 - Waste,4.D - Wastewater,0.1455312424677314,2026,CH4,0,0,Strategy TX:BASE,CDMX,cdmx,SISEPUEDE,0.1455312424677314,
0,0,4.D - Wastewater:CH4,4 - Waste,4.D - Wastewater,0.1470485609911758,2027,CH4,0,0,Strategy TX:BASE,CDMX,cdmx,SISEPUEDE,0.1470485609911758,
0,0,4.D - Wastewater:CH4,4 - Waste,4.D - Wastewater,0.14857113959800833,2028,CH4,0,0,Strategy TX:BASE,CDMX,cdmx,SISEPUEDE,0.14857113959800833,
0,0,4.D - Wastewater:CH4,4 - Waste,4.D - Wastewater,0.1500979220980922,2029,CH4,0,0,Strategy TX:BASE,CDMX,cdmx,SISEPUEDE,0.1500979220980922,
0,0,4.D - Wastewater:CH4,4 - Waste,4.D - Wastewater,0.15172272685972454,2030,CH4,0,0,Strategy TX:BASE,CDMX,cdmx,SISEPUEDE,0.15172272685972454,
0,0,4.D - Wastewater:CH4,4 - Waste,4.D - Wastewater,0.1534355375170895,2031,CH4,0,0,Strategy TX:BASE,CDMX,cdmx,SISEPUEDE,0.1534355375170895,
0,0,4.D - Wastewater:CH4,4 - Waste,4.D - Wastewater,0.15524341735152608,2032,CH4,0,0,Strategy TX:BASE,CDMX,cdmx,SISEPUEDE,0.15524341735152608,
0,0,4.D - Wastewater:CH4,4 - Waste,4.D - Wastewater,0.15715358363005832,2033,CH4,0,0,Strategy TX:BASE,CDMX,cdmx,SISEPUEDE,0.15715358363005832,
0,0,4.D - Wastewater:CH4,4 - Waste,4.D - Wastewater,0.15917255592231616,2034,CH4,0,0,Strategy TX:BASE,CDMX,cdmx,SISEPUEDE,0.15917255592231616,
0,0,4.D - Wastewater:CH4,4 - Waste,4.D - Wastewater,0.1613062762115318,2035,CH4,0,0,Strategy TX:BASE,CDMX,cdmx,SISEPUEDE,0.1613062762115318,
0,0,4.D - Wastewater:CH4,4 - Waste,4.D - Wastewater,0.16355984741797977,2036,CH4,0,0,Strategy TX:BASE,CDMX,cdmx,SISEPUEDE,0.16355984741797977,
0,0,4.D - Wastewater:CH4,4 - Waste,4.D - Wastewater,0.16593694743383192,2037,CH4,0,0,Strategy TX:BASE,CDMX,cdmx,SISEPUEDE,0.16593694743383192,
0,0,4.D - Wastewater:CH4,4 - Waste,4.D - Wastewater,0.1684404591406554,2038,CH4,0,0,Strategy TX:BASE,CDMX,cdmx,SISEPUEDE,0.1684404591406554,
0,0,4.D - Wastewater:CH4,4 - Waste,4.D - Wastewater,0.1710627624480739,2039,CH4,0,0,Strategy TX:BASE,CDMX,cdmx,SISEPUEDE,0.1710627624480739,
0,0,4.D - Wastewater:CH4,4 - Waste,4.D - Wastewater,0.17378745614230878,2040,CH4,0,0,Strategy TX:BASE,CDMX,cdmx,SISEPUEDE,0.17378745614230878,
0,0,4.D - Wastewater:CH4,4 - Waste,4.D - Wastewater,0.17654706490802852,2041,CH4,0,0,Strategy TX:BASE,CDMX,cdmx,SISEPUEDE,0.17654706490802852,
0,0,4.D - Wastewater:CH4,4 - Waste,4.D - Wastewater,0.179330445780279,2042,CH4,0,0,Strategy TX:BASE,CDMX,cdmx,SISEPUEDE,0.179330445780279,
0,0,4.D - Wastewater:CH4,4 - Waste,4.D - Wastewater,0.18211734036002392,2043,CH4,0,0,Strategy TX:BASE,CDMX,cdmx,SISEPUEDE,0.18211734036002392,
0,0,4.D - Wastewater:CH4,4 - Waste,4.D - Wastewater,0.18491405540091616,2044,CH4,0,0,Strategy TX:BASE,CDMX,cdmx,SISEPUEDE,0.18491405540091616,
0,0,4.D - Wastewater:CH4,4 - Waste,4.D - Wastewater,0.1877266827993119,2045,CH4,0,0,Strategy TX:BASE,CDMX,cdmx,SISEPUEDE,0.1877266827993119,
0,0,4.D - Wastewater:CH4,4 - Waste,4.D - Wastewater,0.19054786595977816,2046,CH4,0,0,Strategy TX:BASE,CDMX,cdmx,SISEPUEDE,0.19054786595977816,
0,0,4.D - Wastewater:CH4,4 - Waste,4.D - Wastewater,0.19337821229751717,2047,CH4,0,0,Strategy TX:BASE,CDMX,cdmx,SISEPUEDE,0.19337821229751717,
0,0,4.D - Wastewater:CH4,4 - Waste,4.D - Wastewater,0.19623374488403755,2048,CH4,0,0,Strategy TX:BASE,CDMX,cdmx,SISEPUEDE,0.19623374488403755,
0,0,4.D - Wastewater:CH4,4 - Waste,4.D - Wastewater,0.19913362182796224,2049,CH4,0,0,Strategy TX:BASE,CDMX,cdmx,SISEPUEDE,0.19913362182796224,
0,0,4.D - Wastewater:CH4,4 - Waste,4.D - Wastewater,0.2020880175268949,2050,CH4,0,0,Strategy TX:BASE,CDMX,cdmx,SISEPUEDE,0.2020880175268949,
0,0,4.D - Wastewater:CH4,4 - Waste,4.D - Wastewater,0.2050844269417352,2051,CH4,0,0,Strategy TX:BASE,CDMX,cdmx,SISEPUEDE,0.2050844269417352,
0,0,4.D - Wastewater:CH4,4 - Waste,4.D - Wastewater,0.20810975234266985,2052,CH4,0,0,Strategy TX:BASE,CDMX,cdmx,SISEPUEDE,0.20810975234266985,
0,0,4.D - Wastewater:CH4,4 - Waste,4.D - Wastewater,0.21113565371180582,2053,CH4,0,0,Strategy TX:BASE,CDMX,cdmx,SISEPUEDE,0.21113565371180582,
0,0,4.D - Wastewater:CH4,4 - Waste,4.D - Wastewater,0.2141596854259818,2054,CH4,0,0,Strategy TX:BASE,CDMX,cdmx,SISEPUEDE,0.2141596854259818,
0,0,4.D - Wastewater:CH4,4 - Waste,4.D - Wastewater,0.21715594100715294,2055,CH4,0,0,Strategy TX:BASE,CDMX,cdmx,SISEPUEDE,0.21715594100715294,
0,0,4.D - Wastewater:CH4,4 - Waste,4.D - Wastewater,0.22012601148140262,2056,CH4,0,0,Strategy TX:BASE,CDMX,cdmx,SISEPUEDE,0.22012601148140262,
0,0,4.D - Wastewater:CH4,4 - Waste,4.D - Wastewater,0.22308591900172275,2057,CH4,0,0,Strategy TX:BASE,CDMX,cdmx,SISEPUEDE,0.22308591900172275,
0,0,4.D - Wastewater:CH4,4 - Waste,4.D - Wastewater,0.22603864771226115,2058,CH4,0,0,Strategy TX:BASE,CDMX,cdmx,SISEPUEDE,0.22603864771226115,
0,0,4.D - Wastewater:CH4,4 - Waste,4.D - Wastewater,0.2290021710352273,2059,CH4,0,0,Strategy TX:BASE,CDMX,cdmx,SISEPUEDE,0.2290021710352273,
0,0,4.D - Wastewater:CH4,4 - Waste,4.D - Wastewater,0.23199380564086206,2060,CH4,0,0,Strategy TX:BASE,CDMX,cdmx,SISEPUEDE,0.23199380564086206,
0,0,4.D - Wastewater:N2O,4 - Waste,4.D - Wastewater,0.659193242929152,2022,N2O,0,0,Strategy TX:BASE,CDMX,cdmx,SISEPUEDE,0.659193242929152,
0,0,4.D - Wastewater:N2O,4 - Waste,4.D - Wastewater,0.6769592820382031,2023,N2O,0,0,Strategy TX:BASE,CDMX,cdmx,SISEPUEDE,0.6769592820382031,
0,0,4.D - Wastewater:N2O,4 - Waste,4.D - Wastewater,0.6902200558061717,2024,N2O,0,0,Strategy TX:BASE,CDMX,cdmx,SISEPUEDE,0.6902200558061717,
0,0,4.D - Wastewater:N2O,4 - Waste,4.D - Wastewater,0.6981736785633904,2025,N2O,0,0,Strategy TX:BASE,CDMX,cdmx,SISEPUEDE,0.6981736785633904,
0,0,4.D - Wastewater:N2O,4 - Waste,4.D - Wastewater,0.7091344803520023,2026,N2O,0,0,Strategy TX:BASE,CDMX,cdmx,SISEPUEDE,0.7091344803520023,
0,0,4.D - Wastewater:N2O,4 - Waste,4.D - Wastewater,0.7209170968689587,2027,N2O,0,0,Strategy TX:BASE,CDMX,cdmx,SISEPUEDE,0.7209170968689587,
0,0,4.D - Wastewater:N2O,4 - Waste,4.D - Wastewater,0.732848358230054,2028,N2O,0,0,Strategy TX:BASE,CDMX,cdmx,SISEPUEDE,0.732848358230054,
0,0,4.D - Wastewater:N2O,4 - Waste,4.D - Wastewater,0.7449384993216577,2029,N2O,0,0,Strategy TX:BASE,CDMX,cdmx,SISEPUEDE,0.7449384993216577,
0,0,4.D - Wastewater:N2O,4 - Waste,4.D - Wastewater,0.7578520518116648,2030,N2O,0,0,Strategy TX:BASE,CDMX,cdmx,SISEPUEDE,0.7578520518116648,
0,0,4.D - Wastewater:N2O,4 - Waste,4.D - Wastewater,0.7715263275824757,2031,N2O,0,0,Strategy TX:BASE,CDMX,cdmx,SISEPUEDE,0.7715263275824757,
0,0,4.D - Wastewater:N2O,4 - Waste,4.D - Wastewater,0.786001594379905,2032,N2O,0,0,Strategy TX:BASE,CDMX,cdmx,SISEPUEDE,0.786001594379905,
0,0,4.D - Wastewater:N2O,4 - Waste,4.D - Wastewater,0.8013116599068182,2033,N2O,0,0,Strategy TX:BASE,CDMX,cdmx,SISEPUEDE,0.8013116599068182,
0,0,4.D - Wastewater:N2O,4 - Waste,4.D - Wastewater,0.8175607048589547,2034,N2O,0,0,Strategy TX:BASE,CDMX,cdmx,SISEPUEDE,0.8175607048589547,
0,0,4.D - Wastewater:N2O,4 - Waste,4.D - Wastewater,0.8347817148366445,2035,N2O,0,0,Strategy TX:BASE,CDMX,cdmx,SISEPUEDE,0.8347817148366445,
0,0,4.D - Wastewater:N2O,4 - Waste,4.D - Wastewater,0.8529711410474256,2036,N2O,0,0,Strategy TX:BASE,CDMX,cdmx,SISEPUEDE,0.8529711410474256,
0,0,4.D - Wastewater:N2O,4 - Waste,4.D - Wastewater,0.8722367734281634,2037,N2O,0,0,Strategy TX:BASE,CDMX,cdmx,SISEPUEDE,0.8722367734281634,
0,0,4.D - Wastewater:N2O,4 - Waste,4.D - Wastewater,0.892613472477567,2038,N2O,0,0,Strategy TX:BASE,CDMX,cdmx,SISEPUEDE,0.892613472477567,
0,0,4.D - Wastewater:N2O,4 - Waste,4.D - Wastewater,0.9140749318527985,2039,N2O,0,0,Strategy TX:BASE,CDMX,cdmx,SISEPUEDE,0.9140749318527985,
0,0,4.D - Wastewater:N2O,4 - Waste,4.D - Wastewater,0.9364943856075643,2040,N2O,0,0,Strategy TX:BASE,CDMX,cdmx,SISEPUEDE,0.9364943856075643,
0,0,4.D - Wastewater:N2O,4 - Waste,4.D - Wastewater,0.9593992881802857,2041,N2O,0,0,Strategy TX:BASE,CDMX,cdmx,SISEPUEDE,0.9593992881802857,
0,0,4.D - Wastewater:N2O,4 - Waste,4.D - Wastewater,0.9827018964311912,2042,N2O,0,0,Strategy TX:BASE,CDMX,cdmx,SISEPUEDE,0.9827018964311912,
0,0,4.D - Wastewater:N2O,4 - Waste,4.D - Wastewater,1.006234987128241,2043,N2O,0,0,Strategy TX:BASE,CDMX,cdmx,SISEPUEDE,1.006234987128241,
0,0,4.D - Wastewater:N2O,4 - Waste,4.D - Wastewater,1.030070200176126,2044,N2O,0,0,Strategy TX:BASE,CDMX,cdmx,SISEPUEDE,1.030070200176126,
0,0,4.D - Wastewater:N2O,4 - Waste,4.D - Wastewater,1.0542127433892634,2045,N2O,0,0,Strategy TX:BASE,CDMX,cdmx,SISEPUEDE,1.0542127433892634,
0,0,4.D - Wastewater:N2O,4 - Waste,4.D - Wastewater,1.0786333605865808,2046,N2O,0,0,Strategy TX:BASE,CDMX,cdmx,SISEPUEDE,1.0786333605865808,
0,0,4.D - Wastewater:N2O,4 - Waste,4.D - Wastewater,1.1033071186576482,2047,N2O,0,0,Strategy TX:BASE,CDMX,cdmx,SISEPUEDE,1.1033071186576482,
0,0,4.D - Wastewater:N2O,4 - Waste,4.D - Wastewater,1.128334161715877,2048,N2O,0,0,Strategy TX:BASE,CDMX,cdmx,SISEPUEDE,1.128334161715877,
0,0,4.D - Wastewater:N2O,4 - Waste,4.D - Wastewater,1.1538855550437468,2049,N2O,0,0,Strategy TX:BASE,CDMX,cdmx,SISEPUEDE,1.1538855550437468,
0,0,4.D - Wastewater:N2O,4 - Waste,4.D - Wastewater,1.1800564582056468,2050,N2O,0,0,Strategy TX:BASE,CDMX,cdmx,SISEPUEDE,1.1800564582056468,
0,0,4.D - Wastewater:N2O,4 - Waste,4.D - Wastewater,1.2067132801051266,2051,N2O,0,0,Strategy TX:BASE,CDMX,cdmx,SISEPUEDE,1.2067132801051266,
0,0,4.D - Wastewater:N2O,4 - Waste,4.D - Wastewater,1.2338375179340102,2052,N2O,0,0,Strategy TX:BASE,CDMX,cdmx,SISEPUEDE,1.2338375179340102,
0,0,4.D - Wastewater:N2O,4 - Waste,4.D - Wastewater,1.261165793496331,2053,N2O,0,0,Strategy TX:BASE,CDMX,cdmx,SISEPUEDE,1.261165793496331,
0,0,4.D - Wastewater:N2O,4 - Waste,4.D - Wastewater,1.2887062756693153,2054,N2O,0,0,Strategy TX:BASE,CDMX,cdmx,SISEPUEDE,1.2887062756693153,
0,0,4.D - Wastewater:N2O,4 - Waste,4.D - Wastewater,1.316270529735174,2055,N2O,0,0,Strategy TX:BASE,CDMX,cdmx,SISEPUEDE,1.316270529735174,
0,0,4.D - Wastewater:N2O,4 - Waste,4.D - Wastewater,1.3438558170295891,2056,N2O,0,0,Strategy TX:BASE,CDMX,cdmx,SISEPUEDE,1.3438558170295891,
0,0,4.D - Wastewater:N2O,4 - Waste,4.D - Wastewater,1.3716076594172224,2057,N2O,0,0,Strategy TX:BASE,CDMX,cdmx,SISEPUEDE,1.3716076594172224,
0,0,4.D - Wastewater:N2O,4 - Waste,4.D - Wastewater,1.3995684622441233,2058,N2O,0,0,Strategy TX:BASE,CDMX,cdmx,SISEPUEDE,1.3995684622441233,
0,0,4.D - Wastewater:N2O,4 - Waste,4.D - Wastewater,1.4278386699166556,2059,N2O,0,0,Strategy TX:BASE,CDMX,cdmx,SISEPUEDE,1.4278386699166556,
0,0,4.D - Wastewater:N2O,4 - Waste,4.D - Wastewater,1.4565726735546214,2060,N2O,0,0,Strategy TX:BASE,CDMX,cdmx,SISEPUEDE,1.4565726735546214,
0,0,5 - CCSQ:CO2,5 - CCSQ,5 - CCSQ,0.0,2022,CO2,0,0,Strategy TX:BASE,CDMX,cdmx,SISEPUEDE,0.0,
0,0,5 - CCSQ:CO2,5 - CCSQ,5 - CCSQ,0.0,2023,CO2,0,0,Strategy TX:BASE,CDMX,cdmx,SISEPUEDE,0.0,
0,0,5 - CCSQ:CO2,5 - CCSQ,5 - CCSQ,0.0,2024,CO2,0,0,Strategy TX:BASE,CDMX,cdmx,SISEPUEDE,0.0,
0,0,5 - CCSQ:CO2,5 - CCSQ,5 - CCSQ,0.0,2025,CO2,0,0,Strategy TX:BASE,CDMX,cdmx,SISEPUEDE,0.0,
0,0,5 - CCSQ:CO2,5 - CCSQ,5 - CCSQ,0.0,2026,CO2,0,0,Strategy TX:BASE,CDMX,cdmx,SISEPUEDE,0.0,
0,0,5 - CCSQ:CO2,5 - CCSQ,5 - CCSQ,0.0,2027,CO2,0,0,Strategy TX:BASE,CDMX,cdmx,SISEPUEDE,0.0,
0,0,5 - CCSQ:CO2,5 - CCSQ,5 - CCSQ,0.0,2028,CO2,0,0,Strategy TX:BASE,CDMX,cdmx,SISEPUEDE,0.0,
0,0,5 - CCSQ:CO2,5 - CCSQ,5 - CCSQ,0.0,2029,CO2,0,0,Strategy TX:BASE,CDMX,cdmx,SISEPUEDE,0.0,
0,0,5 - CCSQ:CO2,5 - CCSQ,5 - CCSQ,0.0,2030,CO2,0,0,Strategy TX:BASE,CDMX,cdmx,SISEPUEDE,0.0,
0,0,5 - CCSQ:CO2,5 - CCSQ,5 - CCSQ,0.0,2031,CO2,0,0,Strategy TX:BASE,CDMX,cdmx,SISEPUEDE,0.0,
0,0,5 - CCSQ:CO2,5 - CCSQ,5 - CCSQ,0.0,2032,CO2,0,0,Strategy TX:BASE,CDMX,cdmx,SISEPUEDE,0.0,
0,0,5 - CCSQ:CO2,5 - CCSQ,5 - CCSQ,0.0,2033,CO2,0,0,Strategy TX:BASE,CDMX,cdmx,SISEPUEDE,0.0,
0,0,5 - CCSQ:CO2,5 - CCSQ,5 - CCSQ,0.0,2034,CO2,0,0,Strategy TX:BASE,CDMX,cdmx,SISEPUEDE,0.0,
0,0,5 - CCSQ:CO2,5 - CCSQ,5 - CCSQ,0.0,2035,CO2,0,0,Strategy TX:BASE,CDMX,cdmx,SISEPUEDE,0.0,
0,0,5 - CCSQ:CO2,5 - CCSQ,5 - CCSQ,0.0,2036,CO2,0,0,Strategy TX:BASE,CDMX,cdmx,SISEPUEDE,0.0,
0,0,5 - CCSQ:CO2,5 - CCSQ,5 - CCSQ,0.0,2037,CO2,0,0,Strategy TX:BASE,CDMX,cdmx,SISEPUEDE,0.0,
0,0,5 - CCSQ:CO2,5 - CCSQ,5 - CCSQ,0.0,2038,CO2,0,0,Strategy TX:BASE,CDMX,cdmx,SISEPUEDE,0.0,
0,0,5 - CCSQ:CO2,5 - CCSQ,5 - CCSQ,0.0,2039,CO2,0,0,Strategy TX:BASE,CDMX,cdmx,SISEPUEDE,0.0,
0,0,5 - CCSQ:CO2,5 - CCSQ,5 - CCSQ,0.0,2040,CO2,0,0,Strategy TX:BASE,CDMX,cdmx,SISEPUEDE,0.0,
0,0,5 - CCSQ:CO2,5 - CCSQ,5 - CCSQ,0.0,2041,CO2,0,0,Strategy TX:BASE,CDMX,cdmx,SISEPUEDE,0.0,
0,0,5 - CCSQ:CO2,5 - CCSQ,5 - CCSQ,0.0,2042,CO2,0,0,Strategy TX:BASE,CDMX,cdmx,SISEPUEDE,0.0,
0,0,5 - CCSQ:CO2,5 - CCSQ,5 - CCSQ,0.0,2043,CO2,0,0,Strategy TX:BASE,CDMX,cdmx,SISEPUEDE,0.0,
0,0,5 - CCSQ:CO2,5 - CCSQ,5 - CCSQ,0.0,2044,CO2,0,0,Strategy TX:BASE,CDMX,cdmx,SISEPUEDE,0.0,
0,0,5 - CCSQ:CO2,5 - CCSQ,5 - CCSQ,0.0,2045,CO2,0,0,Strategy TX:BASE,CDMX,cdmx,SISEPUEDE,0.0,
0,0,5 - CCSQ:CO2,5 - CCSQ,5 - CCSQ,0.0,2046,CO2,0,0,Strategy TX:BASE,CDMX,cdmx,SISEPUEDE,0.0,
0,0,5 - CCSQ:CO2,5 - CCSQ,5 - CCSQ,0.0,2047,CO2,0,0,Strategy TX:BASE,CDMX,cdmx,SISEPUEDE,0.0,
0,0,5 - CCSQ:CO2,5 - CCSQ,5 - CCSQ,0.0,2048,CO2,0,0,Strategy TX:BASE,CDMX,cdmx,SISEPUEDE,0.0,
0,0,5 - CCSQ:CO2,5 - CCSQ,5 - CCSQ,0.0,2049,CO2,0,0,Strategy TX:BASE,CDMX,cdmx,SISEPUEDE,0.0,
0,0,5 - CCSQ:CO2,5 - CCSQ,5 - CCSQ,0.0,2050,CO2,0,0,Strategy TX:BASE,CDMX,cdmx,SISEPUEDE,0.0,
0,0,5 - CCSQ:CO2,5 - CCSQ,5 - CCSQ,0.0,2051,CO2,0,0,Strategy TX:BASE,CDMX,cdmx,SISEPUEDE,0.0,
0,0,5 - CCSQ:CO2,5 - CCSQ,5 - CCSQ,0.0,2052,CO2,0,0,Strategy TX:BASE,CDMX,cdmx,SISEPUEDE,0.0,
0,0,5 - CCSQ:CO2,5 - CCSQ,5 - CCSQ,0.0,2053,CO2,0,0,Strategy TX:BASE,CDMX,cdmx,SISEPUEDE,0.0,
0,0,5 - CCSQ:CO2,5 - CCSQ,5 - CCSQ,0.0,2054,CO2,0,0,Strategy TX:BASE,CDMX,cdmx,SISEPUEDE,0.0,
0,0,5 - CCSQ:CO2,5 - CCSQ,5 - CCSQ,0.0,2055,CO2,0,0,Strategy TX:BASE,CDMX,cdmx,SISEPUEDE,0.0,
0,0,5 - CCSQ:CO2,5 - CCSQ,5 - CCSQ,0.0,2056,CO2,0,0,Strategy TX:BASE,CDMX,cdmx,SISEPUEDE,0.0,
0,0,5 - CCSQ:CO2,5 - CCSQ,5 - CCSQ,0.0,2057,CO2,0,0,Strategy TX:BASE,CDMX,cdmx,SISEPUEDE,0.0,
0,0,5 - CCSQ:CO2,5 - CCSQ,5 - CCSQ,0.0,2058,CO2,0,0,Strategy TX:BASE,CDMX,cdmx,SISEPUEDE,0.0,
0,0,5 - CCSQ:CO2,5 - CCSQ,5 - CCSQ,0.0,2059,CO2,0,0,Strategy TX:BASE,CDMX,cdmx,SISEPUEDE,0.0,
0,0,5 - CCSQ:CO2,5 - CCSQ,5 - CCSQ,0.0,2060,CO2,0,0,Strategy TX:BASE,CDMX,cdmx,SISEPUEDE,0.0,
6002,71071,1.A.1 - Energy Industries:CO2,1 - Energy,1.A.1 - Energy Industries,0.0001783895349569,2022,CO2,0,0,All Actions,CDMX,cdmx,SISEPUEDE,0.0001783895349569,
6002,71071,1.A.1 - Energy Industries:CO2,1 - Energy,1.A.1 - Energy Industries,0.0001823535683542,2023,CO2,0,0,All Actions,CDMX,cdmx,SISEPUEDE,0.0001823535683542,
6002,71071,1.A.1 - Energy Industries:CO2,1 - Energy,1.A.1 - Energy Industries,0.0001849734639357,2024,CO2,0,0,All Actions,CDMX,cdmx,SISEPUEDE,0.0001849734639357,
6002,71071,1.A.1 - Energy Industries:CO2,1 - Energy,1.A.1 - Energy Industries,0.0001860472741893,2025,CO2,0,0,All Actions,CDMX,cdmx,SISEPUEDE,0.0001860472741893,
6002,71071,1.A.1 - Energy Industries:CO2,1 - Energy,1.A.1 - Energy Industries,0.0001879933468943,2026,CO2,0,0,All Actions,CDMX,cdmx,SISEPUEDE,0.0001879933468943,
6002,71071,1.A.1 - Energy Industries:CO2,1 - Energy,1.A.1 - Energy Industries,0.000190180366855,2027,CO2,0,0,All Actions,CDMX,cdmx,SISEPUEDE,0.000190180366855,
6002,71071,1.A.1 - Energy Industries:CO2,1 - Energy,1.A.1 - Energy Industries,0.0001924109836859,2028,CO2,0,0,All Actions,CDMX,cdmx,SISEPUEDE,0.0001924109836859,
6002,71071,1.A.1 - Energy Industries:CO2,1 - Energy,1.A.1 - Energy Industries,0.028911058246228,2029,CO2,0,0,All Actions,CDMX,cdmx,SISEPUEDE,0.028911058246228,
6002,71071,1.A.1 - Energy Industries:CO2,1 - Energy,1.A.1 - Energy Industries,0.0562239186618829,2030,CO2,0,0,All Actions,CDMX,cdmx,SISEPUEDE,0.0562239186618829,
6002,71071,1.A.1 - Energy Industries:CO2,1 - Energy,1.A.1 - Energy Industries,0.0821769285846765,2031,CO2,0,0,All Actions,CDMX,cdmx,SISEPUEDE,0.0821769285846765,
6002,71071,1.A.1 - Energy Industries:CO2,1 - Energy,1.A.1 - Energy Industries,0.1068052944452848,2032,CO2,0,0,All Actions,CDMX,cdmx,SISEPUEDE,0.1068052944452848,
6002,71071,1.A.1 - Energy Industries:CO2,1 - Energy,1.A.1 - Energy Industries,0.1301342526330454,2033,CO2,0,0,All Actions,CDMX,cdmx,SISEPUEDE,0.1301342526330454,
6002,71071,1.A.1 - Energy Industries:CO2,1 - Energy,1.A.1 - Energy Industries,0.1521796524292201,2034,CO2,0,0,All Actions,CDMX,cdmx,SISEPUEDE,0.1521796524292201,
6002,71071,1.A.1 - Energy Industries:CO2,1 - Energy,1.A.1 - Energy Industries,0.1729483577745987,2035,CO2,0,0,All Actions,CDMX,cdmx,SISEPUEDE,0.1729483577745987,
6002,71071,1.A.1 - Energy Industries:CO2,1 - Energy,1.A.1 - Energy Industries,0.1924384920113061,2036,CO2,0,0,All Actions,CDMX,cdmx,SISEPUEDE,0.1924384920113061,
6002,71071,1.A.1 - Energy Industries:CO2,1 - Energy,1.A.1 - Energy Industries,0.2106395443891471,2037,CO2,0,0,All Actions,CDMX,cdmx,SISEPUEDE,0.2106395443891471,
6002,71071,1.A.1 - Energy Industries:CO2,1 - Energy,1.A.1 - Energy Industries,0.2275323515030507,2038,CO2,0,0,All Actions,CDMX,cdmx,SISEPUEDE,0.2275323515030507,
6002,71071,1.A.1 - Energy Industries:CO2,1 - Energy,1.A.1 - Energy Industries,0.2430730383859034,2039,CO2,0,0,All Actions,CDMX,cdmx,SISEPUEDE,0.2430730383859034,
6002,71071,1.A.1 - Energy Industries:CO2,1 - Energy,1.A.1 - Energy Industries,0.2571888308482057,2040,CO2,0,0,All Actions,CDMX,cdmx,SISEPUEDE,0.2571888308482057,
6002,71071,1.A.1 - Energy Industries:CO2,1 - Energy,1.A.1 - Energy Industries,0.2696995351610703,2041,CO2,0,0,All Actions,CDMX,cdmx,SISEPUEDE,0.2696995351610703,
6002,71071,1.A.1 - Energy Industries:CO2,1 - Energy,1.A.1 - Energy Industries,0.2805039220356228,2042,CO2,0,0,All Actions,CDMX,cdmx,SISEPUEDE,0.2805039220356228,
6002,71071,1.A.1 - Energy Industries:CO2,1 - Energy,1.A.1 - Energy Industries,0.2894750490945587,2043,CO2,0,0,All Actions,CDMX,cdmx,SISEPUEDE,0.2894750490945587,
6002,71071,1.A.1 - Energy Industries:CO2,1 - Energy,1.A.1 - Energy Industries,0.2965286329476141,2044,CO2,0,0,All Actions,CDMX,cdmx,SISEPUEDE,0.2965286329476141,
6002,71071,1.A.1 - Energy Industries:CO2,1 - Energy,1.A.1 - Energy Industries,0.301579522364563,2045,CO2,0,0,All Actions,CDMX,cdmx,SISEPUEDE,0.301579522364563,
6002,71071,1.A.1 - Energy Industries:CO2,1 - Energy,1.A.1 - Energy Industries,0.304513743998028,2046,CO2,0,0,All Actions,CDMX,cdmx,SISEPUEDE,0.304513743998028,
6002,71071,1.A.1 - Energy Industries:CO2,1 - Energy,1.A.1 - Energy Industries,0.3052328776299912,2047,CO2,0,0,All Actions,CDMX,cdmx,SISEPUEDE,0.3052328776299912,
6002,71071,1.A.1 - Energy Industries:CO2,1 - Energy,1.A.1 - Energy Industries,0.303665637760612,2048,CO2,0,0,All Actions,CDMX,cdmx,SISEPUEDE,0.303665637760612,
6002,71071,1.A.1 - Energy Industries:CO2,1 - Energy,1.A.1 - Energy Industries,0.2997453787588472,2049,CO2,0,0,All Actions,CDMX,cdmx,SISEPUEDE,0.2997453787588472,
6002,71071,1.A.1 - Energy Industries:CO2,1 - Energy,1.A.1 - Energy Industries,0.2933873069629895,2050,CO2,0,0,All Actions,CDMX,cdmx,SISEPUEDE,0.2933873069629895,
6002,71071,1.A.1 - Energy Industries:CO2,1 - Energy,1.A.1 - Energy Industries,0.2845318201463753,2051,CO2,0,0,All Actions,CDMX,cdmx,SISEPUEDE,0.2845318201463753,
6002,71071,1.A.1 - Energy Industries:CO2,1 - Energy,1.A.1 - Energy Industries,0.2729707777568065,2052,CO2,0,0,All Actions,CDMX,cdmx,SISEPUEDE,0.2729707777568065,
6002,71071,1.A.1 - Energy Industries:CO2,1 - Energy,1.A.1 - Energy Industries,0.2585685633283624,2053,CO2,0,0,All Actions,CDMX,cdmx,SISEPUEDE,0.2585685633283624,
6002,71071,1.A.1 - Energy Industries:CO2,1 - Energy,1.A.1 - Energy Industries,0.2411541898103507,2054,CO2,0,0,All Actions,CDMX,cdmx,SISEPUEDE,0.2411541898103507,
6002,71071,1.A.1 - Energy Industries:CO2,1 - Energy,1.A.1 - Energy Industries,0.2205888922003619,2055,CO2,0,0,All Actions,CDMX,cdmx,SISEPUEDE,0.2205888922003619,
6002,71071,1.A.1 - Energy Industries:CO2,1 - Energy,1.A.1 - Energy Industries,0.1969062520470438,2056,CO2,0,0,All Actions,CDMX,cdmx,SISEPUEDE,0.1969062520470438,
6002,71071,1.A.1 - Energy Industries:CO2,1 - Energy,1.A.1 - Energy Industries,0.1700503651269222,2057,CO2,0,0,All Actions,CDMX,cdmx,SISEPUEDE,0.1700503651269222,
6002,71071,1.A.1 - Energy Industries:CO2,1 - Energy,1.A.1 - Energy Industries,0.1399489897160595,2058,CO2,0,0,All Actions,CDMX,cdmx,SISEPUEDE,0.1399489897160595,
6002,71071,1.A.1 - Energy Industries:CO2,1 - Energy,1.A.1 - Energy Industries,0.1065393657697877,2059,CO2,0,0,All Actions,CDMX,cdmx,SISEPUEDE,0.1065393657697877,
6002,71071,1.A.1 - Energy Industries:CO2,1 - Energy,1.A.1 - Energy Industries,0.0697508744627903,2060,CO2,0,0,All Actions,CDMX,cdmx,SISEPUEDE,0.0697508744627903,
6002,71071,1.A.2 - Manufacturing and Construction:CH4,1 - Energy,1.A.2 - Manufacturing and Construction,0.0017550620823236862,2022,CH4,0,0,All Actions,CDMX,cdmx,SISEPUEDE,0.0017550620823236862,
6002,71071,1.A.2 - Manufacturing and Construction:CH4,1 - Energy,1.A.2 - Manufacturing and Construction,0.0017970418950298917,2023,CH4,0,0,All Actions,CDMX,cdmx,SISEPUEDE,0.0017970418950298917,
6002,71071,1.A.2 - Manufacturing and Construction:CH4,1 - Energy,1.A.2 - Manufacturing and Construction,0.0018246289524252416,2024,CH4,0,0,All Actions,CDMX,cdmx,SISEPUEDE,0.0018246289524252416,
6002,71071,1.A.2 - Manufacturing and Construction:CH4,1 - Energy,1.A.2 - Manufacturing and Construction,0.0018359184978086632,2025,CH4,0,0,All Actions,CDMX,cdmx,SISEPUEDE,0.0018359184978086632,
6002,71071,1.A.2 - Manufacturing and Construction:CH4,1 - Energy,1.A.2 - Manufacturing and Construction,0.0018562852501032754,2026,CH4,0,0,All Actions,CDMX,cdmx,SISEPUEDE,0.0018562852501032754,
6002,71071,1.A.2 - Manufacturing and Construction:CH4,1 - Energy,1.A.2 - Manufacturing and Construction,0.0018790988122452492,2027,CH4,0,0,All Actions,CDMX,cdmx,SISEPUEDE,0.0018790988122452492,
6002,71071,1.A.2 - Manufacturing and Construction:CH4,1 - Energy,1.A.2 - Manufacturing and Construction,0.0019022899830666675,2028,CH4,0,0,All Actions,CDMX,cdmx,SISEPUEDE,0.0019022899830666675,
6002,71071,1.A.2 - Manufacturing and Construction:CH4,1 - Energy,1.A.2 - Manufacturing and Construction,0.0018173942977577837,2029,CH4,0,0,All Actions,CDMX,cdmx,SISEPUEDE,0.0018173942977577837,
6002,71071,1.A.2 - Manufacturing and Construction:CH4,1 - Energy,1.A.2 - Manufacturing and Construction,0.0017372059499072153,2030,CH4,0,0,All Actions,CDMX,cdmx,SISEPUEDE,0.0017372059499072153,
6002,71071,1.A.2 - Manufacturing and Construction:CH4,1 - Energy,1.A.2 - Manufacturing and Construction,0.0016609788479348422,2031,CH4,0,0,All Actions,CDMX,cdmx,SISEPUEDE,0.0016609788479348422,
6002,71071,1.A.2 - Manufacturing and Construction:CH4,1 - Energy,1.A.2 - Manufacturing and Construction,0.001588350582091328,2032,CH4,0,0,All Actions,CDMX,cdmx,SISEPUEDE,0.001588350582091328,
6002,71071,1.A.2 - Manufacturing and Construction:CH4,1 - Energy,1.A.2 - Manufacturing and Construction,0.0015189849637667278,2033,CH4,0,0,All Actions,CDMX,cdmx,SISEPUEDE,0.0015189849637667278,
6002,71071,1.A.2 - Manufacturing and Construction:CH4,1 - Energy,1.A.2 - Manufacturing and Construction,0.0014525695285328682,2034,CH4,0,0,All Actions,CDMX,cdmx,SISEPUEDE,0.0014525695285328682,
6002,71071,1.A.2 - Manufacturing and Construction:CH4,1 - Energy,1.A.2 - Manufacturing and Construction,0.0013888136308013335,2035,CH4,0,0,All Actions,CDMX,cdmx,SISEPUEDE,0.0013888136308013335,
6002,71071,1.A.2 - Manufacturing and Construction:CH4,1 - Energy,1.A.2 - Manufacturing and Construction,0.0013274448709697571,2036,CH4,0,0,All Actions,CDMX,cdmx,SISEPUEDE,0.0013274448709697571,
6002,71071,1.A.2 - Manufacturing and Construction:CH4,1 - Energy,1.A.2 - Manufacturing and Construction,0.0012682075932461928,2037,CH4,0,0,All Actions,CDMX,cdmx,SISEPUEDE,0.0012682075932461928,
6002,71071,1.A.2 - Manufacturing and Construction:CH4,1 - Energy,1.A.2 - Manufacturing and Construction,0.001210859674990106,2038,CH4,0,0,All Actions,CDMX,cdmx,SISEPUEDE,0.001210859674990106,
6002,71071,1.A.2 - Manufacturing and Construction:CH4,1 - Energy,1.A.2 - Manufacturing and Construction,0.0011550656258975845,2039,CH4,0,0,All Actions,CDMX,cdmx,SISEPUEDE,0.0011550656258975845,
6002,71071,1.A.2 - Manufacturing and Construction:CH4,1 - Energy,1.A.2 - Manufacturing and Construction,0.0011004258481092262,2040,CH4,0,0,All Actions,CDMX,cdmx,SISEPUEDE,0.0011004258481092262,
6002,71071,1.A.2 - Manufacturing and Construction:CH4,1 - Energy,1.A.2 - Manufacturing and Construction,0.0010460985817891241,2041,CH4,0,0,All Actions,CDMX,cdmx,SISEPUEDE,0.0010460985817891241,
6002,71071,1.A.2 - Manufacturing and Construction:CH4,1 - Energy,1.A.2 - Manufacturing and Construction,0.0009919236303382979,2042,CH4,0,0,All Actions,CDMX,cdmx,SISEPUEDE,0.0009919236303382979,
6002,71071,1.A.2 - Manufacturing and Construction:CH4,1 - Energy,1.A.2 - Manufacturing and Construction,0.0009376837649234237,2043,CH4,0,0,All Actions,CDMX,cdmx,SISEPUEDE,0.0009376837649234237,
6002,71071,1.A.2 - Manufacturing and Construction:CH4,1 - Energy,1.A.2 - Manufacturing and Construction,0.0008834082861523854,2044,CH4,0,0,All Actions,CDMX,cdmx,SISEPUEDE,0.0008834082861523854,
6002,71071,1.A.2 - Manufacturing and Construction:CH4,1 - Energy,1.A.2 - Manufacturing and Construction,0.0008291171527237082,2045,CH4,0,0,All Actions,CDMX,cdmx,SISEPUEDE,0.0008291171527237082,
6002,71071,1.A.2 - Manufacturing and Construction:CH4,1 - Energy,1.A.2 - Manufacturing and Construction,0.0007747265780274457,2046,CH4,0,0,All Actions,CDMX,cdmx,SISEPUEDE,0.0007747265780274457,
6002,71071,1.A.2 - Manufacturing and Construction:CH4,1 - Energy,1.A.2 - Manufacturing and Construction,0.0007202264549775458,2047,CH4,0,0,All Actions,CDMX,cdmx,SISEPUEDE,0.0007202264549775458,
6002,71071,1.A.2 - Manufacturing and Construction:CH4,1 - Energy,1.A.2 - Manufacturing and Construction,0.0006656879312948352,2048,CH4,0,0,All Actions,CDMX,cdmx,SISEPUEDE,0.0006656879312948352,
6002,71071,1.A.2 - Manufacturing and Construction:CH4,1 - Energy,1.A.2 - Manufacturing and Construction,0.0006111716914523629,2049,CH4,0,0,All Actions,CDMX,cdmx,SISEPUEDE,0.0006111716914523629,
6002,71071,1.A.2 - Manufacturing and Construction:CH4,1 - Energy,1.A.2 - Manufacturing and Construction,0.0005566703192051042,2050,CH4,0,0,All Actions,CDMX,cdmx,SISEPUEDE,0.0005566703192051042,
6002,71071,1.A.2 - Manufacturing and Construction:CH4,1 - Energy,1.A.2 - Manufacturing and Construction,0.0005032731127297735,2051,CH4,0,0,All Actions,CDMX,cdmx,SISEPUEDE,0.0005032731127297735,
6002,71071,1.A.2 - Manufacturing and Construction:CH4,1 - Energy,1.A.2 - Manufacturing and Construction,0.000449221771018577,2052,CH4,0,0,All Actions,CDMX,cdmx,SISEPUEDE,0.000449221771018577,
6002,71071,1.A.2 - Manufacturing and Construction:CH4,1 - Energy,1.A.2 - Manufacturing and Construction,0.0003944984423739313,2053,CH4,0,0,All Actions,CDMX,cdmx,SISEPUEDE,0.0003944984423739313,
6002,71071,1.A.2 - Manufacturing and Construction:CH4,1 - Energy,1.A.2 - Manufacturing and Construction,0.000339193082142974,2054,CH4,0,0,All Actions,CDMX,cdmx,SISEPUEDE,0.000339193082142974,
6002,71071,1.A.2 - Manufacturing and Construction:CH4,1 - Energy,1.A.2 - Manufacturing and Construction,0.0002833475918201918,2055,CH4,0,0,All Actions,CDMX,cdmx,SISEPUEDE,0.0002833475918201918,
6002,71071,1.A.2 - Manufacturing and Construction:CH4,1 - Energy,1.A.2 - Manufacturing and Construction,0.00022708282834844664,2056,CH4,0,0,All Actions,CDMX,cdmx,SISEPUEDE,0.00022708282834844664,
6002,71071,1.A.2 - Manufacturing and Construction:CH4,1 - Energy,1.A.2 - Manufacturing and Construction,0.00017052705381456903,2057,CH4,0,0,All Actions,CDMX,cdmx,SISEPUEDE,0.00017052705381456903,
6002,71071,1.A.2 - Manufacturing and Construction:CH4,1 - Energy,1.A.2 - Manufacturing and Construction,0.0001137708774490442,2058,CH4,0,0,All Actions,CDMX,cdmx,SISEPUEDE,0.0001137708774490442,
6002,71071,1.A.2 - Manufacturing and Construction:CH4,1 - Energy,1.A.2 - Manufacturing and Construction,5.69056910356821e-05,2059,CH4,0,0,All Actions,CDMX,cdmx,SISEPUEDE,5.69056910356821e-05,
6002,71071,1.A.2 - Manufacturing and Construction:CH4,1 - Energy,1.A.2 - Manufacturing and Construction,0.0,2060,CH4,0,0,All Actions,CDMX,cdmx,SISEPUEDE,0.0,
6002,71071,1.A.2 - Manufacturing and Construction:CO2,1 - Energy,1.A.2 - Manufacturing and Construction,3.0639573629594197,2022,CO2,0,0,All Actions,CDMX,cdmx,SISEPUEDE,3.0639573629594197,
6002,71071,1.A.2 - Manufacturing and Construction:CO2,1 - Energy,1.A.2 - Manufacturing and Construction,3.1374147547226374,2023,CO2,0,0,All Actions,CDMX,cdmx,SISEPUEDE,3.1374147547226374,
6002,71071,1.A.2 - Manufacturing and Construction:CO2,1 - Energy,1.A.2 - Manufacturing and Construction,3.1857782861049317,2024,CO2,0,0,All Actions,CDMX,cdmx,SISEPUEDE,3.1857782861049317,
6002,71071,1.A.2 - Manufacturing and Construction:CO2,1 - Energy,1.A.2 - Manufacturing and Construction,3.2056116275092355,2025,CO2,0,0,All Actions,CDMX,cdmx,SISEPUEDE,3.2056116275092355,
6002,71071,1.A.2 - Manufacturing and Construction:CO2,1 - Energy,1.A.2 - Manufacturing and Construction,3.2413337848166823,2026,CO2,0,0,All Actions,CDMX,cdmx,SISEPUEDE,3.2413337848166823,
6002,71071,1.A.2 - Manufacturing and Construction:CO2,1 - Energy,1.A.2 - Manufacturing and Construction,3.281338229998147,2027,CO2,0,0,All Actions,CDMX,cdmx,SISEPUEDE,3.281338229998147,
6002,71071,1.A.2 - Manufacturing and Construction:CO2,1 - Energy,1.A.2 - Manufacturing and Construction,3.322002741078424,2028,CO2,0,0,All Actions,CDMX,cdmx,SISEPUEDE,3.322002741078424,
6002,71071,1.A.2 - Manufacturing and Construction:CO2,1 - Energy,1.A.2 - Manufacturing and Construction,3.173978988417241,2029,CO2,0,0,All Actions,CDMX,cdmx,SISEPUEDE,3.173978988417241,
6002,71071,1.A.2 - Manufacturing and Construction:CO2,1 - Energy,1.A.2 - Manufacturing and Construction,3.034180800197469,2030,CO2,0,0,All Actions,CDMX,cdmx,SISEPUEDE,3.034180800197469,
6002,71071,1.A.2 - Manufacturing and Construction:CO2,1 - Energy,1.A.2 - Manufacturing and Construction,2.9012786301413427,2031,CO2,0,0,All Actions,CDMX,cdmx,SISEPUEDE,2.9012786301413427,
6002,71071,1.A.2 - Manufacturing and Construction:CO2,1 - Energy,1.A.2 - Manufacturing and Construction,2.7746399843600478,2032,CO2,0,0,All Actions,CDMX,cdmx,SISEPUEDE,2.7746399843600478,
6002,71071,1.A.2 - Manufacturing and Construction:CO2,1 - Energy,1.A.2 - Manufacturing and Construction,2.653679324792629,2033,CO2,0,0,All Actions,CDMX,cdmx,SISEPUEDE,2.653679324792629,
6002,71071,1.A.2 - Manufacturing and Construction:CO2,1 - Energy,1.A.2 - Manufacturing and Construction,2.5378529272525343,2034,CO2,0,0,All Actions,CDMX,cdmx,SISEPUEDE,2.5378529272525343,
6002,71071,1.A.2 - Manufacturing and Construction:CO2,1 - Energy,1.A.2 - Manufacturing and Construction,2.42665456774275,2035,CO2,0,0,All Actions,CDMX,cdmx,SISEPUEDE,2.42665456774275,
6002,71071,1.A.2 - Manufacturing and Construction:CO2,1 - Energy,1.A.2 - Manufacturing and Construction,2.319610011240227,2036,CO2,0,0,All Actions,CDMX,cdmx,SISEPUEDE,2.319610011240227,
6002,71071,1.A.2 - Manufacturing and Construction:CO2,1 - Energy,1.A.2 - Manufacturing and Construction,2.216273560997546,2037,CO2,0,0,All Actions,CDMX,cdmx,SISEPUEDE,2.216273560997546,
6002,71071,1.A.2 - Manufacturing and Construction:CO2,1 - Energy,1.A.2 - Manufacturing and Construction,2.1162232943371686,2038,CO2,0,0,All Actions,CDMX,cdmx,SISEPUEDE,2.1162232943371686,
6002,71071,1.A.2 - Manufacturing and Construction:CO2,1 - Energy,1.A.2 - Manufacturing and Construction,2.0188729633104976,2039,CO2,0,0,All Actions,CDMX,cdmx,SISEPUEDE,2.0188729633104976,
6002,71071,1.A.2 - Manufacturing and Construction:CO2,1 - Energy,1.A.2 - Manufacturing and Construction,1.92352447082324,2040,CO2,0,0,All Actions,CDMX,cdmx,SISEPUEDE,1.92352447082324,
6002,71071,1.A.2 - Manufacturing and Construction:CO2,1 - Energy,1.A.2 - Manufacturing and Construction,1.828704737195539,2041,CO2,0,0,All Actions,CDMX,cdmx,SISEPUEDE,1.828704737195539,
6002,71071,1.A.2 - Manufacturing and Construction:CO2,1 - Energy,1.A.2 - Manufacturing and Construction,1.734134076886155,2042,CO2,0,0,All Actions,CDMX,cdmx,SISEPUEDE,1.734134076886155,
6002,71071,1.A.2 - Manufacturing and Construction:CO2,1 - Energy,1.A.2 - Manufacturing and Construction,1.639432671770948,2043,CO2,0,0,All Actions,CDMX,cdmx,SISEPUEDE,1.639432671770948,
6002,71071,1.A.2 - Manufacturing and Construction:CO2,1 - Energy,1.A.2 - Manufacturing and Construction,1.5446528178323724,2044,CO2,0,0,All Actions,CDMX,cdmx,SISEPUEDE,1.5446528178323724,
6002,71071,1.A.2 - Manufacturing and Construction:CO2,1 - Energy,1.A.2 - Manufacturing and Construction,1.4498299670667856,2045,CO2,0,0,All Actions,CDMX,cdmx,SISEPUEDE,1.4498299670667856,
6002,71071,1.A.2 - Manufacturing and Construction:CO2,1 - Energy,1.A.2 - Manufacturing and Construction,1.3548178578389032,2046,CO2,0,0,All Actions,CDMX,cdmx,SISEPUEDE,1.3548178578389032,
6002,71071,1.A.2 - Manufacturing and Construction:CO2,1 - Energy,1.A.2 - Manufacturing and Construction,1.2595992041835493,2047,CO2,0,0,All Actions,CDMX,cdmx,SISEPUEDE,1.2595992041835493,
6002,71071,1.A.2 - Manufacturing and Construction:CO2,1 - Energy,1.A.2 - Manufacturing and Construction,1.164298941291475,2048,CO2,0,0,All Actions,CDMX,cdmx,SISEPUEDE,1.164298941291475,
6002,71071,1.A.2 - Manufacturing and Construction:CO2,1 - Energy,1.A.2 - Manufacturing and Construction,1.069023729803164,2049,CO2,0,0,All Actions,CDMX,cdmx,SISEPUEDE,1.069023729803164,
6002,71071,1.A.2 - Manufacturing and Construction:CO2,1 - Energy,1.A.2 - Manufacturing and Construction,0.9737610123814496,2050,CO2,0,0,All Actions,CDMX,cdmx,SISEPUEDE,0.9737610123814496,
6002,71071,1.A.2 - Manufacturing and Construction:CO2,1 - Energy,1.A.2 - Manufacturing and Construction,0.8804194039968971,2051,CO2,0,0,All Actions,CDMX,cdmx,SISEPUEDE,0.8804194039968971,
6002,71071,1.A.2 - Manufacturing and Construction:CO2,1 - Energy,1.A.2 - Manufacturing and Construction,0.7859186195954799,2052,CO2,0,0,All Actions,CDMX,cdmx,SISEPUEDE,0.7859186195954799,
6002,71071,1.A.2 - Manufacturing and Construction:CO2,1 - Energy,1.A.2 - Manufacturing and Construction,0.6902273446846227,2053,CO2,0,0,All Actions,CDMX,cdmx,SISEPUEDE,0.6902273446846227,
6002,71071,1.A.2 - Manufacturing and Construction:CO2,1 - Energy,1.A.2 - Manufacturing and Construction,0.593503364809644,2054,CO2,0,0,All Actions,CDMX,cdmx,SISEPUEDE,0.593503364809644,
6002,71071,1.A.2 - Manufacturing and Construction:CO2,1 - Energy,1.A.2 - Manufacturing and Construction,0.4958202106146174,2055,CO2,0,0,All Actions,CDMX,cdmx,SISEPUEDE,0.4958202106146174,
6002,71071,1.A.2 - Manufacturing and Construction:CO2,1 - Energy,1.A.2 - Manufacturing and Construction,0.39738976506455537,2056,CO2,0,0,All Actions,CDMX,cdmx,SISEPUEDE,0.39738976506455537,
6002,71071,1.A.2 - Manufacturing and Construction:CO2,1 - Energy,1.A.2 - Manufacturing and Construction,0.2984370747924431,2057,CO2,0,0,All Actions,CDMX,cdmx,SISEPUEDE,0.2984370747924431,
6002,71071,1.A.2 - Manufacturing and Construction:CO2,1 - Energy,1.A.2 - Manufacturing and Construction,0.1991209910679927,2058,CO2,0,0,All Actions,CDMX,cdmx,SISEPUEDE,0.1991209910679927,
6002,71071,1.A.2 - Manufacturing and Construction:CO2,1 - Energy,1.A.2 - Manufacturing and Construction,0.0996018732930047,2059,CO2,0,0,All Actions,CDMX,cdmx,SISEPUEDE,0.0996018732930047,
6002,71071,1.A.2 - Manufacturing and Construction:CO2,1 - Energy,1.A.2 - Manufacturing and Construction,0.0,2060,CO2,0,0,All Actions,CDMX,cdmx,SISEPUEDE,0.0,
6002,71071,1.A.2 - Manufacturing and Construction:N2O,1 - Energy,1.A.2 - Manufacturing and Construction,0.0021707235246837945,2022,N2O,0,0,All Actions,CDMX,cdmx,SISEPUEDE,0.0021707235246837945,
6002,71071,1.A.2 - Manufacturing and Construction:N2O,1 - Energy,1.A.2 - Manufacturing and Construction,0.002222503587853796,2023,N2O,0,0,All Actions,CDMX,cdmx,SISEPUEDE,0.002222503587853796,
6002,71071,1.A.2 - Manufacturing and Construction:N2O,1 - Energy,1.A.2 - Manufacturing and Construction,0.0022564547543756897,2024,N2O,0,0,All Actions,CDMX,cdmx,SISEPUEDE,0.0022564547543756897,
6002,71071,1.A.2 - Manufacturing and Construction:N2O,1 - Energy,1.A.2 - Manufacturing and Construction,0.0022703140832852,2025,N2O,0,0,All Actions,CDMX,cdmx,SISEPUEDE,0.0022703140832852,
6002,71071,1.A.2 - Manufacturing and Construction:N2O,1 - Energy,1.A.2 - Manufacturing and Construction,0.002295365289427796,2026,N2O,0,0,All Actions,CDMX,cdmx,SISEPUEDE,0.002295365289427796,
6002,71071,1.A.2 - Manufacturing and Construction:N2O,1 - Energy,1.A.2 - Manufacturing and Construction,0.002323433851474046,2027,N2O,0,0,All Actions,CDMX,cdmx,SISEPUEDE,0.002323433851474046,
6002,71071,1.A.2 - Manufacturing and Construction:N2O,1 - Energy,1.A.2 - Manufacturing and Construction,0.002351968747799922,2028,N2O,0,0,All Actions,CDMX,cdmx,SISEPUEDE,0.002351968747799922,
6002,71071,1.A.2 - Manufacturing and Construction:N2O,1 - Energy,1.A.2 - Manufacturing and Construction,0.002246781940541616,2029,N2O,0,0,All Actions,CDMX,cdmx,SISEPUEDE,0.002246781940541616,
6002,71071,1.A.2 - Manufacturing and Construction:N2O,1 - Energy,1.A.2 - Manufacturing and Construction,0.00214741458444459,2030,N2O,0,0,All Actions,CDMX,cdmx,SISEPUEDE,0.00214741458444459,
6002,71071,1.A.2 - Manufacturing and Construction:N2O,1 - Energy,1.A.2 - Manufacturing and Construction,0.002052966120225407,2031,N2O,0,0,All Actions,CDMX,cdmx,SISEPUEDE,0.002052966120225407,
6002,71071,1.A.2 - Manufacturing and Construction:N2O,1 - Energy,1.A.2 - Manufacturing and Construction,0.0019629878058151674,2032,N2O,0,0,All Actions,CDMX,cdmx,SISEPUEDE,0.0019629878058151674,
6002,71071,1.A.2 - Manufacturing and Construction:N2O,1 - Energy,1.A.2 - Manufacturing and Construction,0.0018770623894115597,2033,N2O,0,0,All Actions,CDMX,cdmx,SISEPUEDE,0.0018770623894115597,
6002,71071,1.A.2 - Manufacturing and Construction:N2O,1 - Energy,1.A.2 - Manufacturing and Construction,0.0017948016699685472,2034,N2O,0,0,All Actions,CDMX,cdmx,SISEPUEDE,0.0017948016699685472,
6002,71071,1.A.2 - Manufacturing and Construction:N2O,1 - Energy,1.A.2 - Manufacturing and Construction,0.0017158449618103362,2035,N2O,0,0,All Actions,CDMX,cdmx,SISEPUEDE,0.0017158449618103362,
6002,71071,1.A.2 - Manufacturing and Construction:N2O,1 - Energy,1.A.2 - Manufacturing and Construction,0.001639854063738861,2036,N2O,0,0,All Actions,CDMX,cdmx,SISEPUEDE,0.001639854063738861,
6002,71071,1.A.2 - Manufacturing and Construction:N2O,1 - Energy,1.A.2 - Manufacturing and Construction,0.0015665120903594599,2037,N2O,0,0,All Actions,CDMX,cdmx,SISEPUEDE,0.0015665120903594599,
6002,71071,1.A.2 - Manufacturing and Construction:N2O,1 - Energy,1.A.2 - Manufacturing and Construction,0.0014955187944045256,2038,N2O,0,0,All Actions,CDMX,cdmx,SISEPUEDE,0.0014955187944045256,
6002,71071,1.A.2 - Manufacturing and Construction:N2O,1 - Energy,1.A.2 - Manufacturing and Construction,0.0014264595947408576,2039,N2O,0,0,All Actions,CDMX,cdmx,SISEPUEDE,0.0014264595947408576,
6002,71071,1.A.2 - Manufacturing and Construction:N2O,1 - Energy,1.A.2 - Manufacturing and Construction,0.0013588405983486211,2040,N2O,0,0,All Actions,CDMX,cdmx,SISEPUEDE,0.0013588405983486211,
6002,71071,1.A.2 - Manufacturing and Construction:N2O,1 - Energy,1.A.2 - Manufacturing and Construction,0.0012916236989617494,2041,N2O,0,0,All Actions,CDMX,cdmx,SISEPUEDE,0.0012916236989617494,
6002,71071,1.A.2 - Manufacturing and Construction:N2O,1 - Energy,1.A.2 - Manufacturing and Construction,0.001224610732748329,2042,N2O,0,0,All Actions,CDMX,cdmx,SISEPUEDE,0.001224610732748329,
6002,71071,1.A.2 - Manufacturing and Construction:N2O,1 - Energy,1.A.2 - Manufacturing and Construction,0.0011575334941577612,2043,N2O,0,0,All Actions,CDMX,cdmx,SISEPUEDE,0.0011575334941577612,
6002,71071,1.A.2 - Manufacturing and Construction:N2O,1 - Energy,1.A.2 - Manufacturing and Construction,0.0010904272109115477,2044,N2O,0,0,All Actions,CDMX,cdmx,SISEPUEDE,0.0010904272109115477,
6002,71071,1.A.2 - Manufacturing and Construction:N2O,1 - Energy,1.A.2 - Manufacturing and Construction,0.0010233160090054505,2045,N2O,0,0,All Actions,CDMX,cdmx,SISEPUEDE,0.0010233160090054505,
6002,71071,1.A.2 - Manufacturing and Construction:N2O,1 - Energy,1.A.2 - Manufacturing and Construction,0.0009560962246874088,2046,N2O,0,0,All Actions,CDMX,cdmx,SISEPUEDE,0.0009560962246874088,
6002,71071,1.A.2 - Manufacturing and Construction:N2O,1 - Energy,1.A.2 - Manufacturing and Construction,0.0008887550222920982,2047,N2O,0,0,All Actions,CDMX,cdmx,SISEPUEDE,0.0008887550222920982,
6002,71071,1.A.2 - Manufacturing and Construction:N2O,1 - Energy,1.A.2 - Manufacturing and Construction,0.0008213797403611754,2048,N2O,0,0,All Actions,CDMX,cdmx,SISEPUEDE,0.0008213797403611754,
6002,71071,1.A.2 - Manufacturing and Construction:N2O,1 - Energy,1.A.2 - Manufacturing and Construction,0.0007540447856064318,2049,N2O,0,0,All Actions,CDMX,cdmx,SISEPUEDE,0.0007540447856064318,
6002,71071,1.A.2 - Manufacturing and Construction:N2O,1 - Energy,1.A.2 - Manufacturing and Construction,0.0006867406293028491,2050,N2O,0,0,All Actions,CDMX,cdmx,SISEPUEDE,0.0006867406293028491,
6002,71071,1.A.2 - Manufacturing and Construction:N2O,1 - Energy,1.A.2 - Manufacturing and Construction,0.0006208082902280848,2051,N2O,0,0,All Actions,CDMX,cdmx,SISEPUEDE,0.0006208082902280848,
6002,71071,1.A.2 - Manufacturing and Construction:N2O,1 - Energy,1.A.2 - Manufacturing and Construction,0.0005540825936390602,2052,N2O,0,0,All Actions,CDMX,cdmx,SISEPUEDE,0.0005540825936390602,
6002,71071,1.A.2 - Manufacturing and Construction:N2O,1 - Energy,1.A.2 - Manufacturing and Construction,0.0004865415803650021,2053,N2O,0,0,All Actions,CDMX,cdmx,SISEPUEDE,0.0004865415803650021,
6002,71071,1.A.2 - Manufacturing and Construction:N2O,1 - Energy,1.A.2 - Manufacturing and Construction,0.0004182958518386093,2054,N2O,0,0,All Actions,CDMX,cdmx,SISEPUEDE,0.0004182958518386093,
6002,71071,1.A.2 - Manufacturing and Construction:N2O,1 - Energy,1.A.2 - Manufacturing and Construction,0.00034939689106499786,2055,N2O,0,0,All Actions,CDMX,cdmx,SISEPUEDE,0.00034939689106499786,
6002,71071,1.A.2 - Manufacturing and Construction:N2O,1 - Energy,1.A.2 - Manufacturing and Construction,0.00027999337960992355,2056,N2O,0,0,All Actions,CDMX,cdmx,SISEPUEDE,0.00027999337960992355,
6002,71071,1.A.2 - Manufacturing and Construction:N2O,1 - Energy,1.A.2 - Manufacturing and Construction,0.00021024295414804798,2057,N2O,0,0,All Actions,CDMX,cdmx,SISEPUEDE,0.00021024295414804798,
6002,71071,1.A.2 - Manufacturing and Construction:N2O,1 - Energy,1.A.2 - Manufacturing and Construction,0.00014025707633771124,2058,N2O,0,0,All Actions,CDMX,cdmx,SISEPUEDE,0.00014025707633771124,
6002,71071,1.A.2 - Manufacturing and Construction:N2O,1 - Energy,1.A.2 - Manufacturing and Construction,7.014805406709816e-05,2059,N2O,0,0,All Actions,CDMX,cdmx,SISEPUEDE,7.014805406709816e-05,
6002,71071,1.A.2 - Manufacturing and Construction:N2O,1 - Energy,1.A.2 - Manufacturing and Construction,0.0,2060,N2O,0,0,All Actions,CDMX,cdmx,SISEPUEDE,0.0,
6002,71071,1.A.3 - Transport:CH4,1 - Energy,1.A.3 - Transport,0.10784063676816555,2022,CH4,0,0,All Actions,CDMX,cdmx,SISEPUEDE,0.10784063676816555,
6002,71071,1.A.3 - Transport:CH4,1 - Energy,1.A.3 - Transport,0.11102801225927911,2023,CH4,0,0,All Actions,CDMX,cdmx,SISEPUEDE,0.11102801225927911,
6002,71071,1.A.3 - Transport:CH4,1 - Energy,1.A.3 - Transport,0.11333918305410601,2024,CH4,0,0,All Actions,CDMX,cdmx,SISEPUEDE,0.11333918305410601,
6002,71071,1.A.3 - Transport:CH4,1 - Energy,1.A.3 - Transport,0.1146280171403311,2025,CH4,0,0,All Actions,CDMX,cdmx,SISEPUEDE,0.1146280171403311,
6002,71071,1.A.3 - Transport:CH4,1 - Energy,1.A.3 - Transport,0.11642363144410733,2026,CH4,0,0,All Actions,CDMX,cdmx,SISEPUEDE,0.11642363144410733,
6002,71071,1.A.3 - Transport:CH4,1 - Energy,1.A.3 - Transport,0.11831783475549372,2027,CH4,0,0,All Actions,CDMX,cdmx,SISEPUEDE,0.11831783475549372,
6002,71071,1.A.3 - Transport:CH4,1 - Energy,1.A.3 - Transport,0.12017599275747107,2028,CH4,0,0,All Actions,CDMX,cdmx,SISEPUEDE,0.12017599275747107,
6002,71071,1.A.3 - Transport:CH4,1 - Energy,1.A.3 - Transport,0.11468289106808673,2029,CH4,0,0,All Actions,CDMX,cdmx,SISEPUEDE,0.11468289106808673,
6002,71071,1.A.3 - Transport:CH4,1 - Energy,1.A.3 - Transport,0.10953395107028006,2030,CH4,0,0,All Actions,CDMX,cdmx,SISEPUEDE,0.10953395107028006,
6002,71071,1.A.3 - Transport:CH4,1 - Energy,1.A.3 - Transport,0.10468256979136885,2031,CH4,0,0,All Actions,CDMX,cdmx,SISEPUEDE,0.10468256979136885,
6002,71071,1.A.3 - Transport:CH4,1 - Energy,1.A.3 - Transport,0.10010767896606418,2032,CH4,0,0,All Actions,CDMX,cdmx,SISEPUEDE,0.10010767896606418,
6002,71071,1.A.3 - Transport:CH4,1 - Energy,1.A.3 - Transport,0.09578991970272634,2033,CH4,0,0,All Actions,CDMX,cdmx,SISEPUEDE,0.09578991970272634,
6002,71071,1.A.3 - Transport:CH4,1 - Energy,1.A.3 - Transport,0.09171139560403783,2034,CH4,0,0,All Actions,CDMX,cdmx,SISEPUEDE,0.09171139560403783,
6002,71071,1.A.3 - Transport:CH4,1 - Energy,1.A.3 - Transport,0.08785547101731837,2035,CH4,0,0,All Actions,CDMX,cdmx,SISEPUEDE,0.08785547101731837,
6002,71071,1.A.3 - Transport:CH4,1 - Energy,1.A.3 - Transport,0.08420681272419242,2036,CH4,0,0,All Actions,CDMX,cdmx,SISEPUEDE,0.08420681272419242,
6002,71071,1.A.3 - Transport:CH4,1 - Energy,1.A.3 - Transport,0.08075392405661004,2037,CH4,0,0,All Actions,CDMX,cdmx,SISEPUEDE,0.08075392405661004,
6002,71071,1.A.3 - Transport:CH4,1 - Energy,1.A.3 - Transport,0.07748687835100745,2038,CH4,0,0,All Actions,CDMX,cdmx,SISEPUEDE,0.07748687835100745,
6002,71071,1.A.3 - Transport:CH4,1 - Energy,1.A.3 - Transport,0.07438791005665152,2039,CH4,0,0,All Actions,CDMX,cdmx,SISEPUEDE,0.07438791005665152,
6002,71071,1.A.3 - Transport:CH4,1 - Energy,1.A.3 - Transport,0.07143358391538879,2040,CH4,0,0,All Actions,CDMX,cdmx,SISEPUEDE,0.07143358391538879,
6002,71071,1.A.3 - Transport:CH4,1 - Energy,1.A.3 - Transport,0.06857062262995144,2041,CH4,0,0,All Actions,CDMX,cdmx,SISEPUEDE,0.06857062262995144,
6002,71071,1.A.3 - Transport:CH4,1 - Energy,1.A.3 - Transport,0.0657870757594,2042,CH4,0,0,All Actions,CDMX,cdmx,SISEPUEDE,0.0657870757594,
6002,71071,1.A.3 - Transport:CH4,1 - Energy,1.A.3 - Transport,0.06306615907168127,2043,CH4,0,0,All Actions,CDMX,cdmx,SISEPUEDE,0.06306615907168127,
6002,71071,1.A.3 - Transport:CH4,1 - Energy,1.A.3 - Transport,0.06040630910745695,2044,CH4,0,0,All Actions,CDMX,cdmx,SISEPUEDE,0.06040630910745695,
6002,71071,1.A.3 - Transport:CH4,1 - Energy,1.A.3 - Transport,0.057805121875899465,2045,CH4,0,0,All Actions,CDMX,cdmx,SISEPUEDE,0.057805121875899465,
6002,71071,1.A.3 - Transport:CH4,1 - Energy,1.A.3 - Transport,0.05525296754386833,2046,CH4,0,0,All Actions,CDMX,cdmx,SISEPUEDE,0.05525296754386833,
6002,71071,1.A.3 - Transport:CH4,1 - Energy,1.A.3 - Transport,0.05274493857563449,2047,CH4,0,0,All Actions,CDMX,cdmx,SISEPUEDE,0.05274493857563449,
6002,71071,1.A.3 - Transport:CH4,1 - Energy,1.A.3 - Transport,0.05028210041574997,2048,CH4,0,0,All Actions,CDMX,cdmx,SISEPUEDE,0.05028210041574997,
6002,71071,1.A.3 - Transport:CH4,1 - Energy,1.A.3 - Transport,0.04786563937657184,2049,CH4,0,0,All Actions,CDMX,cdmx,SISEPUEDE,0.04786563937657184,
6002,71071,1.A.3 - Transport:CH4,1 - Energy,1.A.3 - Transport,0.04549258371033612,2050,CH4,0,0,All Actions,CDMX,cdmx,SISEPUEDE,0.04549258371033612,
6002,71071,1.A.3 - Transport:CH4,1 - Energy,1.A.3 - Transport,0.0432750023717802,2051,CH4,0,0,All Actions,CDMX,cdmx,SISEPUEDE,0.0432750023717802,
6002,71071,1.A.3 - Transport:CH4,1 - Energy,1.A.3 - Transport,0.04104072113146888,2052,CH4,0,0,All Actions,CDMX,cdmx,SISEPUEDE,0.04104072113146888,
6002,71071,1.A.3 - Transport:CH4,1 - Energy,1.A.3 - Transport,0.03878410726659644,2053,CH4,0,0,All Actions,CDMX,cdmx,SISEPUEDE,0.03878410726659644,
6002,71071,1.A.3 - Transport:CH4,1 - Energy,1.A.3 - Transport,0.03650818185376689,2054,CH4,0,0,All Actions,CDMX,cdmx,SISEPUEDE,0.03650818185376689,
6002,71071,1.A.3 - Transport:CH4,1 - Energy,1.A.3 - Transport,0.034210253149968055,2055,CH4,0,0,All Actions,CDMX,cdmx,SISEPUEDE,0.034210253149968055,
6002,71071,1.A.3 - Transport:CH4,1 - Energy,1.A.3 - Transport,0.03189499629338639,2056,CH4,0,0,All Actions,CDMX,cdmx,SISEPUEDE,0.03189499629338639,
6002,71071,1.A.3 - Transport:CH4,1 - Energy,1.A.3 - Transport,0.02956924414803087,2057,CH4,0,0,All Actions,CDMX,cdmx,SISEPUEDE,0.02956924414803087,
6002,71071,1.A.3 - Transport:CH4,1 - Energy,1.A.3 - Transport,0.027235986218036724,2058,CH4,0,0,All Actions,CDMX,cdmx,SISEPUEDE,0.027235986218036724,
6002,71071,1.A.3 - Transport:CH4,1 - Energy,1.A.3 - Transport,0.02490007520496668,2059,CH4,0,0,All Actions,CDMX,cdmx,SISEPUEDE,0.02490007520496668,
6002,71071,1.A.3 - Transport:CH4,1 - Energy,1.A.3 - Transport,0.022565264025354772,2060,CH4,0,0,All Actions,CDMX,cdmx,SISEPUEDE,0.022565264025354772,
6002,71071,1.A.3 - Transport:CO2,1 - Energy,1.A.3 - Transport,17.223817158935223,2022,CO2,0,0,All Actions,CDMX,cdmx,SISEPUEDE,17.223817158935223,
6002,71071,1.A.3 - Transport:CO2,1 - Energy,1.A.3 - Transport,17.735849562852625,2023,CO2,0,0,All Actions,CDMX,cdmx,SISEPUEDE,17.735849562852625,
6002,71071,1.A.3 - Transport:CO2,1 - Energy,1.A.3 - Transport,18.10757361871557,2024,CO2,0,0,All Actions,CDMX,cdmx,SISEPUEDE,18.10757361871557,
6002,71071,1.A.3 - Transport:CO2,1 - Energy,1.A.3 - Transport,18.315501573708506,2025,CO2,0,0,All Actions,CDMX,cdmx,SISEPUEDE,18.315501573708506,
6002,71071,1.A.3 - Transport:CO2,1 - Energy,1.A.3 - Transport,18.60433103719618,2026,CO2,0,0,All Actions,CDMX,cdmx,SISEPUEDE,18.60433103719618,
6002,71071,1.A.3 - Transport:CO2,1 - Energy,1.A.3 - Transport,18.90869636261884,2027,CO2,0,0,All Actions,CDMX,cdmx,SISEPUEDE,18.90869636261884,
6002,71071,1.A.3 - Transport:CO2,1 - Energy,1.A.3 - Transport,19.20700762178106,2028,CO2,0,0,All Actions,CDMX,cdmx,SISEPUEDE,19.20700762178106,
6002,71071,1.A.3 - Transport:CO2,1 - Energy,1.A.3 - Transport,18.34359981390144,2029,CO2,0,0,All Actions,CDMX,cdmx,SISEPUEDE,18.34359981390144,
6002,71071,1.A.3 - Transport:CO2,1 - Energy,1.A.3 - Transport,17.535632287549195,2030,CO2,0,0,All Actions,CDMX,cdmx,SISEPUEDE,17.535632287549195,
6002,71071,1.A.3 - Transport:CO2,1 - Energy,1.A.3 - Transport,16.77568901319003,2031,CO2,0,0,All Actions,CDMX,cdmx,SISEPUEDE,16.77568901319003,
6002,71071,1.A.3 - Transport:CO2,1 - Energy,1.A.3 - Transport,16.06044010975304,2032,CO2,0,0,All Actions,CDMX,cdmx,SISEPUEDE,16.06044010975304,
6002,71071,1.A.3 - Transport:CO2,1 - Energy,1.A.3 - Transport,15.386827631700923,2033,CO2,0,0,All Actions,CDMX,cdmx,SISEPUEDE,15.386827631700923,
6002,71071,1.A.3 - Transport:CO2,1 - Energy,1.A.3 - Transport,14.752026541314265,2034,CO2,0,0,All Actions,CDMX,cdmx,SISEPUEDE,14.752026541314265,
6002,71071,1.A.3 - Transport:CO2,1 - Energy,1.A.3 - Transport,14.153412975314946,2035,CO2,0,0,All Actions,CDMX,cdmx,SISEPUEDE,14.153412975314946,
6002,71071,1.A.3 - Transport:CO2,1 - Energy,1.A.3 - Transport,13.588572181441856,2036,CO2,0,0,All Actions,CDMX,cdmx,SISEPUEDE,13.588572181441856,
6002,71071,1.A.3 - Transport:CO2,1 - Energy,1.A.3 - Transport,13.055712226340663,2037,CO2,0,0,All Actions,CDMX,cdmx,SISEPUEDE,13.055712226340663,
6002,71071,1.A.3 - Transport:CO2,1 - Energy,1.A.3 - Transport,12.553293857975925,2038,CO2,0,0,All Actions,CDMX,cdmx,SISEPUEDE,12.553293857975925,
6002,71071,1.A.3 - Transport:CO2,1 - Energy,1.A.3 - Transport,12.078501096062435,2039,CO2,0,0,All Actions,CDMX,cdmx,SISEPUEDE,12.078501096062435,
6002,71071,1.A.3 - Transport:CO2,1 - Energy,1.A.3 - Transport,11.627583888027218,2040,CO2,0,0,All Actions,CDMX,cdmx,SISEPUEDE,11.627583888027218,
6002,71071,1.A.3 - Transport:CO2,1 - Energy,1.A.3 - Transport,11.191896019630548,2041,CO2,0,0,All Actions,CDMX,cdmx,SISEPUEDE,11.191896019630548,
6002,71071,1.A.3 - Transport:CO2,1 - Energy,1.A.3 - Transport,10.769486038117567,2042,CO2,0,0,All Actions,CDMX,cdmx,SISEPUEDE,10.769486038117567,
6002,71071,1.A.3 - Transport:CO2,1 - Energy,1.A.3 - Transport,10.35759668221255,2043,CO2,0,0,All Actions,CDMX,cdmx,SISEPUEDE,10.35759668221255,
6002,71071,1.A.3 - Transport:CO2,1 - Energy,1.A.3 - Transport,9.955958140649768,2044,CO2,0,0,All Actions,CDMX,cdmx,SISEPUEDE,9.955958140649768,
6002,71071,1.A.3 - Transport:CO2,1 - Energy,1.A.3 - Transport,9.564169998797418,2045,CO2,0,0,All Actions,CDMX,cdmx,SISEPUEDE,9.564169998797418,
6002,71071,1.A.3 - Transport:CO2,1 - Energy,1.A.3 - Transport,9.180638398318237,2046,CO2,0,0,All Actions,CDMX,cdmx,SISEPUEDE,9.180638398318237,
6002,71071,1.A.3 - Transport:CO2,1 - Energy,1.A.3 - Transport,8.804546318223633,2047,CO2,0,0,All Actions,CDMX,cdmx,SISEPUEDE,8.804546318223633,
6002,71071,1.A.3 - Transport:CO2,1 - Energy,1.A.3 - Transport,8.43607918186512,2048,CO2,0,0,All Actions,CDMX,cdmx,SISEPUEDE,8.43607918186512,
6002,71071,1.A.3 - Transport:CO2,1 - Energy,1.A.3 - Transport,8.075463162539506,2049,CO2,0,0,All Actions,CDMX,cdmx,SISEPUEDE,8.075463162539506,
6002,71071,1.A.3 - Transport:CO2,1 - Energy,1.A.3 - Transport,7.722243381424226,2050,CO2,0,0,All Actions,CDMX,cdmx,SISEPUEDE,7.722243381424226,
6002,71071,1.A.3 - Transport:CO2,1 - Energy,1.A.3 - Transport,7.394352517726917,2051,CO2,0,0,All Actions,CDMX,cdmx,SISEPUEDE,7.394352517726917,
6002,71071,1.A.3 - Transport:CO2,1 - Energy,1.A.3 - Transport,7.0641214095614,2052,CO2,0,0,All Actions,CDMX,cdmx,SISEPUEDE,7.0641214095614,
6002,71071,1.A.3 - Transport:CO2,1 - Energy,1.A.3 - Transport,6.730545695406727,2053,CO2,0,0,All Actions,CDMX,cdmx,SISEPUEDE,6.730545695406727,
6002,71071,1.A.3 - Transport:CO2,1 - Energy,1.A.3 - Transport,6.394092273460943,2054,CO2,0,0,All Actions,CDMX,cdmx,SISEPUEDE,6.394092273460943,
6002,71071,1.A.3 - Transport:CO2,1 - Energy,1.A.3 - Transport,6.0542204587005575,2055,CO2,0,0,All Actions,CDMX,cdmx,SISEPUEDE,6.0542204587005575,
6002,71071,1.A.3 - Transport:CO2,1 - Energy,1.A.3 - Transport,5.711664598064884,2056,CO2,0,0,All Actions,CDMX,cdmx,SISEPUEDE,5.711664598064884,
6002,71071,1.A.3 - Transport:CO2,1 - Energy,1.A.3 - Transport,5.367560299523605,2057,CO2,0,0,All Actions,CDMX,cdmx,SISEPUEDE,5.367560299523605,
6002,71071,1.A.3 - Transport:CO2,1 - Energy,1.A.3 - Transport,5.022375040495799,2058,CO2,0,0,All Actions,CDMX,cdmx,SISEPUEDE,5.022375040495799,
6002,71071,1.A.3 - Transport:CO2,1 - Energy,1.A.3 - Transport,4.676932457446767,2059,CO2,0,0,All Actions,CDMX,cdmx,SISEPUEDE,4.676932457446767,
6002,71071,1.A.3 - Transport:CO2,1 - Energy,1.A.3 - Transport,4.331886705752421,2060,CO2,0,0,All Actions,CDMX,cdmx,SISEPUEDE,4.331886705752421,
6002,71071,1.A.3 - Transport:N2O,1 - Energy,1.A.3 - Transport,0.33860600505322125,2022,N2O,0,0,All Actions,CDMX,cdmx,SISEPUEDE,0.33860600505322125,
6002,71071,1.A.3 - Transport:N2O,1 - Energy,1.A.3 - Transport,0.3486171734669546,2023,N2O,0,0,All Actions,CDMX,cdmx,SISEPUEDE,0.3486171734669546,
6002,71071,1.A.3 - Transport:N2O,1 - Energy,1.A.3 - Transport,0.35587971384205863,2024,N2O,0,0,All Actions,CDMX,cdmx,SISEPUEDE,0.35587971384205863,
6002,71071,1.A.3 - Transport:N2O,1 - Energy,1.A.3 - Transport,0.3599346527461708,2025,N2O,0,0,All Actions,CDMX,cdmx,SISEPUEDE,0.3599346527461708,
6002,71071,1.A.3 - Transport:N2O,1 - Energy,1.A.3 - Transport,0.36557377987043715,2026,N2O,0,0,All Actions,CDMX,cdmx,SISEPUEDE,0.36557377987043715,
6002,71071,1.A.3 - Transport:N2O,1 - Energy,1.A.3 - Transport,0.3715171051848106,2027,N2O,0,0,All Actions,CDMX,cdmx,SISEPUEDE,0.3715171051848106,
6002,71071,1.A.3 - Transport:N2O,1 - Energy,1.A.3 - Transport,0.3773419707926191,2028,N2O,0,0,All Actions,CDMX,cdmx,SISEPUEDE,0.3773419707926191,
6002,71071,1.A.3 - Transport:N2O,1 - Energy,1.A.3 - Transport,0.3602437334847665,2029,N2O,0,0,All Actions,CDMX,cdmx,SISEPUEDE,0.3602437334847665,
6002,71071,1.A.3 - Transport:N2O,1 - Energy,1.A.3 - Transport,0.3442282953266598,2030,N2O,0,0,All Actions,CDMX,cdmx,SISEPUEDE,0.3442282953266598,
6002,71071,1.A.3 - Transport:N2O,1 - Energy,1.A.3 - Transport,0.3291496642722326,2031,N2O,0,0,All Actions,CDMX,cdmx,SISEPUEDE,0.3291496642722326,
6002,71071,1.A.3 - Transport:N2O,1 - Energy,1.A.3 - Transport,0.314941870901824,2032,N2O,0,0,All Actions,CDMX,cdmx,SISEPUEDE,0.314941870901824,
6002,71071,1.A.3 - Transport:N2O,1 - Energy,1.A.3 - Transport,0.3015442930327817,2033,N2O,0,0,All Actions,CDMX,cdmx,SISEPUEDE,0.3015442930327817,
6002,71071,1.A.3 - Transport:N2O,1 - Energy,1.A.3 - Transport,0.28890088304264816,2034,N2O,0,0,All Actions,CDMX,cdmx,SISEPUEDE,0.28890088304264816,
6002,71071,1.A.3 - Transport:N2O,1 - Energy,1.A.3 - Transport,0.2769595382642658,2035,N2O,0,0,All Actions,CDMX,cdmx,SISEPUEDE,0.2769595382642658,
6002,71071,1.A.3 - Transport:N2O,1 - Energy,1.A.3 - Transport,0.2656722476785211,2036,N2O,0,0,All Actions,CDMX,cdmx,SISEPUEDE,0.2656722476785211,
6002,71071,1.A.3 - Transport:N2O,1 - Energy,1.A.3 - Transport,0.2550031825052918,2037,N2O,0,0,All Actions,CDMX,cdmx,SISEPUEDE,0.2550031825052918,
6002,71071,1.A.3 - Transport:N2O,1 - Energy,1.A.3 - Transport,0.2449214566054972,2038,N2O,0,0,All Actions,CDMX,cdmx,SISEPUEDE,0.2449214566054972,
6002,71071,1.A.3 - Transport:N2O,1 - Energy,1.A.3 - Transport,0.2353714355281252,2039,N2O,0,0,All Actions,CDMX,cdmx,SISEPUEDE,0.2353714355281252,
6002,71071,1.A.3 - Transport:N2O,1 - Energy,1.A.3 - Transport,0.2262795423374701,2040,N2O,0,0,All Actions,CDMX,cdmx,SISEPUEDE,0.2262795423374701,
6002,71071,1.A.3 - Transport:N2O,1 - Energy,1.A.3 - Transport,0.2174781237524202,2041,N2O,0,0,All Actions,CDMX,cdmx,SISEPUEDE,0.2174781237524202,
6002,71071,1.A.3 - Transport:N2O,1 - Energy,1.A.3 - Transport,0.20892933135865838,2042,N2O,0,0,All Actions,CDMX,cdmx,SISEPUEDE,0.20892933135865838,
6002,71071,1.A.3 - Transport:N2O,1 - Energy,1.A.3 - Transport,0.2005800109144419,2043,N2O,0,0,All Actions,CDMX,cdmx,SISEPUEDE,0.2005800109144419,
6002,71071,1.A.3 - Transport:N2O,1 - Energy,1.A.3 - Transport,0.1924249273383881,2044,N2O,0,0,All Actions,CDMX,cdmx,SISEPUEDE,0.1924249273383881,
6002,71071,1.A.3 - Transport:N2O,1 - Energy,1.A.3 - Transport,0.18445624046901743,2045,N2O,0,0,All Actions,CDMX,cdmx,SISEPUEDE,0.18445624046901743,
6002,71071,1.A.3 - Transport:N2O,1 - Energy,1.A.3 - Transport,0.176643309978495,2046,N2O,0,0,All Actions,CDMX,cdmx,SISEPUEDE,0.176643309978495,
6002,71071,1.A.3 - Transport:N2O,1 - Energy,1.A.3 - Transport,0.168970402842379,2047,N2O,0,0,All Actions,CDMX,cdmx,SISEPUEDE,0.168970402842379,
6002,71071,1.A.3 - Transport:N2O,1 - Energy,1.A.3 - Transport,0.1614407425187468,2048,N2O,0,0,All Actions,CDMX,cdmx,SISEPUEDE,0.1614407425187468,
6002,71071,1.A.3 - Transport:N2O,1 - Energy,1.A.3 - Transport,0.15405806141111822,2049,N2O,0,0,All Actions,CDMX,cdmx,SISEPUEDE,0.15405806141111822,
6002,71071,1.A.3 - Transport:N2O,1 - Energy,1.A.3 - Transport,0.1468130143263873,2050,N2O,0,0,All Actions,CDMX,cdmx,SISEPUEDE,0.1468130143263873,
6002,71071,1.A.3 - Transport:N2O,1 - Energy,1.A.3 - Transport,0.1400592693996983,2051,N2O,0,0,All Actions,CDMX,cdmx,SISEPUEDE,0.1400592693996983,
6002,71071,1.A.3 - Transport:N2O,1 - Energy,1.A.3 - Transport,0.13325311765493952,2052,N2O,0,0,All Actions,CDMX,cdmx,SISEPUEDE,0.13325311765493952,
6002,71071,1.A.3 - Transport:N2O,1 - Energy,1.A.3 - Transport,0.1263764329057912,2053,N2O,0,0,All Actions,CDMX,cdmx,SISEPUEDE,0.1263764329057912,
6002,71071,1.A.3 - Transport:N2O,1 - Energy,1.A.3 - Transport,0.119438631794682,2054,N2O,0,0,All Actions,CDMX,cdmx,SISEPUEDE,0.119438631794682,
6002,71071,1.A.3 - Transport:N2O,1 - Energy,1.A.3 - Transport,0.1124307535690559,2055,N2O,0,0,All Actions,CDMX,cdmx,SISEPUEDE,0.1124307535690559,
6002,71071,1.A.3 - Transport:N2O,1 - Energy,1.A.3 - Transport,0.10536740595117071,2056,N2O,0,0,All Actions,CDMX,cdmx,SISEPUEDE,0.10536740595117071,
6002,71071,1.A.3 - Transport:N2O,1 - Energy,1.A.3 - Transport,0.09827025062768552,2057,N2O,0,0,All Actions,CDMX,cdmx,SISEPUEDE,0.09827025062768552,
6002,71071,1.A.3 - Transport:N2O,1 - Energy,1.A.3 - Transport,0.09114863813241542,2058,N2O,0,0,All Actions,CDMX,cdmx,SISEPUEDE,0.09114863813241542,
6002,71071,1.A.3 - Transport:N2O,1 - Energy,1.A.3 - Transport,0.08401806267486797,2059,N2O,0,0,All Actions,CDMX,cdmx,SISEPUEDE,0.08401806267486797,
6002,71071,1.A.3 - Transport:N2O,1 - Energy,1.A.3 - Transport,0.07689061381240968,2060,N2O,0,0,All Actions,CDMX,cdmx,SISEPUEDE,0.07689061381240968,
6002,71071,1.A.4 - Buildings and Other:CH4,1 - Energy,1.A.4 - Buildings and Other,0.00078275949697317,2022,CH4,0,0,All Actions,CDMX,cdmx,SISEPUEDE,0.00078275949697317,
6002,71071,1.A.4 - Buildings and Other:CH4,1 - Energy,1.A.4 - Buildings and Other,0.0007832021496099932,2023,CH4,0,0,All Actions,CDMX,cdmx,SISEPUEDE,0.0007832021496099932,
6002,71071,1.A.4 - Buildings and Other:CH4,1 - Energy,1.A.4 - Buildings and Other,0.0007837853959527165,2024,CH4,0,0,All Actions,CDMX,cdmx,SISEPUEDE,0.0007837853959527165,
6002,71071,1.A.4 - Buildings and Other:CH4,1 - Energy,1.A.4 - Buildings and Other,0.0007838720167296442,2025,CH4,0,0,All Actions,CDMX,cdmx,SISEPUEDE,0.0007838720167296442,
6002,71071,1.A.4 - Buildings and Other:CH4,1 - Energy,1.A.4 - Buildings and Other,0.0007848834505751141,2026,CH4,0,0,All Actions,CDMX,cdmx,SISEPUEDE,0.0007848834505751141,
6002,71071,1.A.4 - Buildings and Other:CH4,1 - Energy,1.A.4 - Buildings and Other,0.0007864818950982907,2027,CH4,0,0,All Actions,CDMX,cdmx,SISEPUEDE,0.0007864818950982907,
6002,71071,1.A.4 - Buildings and Other:CH4,1 - Energy,1.A.4 - Buildings and Other,0.0007885435730912383,2028,CH4,0,0,All Actions,CDMX,cdmx,SISEPUEDE,0.0007885435730912383,
6002,71071,1.A.4 - Buildings and Other:CH4,1 - Energy,1.A.4 - Buildings and Other,0.000755629513353197,2029,CH4,0,0,All Actions,CDMX,cdmx,SISEPUEDE,0.000755629513353197,
6002,71071,1.A.4 - Buildings and Other:CH4,1 - Energy,1.A.4 - Buildings and Other,0.0007239727829617439,2030,CH4,0,0,All Actions,CDMX,cdmx,SISEPUEDE,0.0007239727829617439,
6002,71071,1.A.4 - Buildings and Other:CH4,1 - Energy,1.A.4 - Buildings and Other,0.0006935214770640838,2031,CH4,0,0,All Actions,CDMX,cdmx,SISEPUEDE,0.0006935214770640838,
6002,71071,1.A.4 - Buildings and Other:CH4,1 - Energy,1.A.4 - Buildings and Other,0.0006642547552219257,2032,CH4,0,0,All Actions,CDMX,cdmx,SISEPUEDE,0.0006642547552219257,
6002,71071,1.A.4 - Buildings and Other:CH4,1 - Energy,1.A.4 - Buildings and Other,0.0006361396613402725,2033,CH4,0,0,All Actions,CDMX,cdmx,SISEPUEDE,0.0006361396613402725,
6002,71071,1.A.4 - Buildings and Other:CH4,1 - Energy,1.A.4 - Buildings and Other,0.0006091294090299229,2034,CH4,0,0,All Actions,CDMX,cdmx,SISEPUEDE,0.0006091294090299229,
6002,71071,1.A.4 - Buildings and Other:CH4,1 - Energy,1.A.4 - Buildings and Other,0.0005831683269300067,2035,CH4,0,0,All Actions,CDMX,cdmx,SISEPUEDE,0.0005831683269300067,
6002,71071,1.A.4 - Buildings and Other:CH4,1 - Energy,1.A.4 - Buildings and Other,0.0005581924128723203,2036,CH4,0,0,All Actions,CDMX,cdmx,SISEPUEDE,0.0005581924128723203,
6002,71071,1.A.4 - Buildings and Other:CH4,1 - Energy,1.A.4 - Buildings and Other,0.0005341311617207595,2037,CH4,0,0,All Actions,CDMX,cdmx,SISEPUEDE,0.0005341311617207595,
6002,71071,1.A.4 - Buildings and Other:CH4,1 - Energy,1.A.4 - Buildings and Other,0.0005109119605396694,2038,CH4,0,0,All Actions,CDMX,cdmx,SISEPUEDE,0.0005109119605396694,
6002,71071,1.A.4 - Buildings and Other:CH4,1 - Energy,1.A.4 - Buildings and Other,0.0004884327170220867,2039,CH4,0,0,All Actions,CDMX,cdmx,SISEPUEDE,0.0004884327170220867,
6002,71071,1.A.4 - Buildings and Other:CH4,1 - Energy,1.A.4 - Buildings and Other,0.0004665693147160117,2040,CH4,0,0,All Actions,CDMX,cdmx,SISEPUEDE,0.0004665693147160117,
6002,71071,1.A.4 - Buildings and Other:CH4,1 - Energy,1.A.4 - Buildings and Other,0.00044505218487689594,2041,CH4,0,0,All Actions,CDMX,cdmx,SISEPUEDE,0.00044505218487689594,
6002,71071,1.A.4 - Buildings and Other:CH4,1 - Energy,1.A.4 - Buildings and Other,0.0004238012699291707,2042,CH4,0,0,All Actions,CDMX,cdmx,SISEPUEDE,0.0004238012699291707,
6002,71071,1.A.4 - Buildings and Other:CH4,1 - Energy,1.A.4 - Buildings and Other,0.00040271403853993706,2043,CH4,0,0,All Actions,CDMX,cdmx,SISEPUEDE,0.00040271403853993706,
6002,71071,1.A.4 - Buildings and Other:CH4,1 - Energy,1.A.4 - Buildings and Other,0.00038176777661557294,2044,CH4,0,0,All Actions,CDMX,cdmx,SISEPUEDE,0.00038176777661557294,
6002,71071,1.A.4 - Buildings and Other:CH4,1 - Energy,1.A.4 - Buildings and Other,0.00036093727376733755,2045,CH4,0,0,All Actions,CDMX,cdmx,SISEPUEDE,0.00036093727376733755,
6002,71071,1.A.4 - Buildings and Other:CH4,1 - Energy,1.A.4 - Buildings and Other,0.0003401588108996738,2046,CH4,0,0,All Actions,CDMX,cdmx,SISEPUEDE,0.0003401588108996738,
6002,71071,1.A.4 - Buildings and Other:CH4,1 - Energy,1.A.4 - Buildings and Other,0.0003193943297265722,2047,CH4,0,0,All Actions,CDMX,cdmx,SISEPUEDE,0.0003193943297265722,
6002,71071,1.A.4 - Buildings and Other:CH4,1 - Energy,1.A.4 - Buildings and Other,0.00029864185615552033,2048,CH4,0,0,All Actions,CDMX,cdmx,SISEPUEDE,0.00029864185615552033,
6002,71071,1.A.4 - Buildings and Other:CH4,1 - Energy,1.A.4 - Buildings and Other,0.0002779014366655116,2049,CH4,0,0,All Actions,CDMX,cdmx,SISEPUEDE,0.0002779014366655116,
6002,71071,1.A.4 - Buildings and Other:CH4,1 - Energy,1.A.4 - Buildings and Other,0.00025714819848235524,2050,CH4,0,0,All Actions,CDMX,cdmx,SISEPUEDE,0.00025714819848235524,
6002,71071,1.A.4 - Buildings and Other:CH4,1 - Energy,1.A.4 - Buildings and Other,0.00023631229043164311,2051,CH4,0,0,All Actions,CDMX,cdmx,SISEPUEDE,0.00023631229043164311,
6002,71071,1.A.4 - Buildings and Other:CH4,1 - Energy,1.A.4 - Buildings and Other,0.00021507201368113754,2052,CH4,0,0,All Actions,CDMX,cdmx,SISEPUEDE,0.00021507201368113754,
6002,71071,1.A.4 - Buildings and Other:CH4,1 - Energy,1.A.4 - Buildings and Other,0.00019344022659375682,2053,CH4,0,0,All Actions,CDMX,cdmx,SISEPUEDE,0.00019344022659375682,
6002,71071,1.A.4 - Buildings and Other:CH4,1 - Energy,1.A.4 - Buildings and Other,0.0001714861681239352,2054,CH4,0,0,All Actions,CDMX,cdmx,SISEPUEDE,0.0001714861681239352,
6002,71071,1.A.4 - Buildings and Other:CH4,1 - Energy,1.A.4 - Buildings and Other,0.00014925425199797493,2055,CH4,0,0,All Actions,CDMX,cdmx,SISEPUEDE,0.00014925425199797493,
6002,71071,1.A.4 - Buildings and Other:CH4,1 - Energy,1.A.4 - Buildings and Other,0.00012683260968266162,2056,CH4,0,0,All Actions,CDMX,cdmx,SISEPUEDE,0.00012683260968266162,
6002,71071,1.A.4 - Buildings and Other:CH4,1 - Energy,1.A.4 - Buildings and Other,0.00010431833450213198,2057,CH4,0,0,All Actions,CDMX,cdmx,SISEPUEDE,0.00010431833450213198,
6002,71071,1.A.4 - Buildings and Other:CH4,1 - Energy,1.A.4 - Buildings and Other,8.179057913911296e-05,2058,CH4,0,0,All Actions,CDMX,cdmx,SISEPUEDE,8.179057913911296e-05,
6002,71071,1.A.4 - Buildings and Other:CH4,1 - Energy,1.A.4 - Buildings and Other,5.933480541308488e-05,2059,CH4,0,0,All Actions,CDMX,cdmx,SISEPUEDE,5.933480541308488e-05,
6002,71071,1.A.4 - Buildings and Other:CH4,1 - Energy,1.A.4 - Buildings and Other,3.702939122689471e-05,2060,CH4,0,0,All Actions,CDMX,cdmx,SISEPUEDE,3.702939122689471e-05,
6002,71071,1.A.4 - Buildings and Other:CO2,1 - Energy,1.A.4 - Buildings and Other,1.7317209890157998,2022,CO2,0,0,All Actions,CDMX,cdmx,SISEPUEDE,1.7317209890157998,
6002,71071,1.A.4 - Buildings and Other:CO2,1 - Energy,1.A.4 - Buildings and Other,1.7327341577319149,2023,CO2,0,0,All Actions,CDMX,cdmx,SISEPUEDE,1.7327341577319149,
6002,71071,1.A.4 - Buildings and Other:CO2,1 - Energy,1.A.4 - Buildings and Other,1.734051369792584,2024,CO2,0,0,All Actions,CDMX,cdmx,SISEPUEDE,1.734051369792584,
6002,71071,1.A.4 - Buildings and Other:CO2,1 - Energy,1.A.4 - Buildings and Other,1.734261266277629,2025,CO2,0,0,All Actions,CDMX,cdmx,SISEPUEDE,1.734261266277629,
6002,71071,1.A.4 - Buildings and Other:CO2,1 - Energy,1.A.4 - Buildings and Other,1.7365239163749522,2026,CO2,0,0,All Actions,CDMX,cdmx,SISEPUEDE,1.7365239163749522,
6002,71071,1.A.4 - Buildings and Other:CO2,1 - Energy,1.A.4 - Buildings and Other,1.7400882129985975,2027,CO2,0,0,All Actions,CDMX,cdmx,SISEPUEDE,1.7400882129985975,
6002,71071,1.A.4 - Buildings and Other:CO2,1 - Energy,1.A.4 - Buildings and Other,1.744679147129336,2028,CO2,0,0,All Actions,CDMX,cdmx,SISEPUEDE,1.744679147129336,
6002,71071,1.A.4 - Buildings and Other:CO2,1 - Energy,1.A.4 - Buildings and Other,1.671885436886242,2029,CO2,0,0,All Actions,CDMX,cdmx,SISEPUEDE,1.671885436886242,
6002,71071,1.A.4 - Buildings and Other:CO2,1 - Energy,1.A.4 - Buildings and Other,1.6018738121722091,2030,CO2,0,0,All Actions,CDMX,cdmx,SISEPUEDE,1.6018738121722091,
6002,71071,1.A.4 - Buildings and Other:CO2,1 - Energy,1.A.4 - Buildings and Other,1.5345291013529747,2031,CO2,0,0,All Actions,CDMX,cdmx,SISEPUEDE,1.5345291013529747,
6002,71071,1.A.4 - Buildings and Other:CO2,1 - Energy,1.A.4 - Buildings and Other,1.4698051359168116,2032,CO2,0,0,All Actions,CDMX,cdmx,SISEPUEDE,1.4698051359168116,
6002,71071,1.A.4 - Buildings and Other:CO2,1 - Energy,1.A.4 - Buildings and Other,1.4076289529297963,2033,CO2,0,0,All Actions,CDMX,cdmx,SISEPUEDE,1.4076289529297963,
6002,71071,1.A.4 - Buildings and Other:CO2,1 - Energy,1.A.4 - Buildings and Other,1.3478970119493854,2034,CO2,0,0,All Actions,CDMX,cdmx,SISEPUEDE,1.3478970119493854,
6002,71071,1.A.4 - Buildings and Other:CO2,1 - Energy,1.A.4 - Buildings and Other,1.2904861289123546,2035,CO2,0,0,All Actions,CDMX,cdmx,SISEPUEDE,1.2904861289123546,
6002,71071,1.A.4 - Buildings and Other:CO2,1 - Energy,1.A.4 - Buildings and Other,1.2352547066550665,2036,CO2,0,0,All Actions,CDMX,cdmx,SISEPUEDE,1.2352547066550665,
6002,71071,1.A.4 - Buildings and Other:CO2,1 - Energy,1.A.4 - Buildings and Other,1.1820467829841341,2037,CO2,0,0,All Actions,CDMX,cdmx,SISEPUEDE,1.1820467829841341,
6002,71071,1.A.4 - Buildings and Other:CO2,1 - Energy,1.A.4 - Buildings and Other,1.130701743125267,2038,CO2,0,0,All Actions,CDMX,cdmx,SISEPUEDE,1.130701743125267,
6002,71071,1.A.4 - Buildings and Other:CO2,1 - Energy,1.A.4 - Buildings and Other,1.0809936241288571,2039,CO2,0,0,All Actions,CDMX,cdmx,SISEPUEDE,1.0809936241288571,
6002,71071,1.A.4 - Buildings and Other:CO2,1 - Energy,1.A.4 - Buildings and Other,1.0326475740279055,2040,CO2,0,0,All Actions,CDMX,cdmx,SISEPUEDE,1.0326475740279055,
6002,71071,1.A.4 - Buildings and Other:CO2,1 - Energy,1.A.4 - Buildings and Other,0.9850661655685884,2041,CO2,0,0,All Actions,CDMX,cdmx,SISEPUEDE,0.9850661655685884,
6002,71071,1.A.4 - Buildings and Other:CO2,1 - Energy,1.A.4 - Buildings and Other,0.9380719947394365,2042,CO2,0,0,All Actions,CDMX,cdmx,SISEPUEDE,0.9380719947394365,
6002,71071,1.A.4 - Buildings and Other:CO2,1 - Energy,1.A.4 - Buildings and Other,0.8914377371448167,2043,CO2,0,0,All Actions,CDMX,cdmx,SISEPUEDE,0.8914377371448167,
6002,71071,1.A.4 - Buildings and Other:CO2,1 - Energy,1.A.4 - Buildings and Other,0.8451129744982904,2044,CO2,0,0,All Actions,CDMX,cdmx,SISEPUEDE,0.8451129744982904,
6002,71071,1.A.4 - Buildings and Other:CO2,1 - Energy,1.A.4 - Buildings and Other,0.7990417475680708,2045,CO2,0,0,All Actions,CDMX,cdmx,SISEPUEDE,0.7990417475680708,
6002,71071,1.A.4 - Buildings and Other:CO2,1 - Energy,1.A.4 - Buildings and Other,0.7530826504093558,2046,CO2,0,0,All Actions,CDMX,cdmx,SISEPUEDE,0.7530826504093558,
6002,71071,1.A.4 - Buildings and Other:CO2,1 - Energy,1.A.4 - Buildings and Other,0.707151160642324,2047,CO2,0,0,All Actions,CDMX,cdmx,SISEPUEDE,0.707151160642324,
6002,71071,1.A.4 - Buildings and Other:CO2,1 - Energy,1.A.4 - Buildings and Other,0.6612427549294648,2048,CO2,0,0,All Actions,CDMX,cdmx,SISEPUEDE,0.6612427549294648,
6002,71071,1.A.4 - Buildings and Other:CO2,1 - Energy,1.A.4 - Buildings and Other,0.6153574001384886,2049,CO2,0,0,All Actions,CDMX,cdmx,SISEPUEDE,0.6153574001384886,
6002,71071,1.A.4 - Buildings and Other:CO2,1 - Energy,1.A.4 - Buildings and Other,0.5694397928033256,2050,CO2,0,0,All Actions,CDMX,cdmx,SISEPUEDE,0.5694397928033256,
6002,71071,1.A.4 - Buildings and Other:CO2,1 - Energy,1.A.4 - Buildings and Other,0.5233348159648781,2051,CO2,0,0,All Actions,CDMX,cdmx,SISEPUEDE,0.5233348159648781,
6002,71071,1.A.4 - Buildings and Other:CO2,1 - Energy,1.A.4 - Buildings and Other,0.4763290626185876,2052,CO2,0,0,All Actions,CDMX,cdmx,SISEPUEDE,0.4763290626185876,
6002,71071,1.A.4 - Buildings and Other:CO2,1 - Energy,1.A.4 - Buildings and Other,0.42845044533681076,2053,CO2,0,0,All Actions,CDMX,cdmx,SISEPUEDE,0.42845044533681076,
6002,71071,1.A.4 - Buildings and Other:CO2,1 - Energy,1.A.4 - Buildings and Other,0.3798519585839923,2054,CO2,0,0,All Actions,CDMX,cdmx,SISEPUEDE,0.3798519585839923,
6002,71071,1.A.4 - Buildings and Other:CO2,1 - Energy,1.A.4 - Buildings and Other,0.33063147987232777,2055,CO2,0,0,All Actions,CDMX,cdmx,SISEPUEDE,0.33063147987232777,
6002,71071,1.A.4 - Buildings and Other:CO2,1 - Energy,1.A.4 - Buildings and Other,0.28098391122058536,2056,CO2,0,0,All Actions,CDMX,cdmx,SISEPUEDE,0.28098391122058536,
6002,71071,1.A.4 - Buildings and Other:CO2,1 - Energy,1.A.4 - Buildings and Other,0.2311240729758013,2057,CO2,0,0,All Actions,CDMX,cdmx,SISEPUEDE,0.2311240729758013,
6002,71071,1.A.4 - Buildings and Other:CO2,1 - Energy,1.A.4 - Buildings and Other,0.1812269804227728,2058,CO2,0,0,All Actions,CDMX,cdmx,SISEPUEDE,0.1812269804227728,
6002,71071,1.A.4 - Buildings and Other:CO2,1 - Energy,1.A.4 - Buildings and Other,0.1314816856535956,2059,CO2,0,0,All Actions,CDMX,cdmx,SISEPUEDE,0.1314816856535956,
6002,71071,1.A.4 - Buildings and Other:CO2,1 - Energy,1.A.4 - Buildings and Other,0.0820615571689813,2060,CO2,0,0,All Actions,CDMX,cdmx,SISEPUEDE,0.0820615571689813,
6002,71071,1.A.4 - Buildings and Other:N2O,1 - Energy,1.A.4 - Buildings and Other,0.0007645844513068439,2022,N2O,0,0,All Actions,CDMX,cdmx,SISEPUEDE,0.0007645844513068439,
6002,71071,1.A.4 - Buildings and Other:N2O,1 - Energy,1.A.4 - Buildings and Other,0.0007649931462047673,2023,N2O,0,0,All Actions,CDMX,cdmx,SISEPUEDE,0.0007649931462047673,
6002,71071,1.A.4 - Buildings and Other:N2O,1 - Energy,1.A.4 - Buildings and Other,0.0007655440607156306,2024,N2O,0,0,All Actions,CDMX,cdmx,SISEPUEDE,0.0007655440607156306,
6002,71071,1.A.4 - Buildings and Other:N2O,1 - Energy,1.A.4 - Buildings and Other,0.000765615904175035,2025,N2O,0,0,All Actions,CDMX,cdmx,SISEPUEDE,0.000765615904175035,
6002,71071,1.A.4 - Buildings and Other:N2O,1 - Energy,1.A.4 - Buildings and Other,0.0007665863595019396,2026,N2O,0,0,All Actions,CDMX,cdmx,SISEPUEDE,0.0007665863595019396,
6002,71071,1.A.4 - Buildings and Other:N2O,1 - Energy,1.A.4 - Buildings and Other,0.0007681281081957267,2027,N2O,0,0,All Actions,CDMX,cdmx,SISEPUEDE,0.0007681281081957267,
6002,71071,1.A.4 - Buildings and Other:N2O,1 - Energy,1.A.4 - Buildings and Other,0.0007701210671406469,2028,N2O,0,0,All Actions,CDMX,cdmx,SISEPUEDE,0.0007701210671406469,
6002,71071,1.A.4 - Buildings and Other:N2O,1 - Energy,1.A.4 - Buildings and Other,0.0007379551710509631,2029,N2O,0,0,All Actions,CDMX,cdmx,SISEPUEDE,0.0007379551710509631,
6002,71071,1.A.4 - Buildings and Other:N2O,1 - Energy,1.A.4 - Buildings and Other,0.0007070170884233753,2030,N2O,0,0,All Actions,CDMX,cdmx,SISEPUEDE,0.0007070170884233753,
6002,71071,1.A.4 - Buildings and Other:N2O,1 - Energy,1.A.4 - Buildings and Other,0.0006772563580007765,2031,N2O,0,0,All Actions,CDMX,cdmx,SISEPUEDE,0.0006772563580007765,
6002,71071,1.A.4 - Buildings and Other:N2O,1 - Energy,1.A.4 - Buildings and Other,0.0006486526670149796,2032,N2O,0,0,All Actions,CDMX,cdmx,SISEPUEDE,0.0006486526670149796,
6002,71071,1.A.4 - Buildings and Other:N2O,1 - Energy,1.A.4 - Buildings and Other,0.0006211738617954059,2033,N2O,0,0,All Actions,CDMX,cdmx,SISEPUEDE,0.0006211738617954059,
6002,71071,1.A.4 - Buildings and Other:N2O,1 - Energy,1.A.4 - Buildings and Other,0.0005947742657750525,2034,N2O,0,0,All Actions,CDMX,cdmx,SISEPUEDE,0.0005947742657750525,
6002,71071,1.A.4 - Buildings and Other:N2O,1 - Energy,1.A.4 - Buildings and Other,0.0005693995147315697,2035,N2O,0,0,All Actions,CDMX,cdmx,SISEPUEDE,0.0005693995147315697,
6002,71071,1.A.4 - Buildings and Other:N2O,1 - Energy,1.A.4 - Buildings and Other,0.0005449870949216619,2036,N2O,0,0,All Actions,CDMX,cdmx,SISEPUEDE,0.0005449870949216619,
6002,71071,1.A.4 - Buildings and Other:N2O,1 - Energy,1.A.4 - Buildings and Other,0.0005214681254792253,2037,N2O,0,0,All Actions,CDMX,cdmx,SISEPUEDE,0.0005214681254792253,
6002,71071,1.A.4 - Buildings and Other:N2O,1 - Energy,1.A.4 - Buildings and Other,0.0004987716592959529,2038,N2O,0,0,All Actions,CDMX,cdmx,SISEPUEDE,0.0004987716592959529,
6002,71071,1.A.4 - Buildings and Other:N2O,1 - Energy,1.A.4 - Buildings and Other,0.0004767980453411389,2039,N2O,0,0,All Actions,CDMX,cdmx,SISEPUEDE,0.0004767980453411389,
6002,71071,1.A.4 - Buildings and Other:N2O,1 - Energy,1.A.4 - Buildings and Other,0.0004554262347253508,2040,N2O,0,0,All Actions,CDMX,cdmx,SISEPUEDE,0.0004554262347253508,
6002,71071,1.A.4 - Buildings and Other:N2O,1 - Energy,1.A.4 - Buildings and Other,0.0004343936537205552,2041,N2O,0,0,All Actions,CDMX,cdmx,SISEPUEDE,0.0004343936537205552,
6002,71071,1.A.4 - Buildings and Other:N2O,1 - Energy,1.A.4 - Buildings and Other,0.00041362230659789604,2042,N2O,0,0,All Actions,CDMX,cdmx,SISEPUEDE,0.00041362230659789604,
6002,71071,1.A.4 - Buildings and Other:N2O,1 - Energy,1.A.4 - Buildings and Other,0.0003930123862346118,2043,N2O,0,0,All Actions,CDMX,cdmx,SISEPUEDE,0.0003930123862346118,
6002,71071,1.A.4 - Buildings and Other:N2O,1 - Energy,1.A.4 - Buildings and Other,0.00037254182285334866,2044,N2O,0,0,All Actions,CDMX,cdmx,SISEPUEDE,0.00037254182285334866,
6002,71071,1.A.4 - Buildings and Other:N2O,1 - Energy,1.A.4 - Buildings and Other,0.00035218612115013213,2045,N2O,0,0,All Actions,CDMX,cdmx,SISEPUEDE,0.00035218612115013213,
6002,71071,1.A.4 - Buildings and Other:N2O,1 - Energy,1.A.4 - Buildings and Other,0.0003318833479745941,2046,N2O,0,0,All Actions,CDMX,cdmx,SISEPUEDE,0.0003318833479745941,
6002,71071,1.A.4 - Buildings and Other:N2O,1 - Energy,1.A.4 - Buildings and Other,0.0003115965558736134,2047,N2O,0,0,All Actions,CDMX,cdmx,SISEPUEDE,0.0003115965558736134,
6002,71071,1.A.4 - Buildings and Other:N2O,1 - Energy,1.A.4 - Buildings and Other,0.00029132392563582246,2048,N2O,0,0,All Actions,CDMX,cdmx,SISEPUEDE,0.00029132392563582246,
6002,71071,1.A.4 - Buildings and Other:N2O,1 - Energy,1.A.4 - Buildings and Other,0.00027106559769816903,2049,N2O,0,0,All Actions,CDMX,cdmx,SISEPUEDE,0.00027106559769816903,
6002,71071,1.A.4 - Buildings and Other:N2O,1 - Energy,1.A.4 - Buildings and Other,0.0002507974702471549,2050,N2O,0,0,All Actions,CDMX,cdmx,SISEPUEDE,0.0002507974702471549,
6002,71071,1.A.4 - Buildings and Other:N2O,1 - Energy,1.A.4 - Buildings and Other,0.00023045172168248778,2051,N2O,0,0,All Actions,CDMX,cdmx,SISEPUEDE,0.00023045172168248778,
6002,71071,1.A.4 - Buildings and Other:N2O,1 - Energy,1.A.4 - Buildings and Other,0.0002097153135850383,2052,N2O,0,0,All Actions,CDMX,cdmx,SISEPUEDE,0.0002097153135850383,
6002,71071,1.A.4 - Buildings and Other:N2O,1 - Energy,1.A.4 - Buildings and Other,0.00018860117927502022,2053,N2O,0,0,All Actions,CDMX,cdmx,SISEPUEDE,0.00018860117927502022,
6002,71071,1.A.4 - Buildings and Other:N2O,1 - Energy,1.A.4 - Buildings and Other,0.00016717707923579622,2054,N2O,0,0,All Actions,CDMX,cdmx,SISEPUEDE,0.00016717707923579622,
6002,71071,1.A.4 - Buildings and Other:N2O,1 - Energy,1.A.4 - Buildings and Other,0.00014548666173024667,2055,N2O,0,0,All Actions,CDMX,cdmx,SISEPUEDE,0.00014548666173024667,
6002,71071,1.A.4 - Buildings and Other:N2O,1 - Energy,1.A.4 - Buildings and Other,0.00012361606341506376,2056,N2O,0,0,All Actions,CDMX,cdmx,SISEPUEDE,0.00012361606341506376,
6002,71071,1.A.4 - Buildings and Other:N2O,1 - Energy,1.A.4 - Buildings and Other,0.00010166011057661884,2057,N2O,0,0,All Actions,CDMX,cdmx,SISEPUEDE,0.00010166011057661884,
6002,71071,1.A.4 - Buildings and Other:N2O,1 - Energy,1.A.4 - Buildings and Other,7.969618544552641e-05,2058,N2O,0,0,All Actions,CDMX,cdmx,SISEPUEDE,7.969618544552641e-05,
6002,71071,1.A.4 - Buildings and Other:N2O,1 - Energy,1.A.4 - Buildings and Other,5.780777772662428e-05,2059,N2O,0,0,All Actions,CDMX,cdmx,SISEPUEDE,5.780777772662428e-05,
6002,71071,1.A.4 - Buildings and Other:N2O,1 - Energy,1.A.4 - Buildings and Other,3.6071465828555506e-05,2060,N2O,0,0,All Actions,CDMX,cdmx,SISEPUEDE,3.6071465828555506e-05,
6002,71071,1.B - Fugitive Emissions:CH4,1 - Energy,1.B - Fugitive Emissions,0.0241301558683755,2022,CH4,0,0,All Actions,CDMX,cdmx,SISEPUEDE,0.0241301558683755,
6002,71071,1.B - Fugitive Emissions:CH4,1 - Energy,1.B - Fugitive Emissions,0.0245803626152128,2023,CH4,0,0,All Actions,CDMX,cdmx,SISEPUEDE,0.0245803626152128,
6002,71071,1.B - Fugitive Emissions:CH4,1 - Energy,1.B - Fugitive Emissions,0.0248793492231698,2024,CH4,0,0,All Actions,CDMX,cdmx,SISEPUEDE,0.0248793492231698,
6002,71071,1.B - Fugitive Emissions:CH4,1 - Energy,1.B - Fugitive Emissions,0.0250010699118325,2025,CH4,0,0,All Actions,CDMX,cdmx,SISEPUEDE,0.0250010699118325,
6002,71071,1.B - Fugitive Emissions:CH4,1 - Energy,1.B - Fugitive Emissions,0.0252260464200475,2026,CH4,0,0,All Actions,CDMX,cdmx,SISEPUEDE,0.0252260464200475,
6002,71071,1.B - Fugitive Emissions:CH4,1 - Energy,1.B - Fugitive Emissions,0.0254812144448721,2027,CH4,0,0,All Actions,CDMX,cdmx,SISEPUEDE,0.0254812144448721,
6002,71071,1.B - Fugitive Emissions:CH4,1 - Energy,1.B - Fugitive Emissions,0.0257436419249292,2028,CH4,0,0,All Actions,CDMX,cdmx,SISEPUEDE,0.0257436419249292,
6002,71071,1.B - Fugitive Emissions:CH4,1 - Energy,1.B - Fugitive Emissions,0.0296539972768682,2029,CH4,0,0,All Actions,CDMX,cdmx,SISEPUEDE,0.0296539972768682,
6002,71071,1.B - Fugitive Emissions:CH4,1 - Energy,1.B - Fugitive Emissions,0.0333444756514842,2030,CH4,0,0,All Actions,CDMX,cdmx,SISEPUEDE,0.0333444756514842,
6002,71071,1.B - Fugitive Emissions:CH4,1 - Energy,1.B - Fugitive Emissions,0.0368074171092957,2031,CH4,0,0,All Actions,CDMX,cdmx,SISEPUEDE,0.0368074171092957,
6002,71071,1.B - Fugitive Emissions:CH4,1 - Energy,1.B - Fugitive Emissions,0.0400397237154273,2032,CH4,0,0,All Actions,CDMX,cdmx,SISEPUEDE,0.0400397237154273,
6002,71071,1.B - Fugitive Emissions:CH4,1 - Energy,1.B - Fugitive Emissions,0.0430384846656737,2033,CH4,0,0,All Actions,CDMX,cdmx,SISEPUEDE,0.0430384846656737,
6002,71071,1.B - Fugitive Emissions:CH4,1 - Energy,1.B - Fugitive Emissions,0.0458009652735237,2034,CH4,0,0,All Actions,CDMX,cdmx,SISEPUEDE,0.0458009652735237,
6002,71071,1.B - Fugitive Emissions:CH4,1 - Energy,1.B - Fugitive Emissions,0.0483246374703538,2035,CH4,0,0,All Actions,CDMX,cdmx,SISEPUEDE,0.0483246374703538,
6002,71071,1.B - Fugitive Emissions:CH4,1 - Energy,1.B - Fugitive Emissions,0.0506071818322921,2036,CH4,0,0,All Actions,CDMX,cdmx,SISEPUEDE,0.0506071818322921,
6002,71071,1.B - Fugitive Emissions:CH4,1 - Energy,1.B - Fugitive Emissions,0.0526464978898546,2037,CH4,0,0,All Actions,CDMX,cdmx,SISEPUEDE,0.0526464978898546,
6002,71071,1.B - Fugitive Emissions:CH4,1 - Energy,1.B - Fugitive Emissions,0.0544407283492843,2038,CH4,0,0,All Actions,CDMX,cdmx,SISEPUEDE,0.0544407283492843,
6002,71071,1.B - Fugitive Emissions:CH4,1 - Energy,1.B - Fugitive Emissions,0.055986936367621,2039,CH4,0,0,All Actions,CDMX,cdmx,SISEPUEDE,0.055986936367621,
6002,71071,1.B - Fugitive Emissions:CH4,1 - Energy,1.B - Fugitive Emissions,0.0572815289132094,2040,CH4,0,0,All Actions,CDMX,cdmx,SISEPUEDE,0.0572815289132094,
6002,71071,1.B - Fugitive Emissions:CH4,1 - Energy,1.B - Fugitive Emissions,0.0583154894670963,2041,CH4,0,0,All Actions,CDMX,cdmx,SISEPUEDE,0.0583154894670963,
6002,71071,1.B - Fugitive Emissions:CH4,1 - Energy,1.B - Fugitive Emissions,0.0590886616835234,2042,CH4,0,0,All Actions,CDMX,cdmx,SISEPUEDE,0.0590886616835234,
6002,71071,1.B - Fugitive Emissions:CH4,1 - Energy,1.B - Fugitive Emissions,0.0596004461012604,2043,CH4,0,0,All Actions,CDMX,cdmx,SISEPUEDE,0.0596004461012604,
6002,71071,1.B - Fugitive Emissions:CH4,1 - Energy,1.B - Fugitive Emissions,0.0598536681694657,2044,CH4,0,0,All Actions,CDMX,cdmx,SISEPUEDE,0.0598536681694657,
6002,71071,1.B - Fugitive Emissions:CH4,1 - Energy,1.B - Fugitive Emissions,0.0598513140679785,2045,CH4,0,0,All Actions,CDMX,cdmx,SISEPUEDE,0.0598513140679785,
6002,71071,1.B - Fugitive Emissions:CH4,1 - Energy,1.B - Fugitive Emissions,0.0595953758633286,2046,CH4,0,0,All Actions,CDMX,cdmx,SISEPUEDE,0.0595953758633286,
6002,71071,1.B - Fugitive Emissions:CH4,1 - Energy,1.B - Fugitive Emissions,0.0590891006091758,2047,CH4,0,0,All Actions,CDMX,cdmx,SISEPUEDE,0.0590891006091758,
6002,71071,1.B - Fugitive Emissions:CH4,1 - Energy,1.B - Fugitive Emissions,0.0583370674874715,2048,CH4,0,0,All Actions,CDMX,cdmx,SISEPUEDE,0.0583370674874715,
6002,71071,1.B - Fugitive Emissions:CH4,1 - Energy,1.B - Fugitive Emissions,0.057344026923664,2049,CH4,0,0,All Actions,CDMX,cdmx,SISEPUEDE,0.057344026923664,
6002,71071,1.B - Fugitive Emissions:CH4,1 - Energy,1.B - Fugitive Emissions,0.0561142099977342,2050,CH4,0,0,All Actions,CDMX,cdmx,SISEPUEDE,0.0561142099977342,
6002,71071,1.B - Fugitive Emissions:CH4,1 - Energy,1.B - Fugitive Emissions,0.0546573410429381,2051,CH4,0,0,All Actions,CDMX,cdmx,SISEPUEDE,0.0546573410429381,
6002,71071,1.B - Fugitive Emissions:CH4,1 - Energy,1.B - Fugitive Emissions,0.0529674205229421,2052,CH4,0,0,All Actions,CDMX,cdmx,SISEPUEDE,0.0529674205229421,
6002,71071,1.B - Fugitive Emissions:CH4,1 - Energy,1.B - Fugitive Emissions,0.0510499447989287,2053,CH4,0,0,All Actions,CDMX,cdmx,SISEPUEDE,0.0510499447989287,
6002,71071,1.B - Fugitive Emissions:CH4,1 - Energy,1.B - Fugitive Emissions,0.0488822223780062,2054,CH4,0,0,All Actions,CDMX,cdmx,SISEPUEDE,0.0488822223780062,
6002,71071,1.B - Fugitive Emissions:CH4,1 - Energy,1.B - Fugitive Emissions,0.04646861429432,2055,CH4,0,0,All Actions,CDMX,cdmx,SISEPUEDE,0.04646861429432,
6002,71071,1.B - Fugitive Emissions:CH4,1 - Energy,1.B - Fugitive Emissions,0.0438573219472025,2056,CH4,0,0,All Actions,CDMX,cdmx,SISEPUEDE,0.0438573219472025,
6002,71071,1.B - Fugitive Emissions:CH4,1 - Energy,1.B - Fugitive Emissions,0.0410564522320838,2057,CH4,0,0,All Actions,CDMX,cdmx,SISEPUEDE,0.0410564522320838,
6002,71071,1.B - Fugitive Emissions:CH4,1 - Energy,1.B - Fugitive Emissions,0.0380737395169251,2058,CH4,0,0,All Actions,CDMX,cdmx,SISEPUEDE,0.0380737395169251,
6002,71071,1.B - Fugitive Emissions:CH4,1 - Energy,1.B - Fugitive Emissions,0.0349170371580714,2059,CH4,0,0,All Actions,CDMX,cdmx,SISEPUEDE,0.0349170371580714,
6002,71071,1.B - Fugitive Emissions:CH4,1 - Energy,1.B - Fugitive Emissions,0.0315940740709124,2060,CH4,0,0,All Actions,CDMX,cdmx,SISEPUEDE,0.0315940740709124,
6002,71071,2 - IPPU:C2H3F3,2 - IPPU,2 - IPPU,0.0061631412477218,2022,C2H3F3,0,0,All Actions,CDMX,cdmx,SISEPUEDE,0.0061631412477218,
6002,71071,2 - IPPU:C2H3F3,2 - IPPU,2 - IPPU,0.0060779231327724,2023,C2H3F3,0,0,All Actions,CDMX,cdmx,SISEPUEDE,0.0060779231327724,
6002,71071,2 - IPPU:C2H3F3,2 - IPPU,2 - IPPU,0.0059301338176959,2024,C2H3F3,0,0,All Actions,CDMX,cdmx,SISEPUEDE,0.0059301338176959,
6002,71071,2 - IPPU:C2H3F3,2 - IPPU,2 - IPPU,0.0057188946830547,2025,C2H3F3,0,0,All Actions,CDMX,cdmx,SISEPUEDE,0.0057188946830547,
6002,71071,2 - IPPU:C2H3F3,2 - IPPU,2 - IPPU,0.0055274986695218,2026,C2H3F3,0,0,All Actions,CDMX,cdmx,SISEPUEDE,0.0055274986695218,
6002,71071,2 - IPPU:C2H3F3,2 - IPPU,2 - IPPU,0.0053328274799263,2027,C2H3F3,0,0,All Actions,CDMX,cdmx,SISEPUEDE,0.0053328274799263,
6002,71071,2 - IPPU:C2H3F3,2 - IPPU,2 - IPPU,0.0051279396682655,2028,C2H3F3,0,0,All Actions,CDMX,cdmx,SISEPUEDE,0.0051279396682655,
6002,71071,2 - IPPU:C2H3F3,2 - IPPU,2 - IPPU,0.0048661512448563,2029,C2H3F3,0,0,All Actions,CDMX,cdmx,SISEPUEDE,0.0048661512448563,
6002,71071,2 - IPPU:C2H3F3,2 - IPPU,2 - IPPU,0.0046021367012025,2030,C2H3F3,0,0,All Actions,CDMX,cdmx,SISEPUEDE,0.0046021367012025,
6002,71071,2 - IPPU:C2H3F3,2 - IPPU,2 - IPPU,0.0043341183830976,2031,C2H3F3,0,0,All Actions,CDMX,cdmx,SISEPUEDE,0.0043341183830976,
6002,71071,2 - IPPU:C2H3F3,2 - IPPU,2 - IPPU,0.0040613389970786,2032,C2H3F3,0,0,All Actions,CDMX,cdmx,SISEPUEDE,0.0040613389970786,
6002,71071,2 - IPPU:C2H3F3,2 - IPPU,2 - IPPU,0.0037830134410733,2033,C2H3F3,0,0,All Actions,CDMX,cdmx,SISEPUEDE,0.0037830134410733,
6002,71071,2 - IPPU:C2H3F3,2 - IPPU,2 - IPPU,0.003498325940417,2034,C2H3F3,0,0,All Actions,CDMX,cdmx,SISEPUEDE,0.003498325940417,
6002,71071,2 - IPPU:C2H3F3,2 - IPPU,2 - IPPU,0.0032064262789272,2035,C2H3F3,0,0,All Actions,CDMX,cdmx,SISEPUEDE,0.0032064262789272,
6002,71071,2 - IPPU:C2H3F3,2 - IPPU,2 - IPPU,0.0029064260231167,2036,C2H3F3,0,0,All Actions,CDMX,cdmx,SISEPUEDE,0.0029064260231167,
6002,71071,2 - IPPU:C2H3F3,2 - IPPU,2 - IPPU,0.0025973945820509,2037,C2H3F3,0,0,All Actions,CDMX,cdmx,SISEPUEDE,0.0025973945820509,
6002,71071,2 - IPPU:C2H3F3,2 - IPPU,2 - IPPU,0.0022783543852121,2038,C2H3F3,0,0,All Actions,CDMX,cdmx,SISEPUEDE,0.0022783543852121,
6002,71071,2 - IPPU:C2H3F3,2 - IPPU,2 - IPPU,0.0019480950211588,2039,C2H3F3,0,0,All Actions,CDMX,cdmx,SISEPUEDE,0.0019480950211588,
6002,71071,2 - IPPU:C2H3F3,2 - IPPU,2 - IPPU,0.0016053382665322,2040,C2H3F3,0,0,All Actions,CDMX,cdmx,SISEPUEDE,0.0016053382665322,
6002,71071,2 - IPPU:C2H3F3,2 - IPPU,2 - IPPU,0.0012484153692277,2041,C2H3F3,0,0,All Actions,CDMX,cdmx,SISEPUEDE,0.0012484153692277,
6002,71071,2 - IPPU:C2H3F3,2 - IPPU,2 - IPPU,0.0008770644984993,2042,C2H3F3,0,0,All Actions,CDMX,cdmx,SISEPUEDE,0.0008770644984993,
6002,71071,2 - IPPU:C2H3F3,2 - IPPU,2 - IPPU,0.0008929986996978,2043,C2H3F3,0,0,All Actions,CDMX,cdmx,SISEPUEDE,0.0008929986996978,
6002,71071,2 - IPPU:C2H3F3,2 - IPPU,2 - IPPU,0.0009087983008255,2044,C2H3F3,0,0,All Actions,CDMX,cdmx,SISEPUEDE,0.0009087983008255,
6002,71071,2 - IPPU:C2H3F3,2 - IPPU,2 - IPPU,0.0009244835403131,2045,C2H3F3,0,0,All Actions,CDMX,cdmx,SISEPUEDE,0.0009244835403131,
6002,71071,2 - IPPU:C2H3F3,2 - IPPU,2 - IPPU,0.0009399590855557,2046,C2H3F3,0,0,All Actions,CDMX,cdmx,SISEPUEDE,0.0009399590855557,
6002,71071,2 - IPPU:C2H3F3,2 - IPPU,2 - IPPU,0.0009551982137361,2047,C2H3F3,0,0,All Actions,CDMX,cdmx,SISEPUEDE,0.0009551982137361,
6002,71071,2 - IPPU:C2H3F3,2 - IPPU,2 - IPPU,0.0009702907048276,2048,C2H3F3,0,0,All Actions,CDMX,cdmx,SISEPUEDE,0.0009702907048276,
6002,71071,2 - IPPU:C2H3F3,2 - IPPU,2 - IPPU,0.0009853558339153,2049,C2H3F3,0,0,All Actions,CDMX,cdmx,SISEPUEDE,0.0009853558339153,
6002,71071,2 - IPPU:C2H3F3,2 - IPPU,2 - IPPU,0.0010004507974818,2050,C2H3F3,0,0,All Actions,CDMX,cdmx,SISEPUEDE,0.0010004507974818,
6002,71071,2 - IPPU:C2H3F3,2 - IPPU,2 - IPPU,0.0010154660213138,2051,C2H3F3,0,0,All Actions,CDMX,cdmx,SISEPUEDE,0.0010154660213138,
6002,71071,2 - IPPU:C2H3F3,2 - IPPU,2 - IPPU,0.0010302982258234,2052,C2H3F3,0,0,All Actions,CDMX,cdmx,SISEPUEDE,0.0010302982258234,
6002,71071,2 - IPPU:C2H3F3,2 - IPPU,2 - IPPU,0.0010447418076041,2053,C2H3F3,0,0,All Actions,CDMX,cdmx,SISEPUEDE,0.0010447418076041,
6002,71071,2 - IPPU:C2H3F3,2 - IPPU,2 - IPPU,0.0010587908767244,2054,C2H3F3,0,0,All Actions,CDMX,cdmx,SISEPUEDE,0.0010587908767244,
6002,71071,2 - IPPU:C2H3F3,2 - IPPU,2 - IPPU,0.0010722605676483,2055,C2H3F3,0,0,All Actions,CDMX,cdmx,SISEPUEDE,0.0010722605676483,
6002,71071,2 - IPPU:C2H3F3,2 - IPPU,2 - IPPU,0.0010851670333186,2056,C2H3F3,0,0,All Actions,CDMX,cdmx,SISEPUEDE,0.0010851670333186,
6002,71071,2 - IPPU:C2H3F3,2 - IPPU,2 - IPPU,0.0010976229898267,2057,C2H3F3,0,0,All Actions,CDMX,cdmx,SISEPUEDE,0.0010976229898267,
6002,71071,2 - IPPU:C2H3F3,2 - IPPU,2 - IPPU,0.0011096338214193,2058,C2H3F3,0,0,All Actions,CDMX,cdmx,SISEPUEDE,0.0011096338214193,
6002,71071,2 - IPPU:C2H3F3,2 - IPPU,2 - IPPU,0.0011213003519349,2059,C2H3F3,0,0,All Actions,CDMX,cdmx,SISEPUEDE,0.0011213003519349,
6002,71071,2 - IPPU:C2H3F3,2 - IPPU,2 - IPPU,0.001132721324431,2060,C2H3F3,0,0,All Actions,CDMX,cdmx,SISEPUEDE,0.001132721324431,
6002,71071,2 - IPPU:C2HF5,2 - IPPU,2 - IPPU,0.0054267899448396,2022,C2HF5,0,0,All Actions,CDMX,cdmx,SISEPUEDE,0.0054267899448396,
6002,71071,2 - IPPU:C2HF5,2 - IPPU,2 - IPPU,0.0053517534024764,2023,C2HF5,0,0,All Actions,CDMX,cdmx,SISEPUEDE,0.0053517534024764,
6002,71071,2 - IPPU:C2HF5,2 - IPPU,2 - IPPU,0.0052216214556694,2024,C2HF5,0,0,All Actions,CDMX,cdmx,SISEPUEDE,0.0052216214556694,
6002,71071,2 - IPPU:C2HF5,2 - IPPU,2 - IPPU,0.0050356204594646,2025,C2HF5,0,0,All Actions,CDMX,cdmx,SISEPUEDE,0.0050356204594646,
6002,71071,2 - IPPU:C2HF5,2 - IPPU,2 - IPPU,0.0048670917952698,2026,C2HF5,0,0,All Actions,CDMX,cdmx,SISEPUEDE,0.0048670917952698,
6002,71071,2 - IPPU:C2HF5,2 - IPPU,2 - IPPU,0.0046956792619878,2027,C2HF5,0,0,All Actions,CDMX,cdmx,SISEPUEDE,0.0046956792619878,
6002,71071,2 - IPPU:C2HF5,2 - IPPU,2 - IPPU,0.0045152707541426,2028,C2HF5,0,0,All Actions,CDMX,cdmx,SISEPUEDE,0.0045152707541426,
6002,71071,2 - IPPU:C2HF5,2 - IPPU,2 - IPPU,0.004284759927483,2029,C2HF5,0,0,All Actions,CDMX,cdmx,SISEPUEDE,0.004284759927483,
6002,71071,2 - IPPU:C2HF5,2 - IPPU,2 - IPPU,0.0040522889499076,2030,C2HF5,0,0,All Actions,CDMX,cdmx,SISEPUEDE,0.0040522889499076,
6002,71071,2 - IPPU:C2HF5,2 - IPPU,2 - IPPU,0.0038162925553318,2031,C2HF5,0,0,All Actions,CDMX,cdmx,SISEPUEDE,0.0038162925553318,
6002,71071,2 - IPPU:C2HF5,2 - IPPU,2 - IPPU,0.0035761039291576,2032,C2HF5,0,0,All Actions,CDMX,cdmx,SISEPUEDE,0.0035761039291576,
6002,71071,2 - IPPU:C2HF5,2 - IPPU,2 - IPPU,0.0033310317706572,2033,C2HF5,0,0,All Actions,CDMX,cdmx,SISEPUEDE,0.0033310317706572,
6002,71071,2 - IPPU:C2HF5,2 - IPPU,2 - IPPU,0.0030803577711682,2034,C2HF5,0,0,All Actions,CDMX,cdmx,SISEPUEDE,0.0030803577711682,
6002,71071,2 - IPPU:C2HF5,2 - IPPU,2 - IPPU,0.0028233332954658,2035,C2HF5,0,0,All Actions,CDMX,cdmx,SISEPUEDE,0.0028233332954658,
6002,71071,2 - IPPU:C2HF5,2 - IPPU,2 - IPPU,0.002559176057096,2036,C2HF5,0,0,All Actions,CDMX,cdmx,SISEPUEDE,0.002559176057096,
6002,71071,2 - IPPU:C2HF5,2 - IPPU,2 - IPPU,0.002287066648986,2037,C2HF5,0,0,All Actions,CDMX,cdmx,SISEPUEDE,0.002287066648986,
6002,71071,2 - IPPU:C2HF5,2 - IPPU,2 - IPPU,0.0020061442974426,2038,C2HF5,0,0,All Actions,CDMX,cdmx,SISEPUEDE,0.0020061442974426,
6002,71071,2 - IPPU:C2HF5,2 - IPPU,2 - IPPU,0.0017153432068954,2039,C2HF5,0,0,All Actions,CDMX,cdmx,SISEPUEDE,0.0017153432068954,
6002,71071,2 - IPPU:C2HF5,2 - IPPU,2 - IPPU,0.001413537871796,2040,C2HF5,0,0,All Actions,CDMX,cdmx,SISEPUEDE,0.001413537871796,
6002,71071,2 - IPPU:C2HF5,2 - IPPU,2 - IPPU,0.0010992589169058,2041,C2HF5,0,0,All Actions,CDMX,cdmx,SISEPUEDE,0.0010992589169058,
6002,71071,2 - IPPU:C2HF5,2 - IPPU,2 - IPPU,0.000772275794132,2042,C2HF5,0,0,All Actions,CDMX,cdmx,SISEPUEDE,0.000772275794132,
6002,71071,2 - IPPU:C2HF5,2 - IPPU,2 - IPPU,0.0007863062307822,2043,C2HF5,0,0,All Actions,CDMX,cdmx,SISEPUEDE,0.0007863062307822,
6002,71071,2 - IPPU:C2HF5,2 - IPPU,2 - IPPU,0.0008002181489236,2044,C2HF5,0,0,All Actions,CDMX,cdmx,SISEPUEDE,0.0008002181489236,
6002,71071,2 - IPPU:C2HF5,2 - IPPU,2 - IPPU,0.0008140293689676,2045,C2HF5,0,0,All Actions,CDMX,cdmx,SISEPUEDE,0.0008140293689676,
6002,71071,2 - IPPU:C2HF5,2 - IPPU,2 - IPPU,0.0008276559483266,2046,C2HF5,0,0,All Actions,CDMX,cdmx,SISEPUEDE,0.0008276559483266,
6002,71071,2 - IPPU:C2HF5,2 - IPPU,2 - IPPU,0.0008410743569358,2047,C2HF5,0,0,All Actions,CDMX,cdmx,SISEPUEDE,0.0008410743569358,
6002,71071,2 - IPPU:C2HF5,2 - IPPU,2 - IPPU,0.0008543636481602,2048,C2HF5,0,0,All Actions,CDMX,cdmx,SISEPUEDE,0.0008543636481602,
6002,71071,2 - IPPU:C2HF5,2 - IPPU,2 - IPPU,0.0008676288465004,2049,C2HF5,0,0,All Actions,CDMX,cdmx,SISEPUEDE,0.0008676288465004,
6002,71071,2 - IPPU:C2HF5,2 - IPPU,2 - IPPU,0.0008809203147968,2050,C2HF5,0,0,All Actions,CDMX,cdmx,SISEPUEDE,0.0008809203147968,
6002,71071,2 - IPPU:C2HF5,2 - IPPU,2 - IPPU,0.000894141570393,2051,C2HF5,0,0,All Actions,CDMX,cdmx,SISEPUEDE,0.000894141570393,
6002,71071,2 - IPPU:C2HF5,2 - IPPU,2 - IPPU,0.0009072016731972,2052,C2HF5,0,0,All Actions,CDMX,cdmx,SISEPUEDE,0.0009072016731972,
6002,71071,2 - IPPU:C2HF5,2 - IPPU,2 - IPPU,0.0009199195846038,2053,C2HF5,0,0,All Actions,CDMX,cdmx,SISEPUEDE,0.0009199195846038,
6002,71071,2 - IPPU:C2HF5,2 - IPPU,2 - IPPU,0.0009322901183904,2054,C2HF5,0,0,All Actions,CDMX,cdmx,SISEPUEDE,0.0009322901183904,
6002,71071,2 - IPPU:C2HF5,2 - IPPU,2 - IPPU,0.000944150496131,2055,C2HF5,0,0,All Actions,CDMX,cdmx,SISEPUEDE,0.000944150496131,
6002,71071,2 - IPPU:C2HF5,2 - IPPU,2 - IPPU,0.000955514940869,2056,C2HF5,0,0,All Actions,CDMX,cdmx,SISEPUEDE,0.000955514940869,
6002,71071,2 - IPPU:C2HF5,2 - IPPU,2 - IPPU,0.0009664827017582,2057,C2HF5,0,0,All Actions,CDMX,cdmx,SISEPUEDE,0.0009664827017582,
6002,71071,2 - IPPU:C2HF5,2 - IPPU,2 - IPPU,0.0009770585197538,2058,C2HF5,0,0,All Actions,CDMX,cdmx,SISEPUEDE,0.0009770585197538,
6002,71071,2 - IPPU:C2HF5,2 - IPPU,2 - IPPU,0.000987331172602,2059,C2HF5,0,0,All Actions,CDMX,cdmx,SISEPUEDE,0.000987331172602,
6002,71071,2 - IPPU:C2HF5,2 - IPPU,2 - IPPU,0.0009973876058738,2060,C2HF5,0,0,All Actions,CDMX,cdmx,SISEPUEDE,0.0009973876058738,
6002,71071,2 - IPPU:C3H3F5,2 - IPPU,2 - IPPU,0.001054916018037,2022,C3H3F5,0,0,All Actions,CDMX,cdmx,SISEPUEDE,0.001054916018037,
6002,71071,2 - IPPU:C3H3F5,2 - IPPU,2 - IPPU,0.001040329632479,2023,C3H3F5,0,0,All Actions,CDMX,cdmx,SISEPUEDE,0.001040329632479,
6002,71071,2 - IPPU:C3H3F5,2 - IPPU,2 - IPPU,0.0010150332276908,2024,C3H3F5,0,0,All Actions,CDMX,cdmx,SISEPUEDE,0.0010150332276908,
6002,71071,2 - IPPU:C3H3F5,2 - IPPU,2 - IPPU,0.000978876414499,2025,C3H3F5,0,0,All Actions,CDMX,cdmx,SISEPUEDE,0.000978876414499,
6002,71071,2 - IPPU:C3H3F5,2 - IPPU,2 - IPPU,0.0009461160553982,2026,C3H3F5,0,0,All Actions,CDMX,cdmx,SISEPUEDE,0.0009461160553982,
6002,71071,2 - IPPU:C3H3F5,2 - IPPU,2 - IPPU,0.0009127950997524,2027,C3H3F5,0,0,All Actions,CDMX,cdmx,SISEPUEDE,0.0009127950997524,
6002,71071,2 - IPPU:C3H3F5,2 - IPPU,2 - IPPU,0.0008777254127642,2028,C3H3F5,0,0,All Actions,CDMX,cdmx,SISEPUEDE,0.0008777254127642,
6002,71071,2 - IPPU:C3H3F5,2 - IPPU,2 - IPPU,0.0008329163145964,2029,C3H3F5,0,0,All Actions,CDMX,cdmx,SISEPUEDE,0.0008329163145964,
6002,71071,2 - IPPU:C3H3F5,2 - IPPU,2 - IPPU,0.0007877261818538,2030,C3H3F5,0,0,All Actions,CDMX,cdmx,SISEPUEDE,0.0007877261818538,
6002,71071,2 - IPPU:C3H3F5,2 - IPPU,2 - IPPU,0.000741850741793,2031,C3H3F5,0,0,All Actions,CDMX,cdmx,SISEPUEDE,0.000741850741793,
6002,71071,2 - IPPU:C3H3F5,2 - IPPU,2 - IPPU,0.0006951603720392,2032,C3H3F5,0,0,All Actions,CDMX,cdmx,SISEPUEDE,0.0006951603720392,
6002,71071,2 - IPPU:C3H3F5,2 - IPPU,2 - IPPU,0.000647520690348,2033,C3H3F5,0,0,All Actions,CDMX,cdmx,SISEPUEDE,0.000647520690348,
6002,71071,2 - IPPU:C3H3F5,2 - IPPU,2 - IPPU,0.0005987920643916,2034,C3H3F5,0,0,All Actions,CDMX,cdmx,SISEPUEDE,0.0005987920643916,
6002,71071,2 - IPPU:C3H3F5,2 - IPPU,2 - IPPU,0.0005488289666482,2035,C3H3F5,0,0,All Actions,CDMX,cdmx,SISEPUEDE,0.0005488289666482,
6002,71071,2 - IPPU:C3H3F5,2 - IPPU,2 - IPPU,0.00049747932812,2036,C3H3F5,0,0,All Actions,CDMX,cdmx,SISEPUEDE,0.00049747932812,
6002,71071,2 - IPPU:C3H3F5,2 - IPPU,2 - IPPU,0.0004445838639152,2037,C3H3F5,0,0,All Actions,CDMX,cdmx,SISEPUEDE,0.0004445838639152,
6002,71071,2 - IPPU:C3H3F5,2 - IPPU,2 - IPPU,0.0003899752478678,2038,C3H3F5,0,0,All Actions,CDMX,cdmx,SISEPUEDE,0.0003899752478678,
6002,71071,2 - IPPU:C3H3F5,2 - IPPU,2 - IPPU,0.000333446299521,2039,C3H3F5,0,0,All Actions,CDMX,cdmx,SISEPUEDE,0.000333446299521,
6002,71071,2 - IPPU:C3H3F5,2 - IPPU,2 - IPPU,0.00027477823137,2040,C3H3F5,0,0,All Actions,CDMX,cdmx,SISEPUEDE,0.00027477823137,
6002,71071,2 - IPPU:C3H3F5,2 - IPPU,2 - IPPU,0.0002136854109336,2041,C3H3F5,0,0,All Actions,CDMX,cdmx,SISEPUEDE,0.0002136854109336,
6002,71071,2 - IPPU:C3H3F5,2 - IPPU,2 - IPPU,0.00015012302186983586,2042,C3H3F5,0,0,All Actions,CDMX,cdmx,SISEPUEDE,0.00015012302186983586,
6002,71071,2 - IPPU:C3H3F5,2 - IPPU,2 - IPPU,0.00015285040445011454,2043,C3H3F5,0,0,All Actions,CDMX,cdmx,SISEPUEDE,0.00015285040445011454,
6002,71071,2 - IPPU:C3H3F5,2 - IPPU,2 - IPPU,0.00015555474816679772,2044,C3H3F5,0,0,All Actions,CDMX,cdmx,SISEPUEDE,0.00015555474816679772,
6002,71071,2 - IPPU:C3H3F5,2 - IPPU,2 - IPPU,0.0001582395171372196,2045,C3H3F5,0,0,All Actions,CDMX,cdmx,SISEPUEDE,0.0001582395171372196,
6002,71071,2 - IPPU:C3H3F5,2 - IPPU,2 - IPPU,0.00016088839372597284,2046,C3H3F5,0,0,All Actions,CDMX,cdmx,SISEPUEDE,0.00016088839372597284,
6002,71071,2 - IPPU:C3H3F5,2 - IPPU,2 - IPPU,0.00016349680391361047,2047,C3H3F5,0,0,All Actions,CDMX,cdmx,SISEPUEDE,0.00016349680391361047,
6002,71071,2 - IPPU:C3H3F5,2 - IPPU,2 - IPPU,0.00016608011491762333,2048,C3H3F5,0,0,All Actions,CDMX,cdmx,SISEPUEDE,0.00016608011491762333,
6002,71071,2 - IPPU:C3H3F5,2 - IPPU,2 - IPPU,0.00016865874249560788,2049,C3H3F5,0,0,All Actions,CDMX,cdmx,SISEPUEDE,0.00016865874249560788,
6002,71071,2 - IPPU:C3H3F5,2 - IPPU,2 - IPPU,0.00017124247670157063,2050,C3H3F5,0,0,All Actions,CDMX,cdmx,SISEPUEDE,0.00017124247670157063,
6002,71071,2 - IPPU:C3H3F5,2 - IPPU,2 - IPPU,0.0001738125622307202,2051,C3H3F5,0,0,All Actions,CDMX,cdmx,SISEPUEDE,0.0001738125622307202,
6002,71071,2 - IPPU:C3H3F5,2 - IPPU,2 - IPPU,0.00017635132119973865,2052,C3H3F5,0,0,All Actions,CDMX,cdmx,SISEPUEDE,0.00017635132119973865,
6002,71071,2 - IPPU:C3H3F5,2 - IPPU,2 - IPPU,0.00017882356143662844,2053,C3H3F5,0,0,All Actions,CDMX,cdmx,SISEPUEDE,0.00017882356143662844,
6002,71071,2 - IPPU:C3H3F5,2 - IPPU,2 - IPPU,0.000181228274789412,2054,C3H3F5,0,0,All Actions,CDMX,cdmx,SISEPUEDE,0.000181228274789412,
6002,71071,2 - IPPU:C3H3F5,2 - IPPU,2 - IPPU,0.0001835338186902379,2055,C3H3F5,0,0,All Actions,CDMX,cdmx,SISEPUEDE,0.0001835338186902379,
6002,71071,2 - IPPU:C3H3F5,2 - IPPU,2 - IPPU,0.00018574295796266576,2056,C3H3F5,0,0,All Actions,CDMX,cdmx,SISEPUEDE,0.00018574295796266576,
6002,71071,2 - IPPU:C3H3F5,2 - IPPU,2 - IPPU,0.00018787498569206352,2057,C3H3F5,0,0,All Actions,CDMX,cdmx,SISEPUEDE,0.00018787498569206352,
6002,71071,2 - IPPU:C3H3F5,2 - IPPU,2 - IPPU,0.00018993082347474208,2058,C3H3F5,0,0,All Actions,CDMX,cdmx,SISEPUEDE,0.00018993082347474208,
6002,71071,2 - IPPU:C3H3F5,2 - IPPU,2 - IPPU,0.00019192772885482168,2059,C3H3F5,0,0,All Actions,CDMX,cdmx,SISEPUEDE,0.00019192772885482168,
6002,71071,2 - IPPU:C3H3F5,2 - IPPU,2 - IPPU,0.0001938826032189656,2060,C3H3F5,0,0,All Actions,CDMX,cdmx,SISEPUEDE,0.0001938826032189656,
6002,71071,2 - IPPU:C4H5F5,2 - IPPU,2 - IPPU,9.977744406264086e-05,2022,C4H5F5,0,0,All Actions,CDMX,cdmx,SISEPUEDE,9.977744406264086e-05,
6002,71071,2 - IPPU:C4H5F5,2 - IPPU,2 - IPPU,9.839781550056234e-05,2023,C4H5F5,0,0,All Actions,CDMX,cdmx,SISEPUEDE,9.839781550056234e-05,
6002,71071,2 - IPPU:C4H5F5,2 - IPPU,2 - IPPU,9.600519791718955e-05,2024,C4H5F5,0,0,All Actions,CDMX,cdmx,SISEPUEDE,9.600519791718955e-05,
6002,71071,2 - IPPU:C4H5F5,2 - IPPU,2 - IPPU,9.258536700737745e-05,2025,C4H5F5,0,0,All Actions,CDMX,cdmx,SISEPUEDE,9.258536700737745e-05,
6002,71071,2 - IPPU:C4H5F5,2 - IPPU,2 - IPPU,8.948678395264797e-05,2026,C4H5F5,0,0,All Actions,CDMX,cdmx,SISEPUEDE,8.948678395264797e-05,
6002,71071,2 - IPPU:C4H5F5,2 - IPPU,2 - IPPU,8.633517782360662e-05,2027,C4H5F5,0,0,All Actions,CDMX,cdmx,SISEPUEDE,8.633517782360662e-05,
6002,71071,2 - IPPU:C4H5F5,2 - IPPU,2 - IPPU,8.301817090369211e-05,2028,C4H5F5,0,0,All Actions,CDMX,cdmx,SISEPUEDE,8.301817090369211e-05,
6002,71071,2 - IPPU:C4H5F5,2 - IPPU,2 - IPPU,7.87799782803098e-05,2029,C4H5F5,0,0,All Actions,CDMX,cdmx,SISEPUEDE,7.87799782803098e-05,
6002,71071,2 - IPPU:C4H5F5,2 - IPPU,2 - IPPU,7.450574614732313e-05,2030,C4H5F5,0,0,All Actions,CDMX,cdmx,SISEPUEDE,7.450574614732313e-05,
6002,71071,2 - IPPU:C4H5F5,2 - IPPU,2 - IPPU,7.016669538285276e-05,2031,C4H5F5,0,0,All Actions,CDMX,cdmx,SISEPUEDE,7.016669538285276e-05,
6002,71071,2 - IPPU:C4H5F5,2 - IPPU,2 - IPPU,6.575056587421629e-05,2032,C4H5F5,0,0,All Actions,CDMX,cdmx,SISEPUEDE,6.575056587421629e-05,
6002,71071,2 - IPPU:C4H5F5,2 - IPPU,2 - IPPU,6.124464730456036e-05,2033,C4H5F5,0,0,All Actions,CDMX,cdmx,SISEPUEDE,6.124464730456036e-05,
6002,71071,2 - IPPU:C4H5F5,2 - IPPU,2 - IPPU,5.663573278673048e-05,2034,C4H5F5,0,0,All Actions,CDMX,cdmx,SISEPUEDE,5.663573278673048e-05,
6002,71071,2 - IPPU:C4H5F5,2 - IPPU,2 - IPPU,5.191005784670282e-05,2035,C4H5F5,0,0,All Actions,CDMX,cdmx,SISEPUEDE,5.191005784670282e-05,
6002,71071,2 - IPPU:C4H5F5,2 - IPPU,2 - IPPU,4.705323929594084e-05,2036,C4H5F5,0,0,All Actions,CDMX,cdmx,SISEPUEDE,4.705323929594084e-05,
6002,71071,2 - IPPU:C4H5F5,2 - IPPU,2 - IPPU,4.205021144290608e-05,2037,C4H5F5,0,0,All Actions,CDMX,cdmx,SISEPUEDE,4.205021144290608e-05,
6002,71071,2 - IPPU:C4H5F5,2 - IPPU,2 - IPPU,3.688514802567742e-05,2038,C4H5F5,0,0,All Actions,CDMX,cdmx,SISEPUEDE,3.688514802567742e-05,
6002,71071,2 - IPPU:C4H5F5,2 - IPPU,2 - IPPU,3.153845323182216e-05,2039,C4H5F5,0,0,All Actions,CDMX,cdmx,SISEPUEDE,3.153845323182216e-05,
6002,71071,2 - IPPU:C4H5F5,2 - IPPU,2 - IPPU,2.5989433415913597e-05,2040,C4H5F5,0,0,All Actions,CDMX,cdmx,SISEPUEDE,2.5989433415913597e-05,
6002,71071,2 - IPPU:C4H5F5,2 - IPPU,2 - IPPU,2.02110725137294e-05,2041,C4H5F5,0,0,All Actions,CDMX,cdmx,SISEPUEDE,2.02110725137294e-05,
6002,71071,2 - IPPU:C4H5F5,2 - IPPU,2 - IPPU,1.419913164746931e-05,2042,C4H5F5,0,0,All Actions,CDMX,cdmx,SISEPUEDE,1.419913164746931e-05,
6002,71071,2 - IPPU:C4H5F5,2 - IPPU,2 - IPPU,1.4457096507409109e-05,2043,C4H5F5,0,0,All Actions,CDMX,cdmx,SISEPUEDE,1.4457096507409109e-05,
6002,71071,2 - IPPU:C4H5F5,2 - IPPU,2 - IPPU,1.471288227547395e-05,2044,C4H5F5,0,0,All Actions,CDMX,cdmx,SISEPUEDE,1.471288227547395e-05,
6002,71071,2 - IPPU:C4H5F5,2 - IPPU,2 - IPPU,1.4966816599332112e-05,2045,C4H5F5,0,0,All Actions,CDMX,cdmx,SISEPUEDE,1.4966816599332112e-05,
6002,71071,2 - IPPU:C4H5F5,2 - IPPU,2 - IPPU,1.5217356103088024e-05,2046,C4H5F5,0,0,All Actions,CDMX,cdmx,SISEPUEDE,1.5217356103088024e-05,
6002,71071,2 - IPPU:C4H5F5,2 - IPPU,2 - IPPU,1.5464068160862747e-05,2047,C4H5F5,0,0,All Actions,CDMX,cdmx,SISEPUEDE,1.5464068160862747e-05,
6002,71071,2 - IPPU:C4H5F5,2 - IPPU,2 - IPPU,1.5708406254883656e-05,2048,C4H5F5,0,0,All Actions,CDMX,cdmx,SISEPUEDE,1.5708406254883656e-05,
6002,71071,2 - IPPU:C4H5F5,2 - IPPU,2 - IPPU,1.5952301374989508e-05,2049,C4H5F5,0,0,All Actions,CDMX,cdmx,SISEPUEDE,1.5952301374989508e-05,
6002,71071,2 - IPPU:C4H5F5,2 - IPPU,2 - IPPU,1.6196679496849753e-05,2050,C4H5F5,0,0,All Actions,CDMX,cdmx,SISEPUEDE,1.6196679496849753e-05,
6002,71071,2 - IPPU:C4H5F5,2 - IPPU,2 - IPPU,1.6439766681740636e-05,2051,C4H5F5,0,0,All Actions,CDMX,cdmx,SISEPUEDE,1.6439766681740636e-05,
6002,71071,2 - IPPU:C4H5F5,2 - IPPU,2 - IPPU,1.667989089702283e-05,2052,C4H5F5,0,0,All Actions,CDMX,cdmx,SISEPUEDE,1.667989089702283e-05,
6002,71071,2 - IPPU:C4H5F5,2 - IPPU,2 - IPPU,1.6913723550739362e-05,2053,C4H5F5,0,0,All Actions,CDMX,cdmx,SISEPUEDE,1.6913723550739362e-05,
6002,71071,2 - IPPU:C4H5F5,2 - IPPU,2 - IPPU,1.71411692885437e-05,2054,C4H5F5,0,0,All Actions,CDMX,cdmx,SISEPUEDE,1.71411692885437e-05,
6002,71071,2 - IPPU:C4H5F5,2 - IPPU,2 - IPPU,1.7359235251772385e-05,2055,C4H5F5,0,0,All Actions,CDMX,cdmx,SISEPUEDE,1.7359235251772385e-05,
6002,71071,2 - IPPU:C4H5F5,2 - IPPU,2 - IPPU,1.7568182946576953e-05,2056,C4H5F5,0,0,All Actions,CDMX,cdmx,SISEPUEDE,1.7568182946576953e-05,
6002,71071,2 - IPPU:C4H5F5,2 - IPPU,2 - IPPU,1.776983717674574e-05,2057,C4H5F5,0,0,All Actions,CDMX,cdmx,SISEPUEDE,1.776983717674574e-05,
6002,71071,2 - IPPU:C4H5F5,2 - IPPU,2 - IPPU,1.796428510990421e-05,2058,C4H5F5,0,0,All Actions,CDMX,cdmx,SISEPUEDE,1.796428510990421e-05,
6002,71071,2 - IPPU:C4H5F5,2 - IPPU,2 - IPPU,1.815315902162093e-05,2059,C4H5F5,0,0,All Actions,CDMX,cdmx,SISEPUEDE,1.815315902162093e-05,
6002,71071,2 - IPPU:C4H5F5,2 - IPPU,2 - IPPU,1.8338057500914864e-05,2060,C4H5F5,0,0,All Actions,CDMX,cdmx,SISEPUEDE,1.8338057500914864e-05,
6002,71071,2 - IPPU:C5H2F10,2 - IPPU,2 - IPPU,2.5966069720242165e-05,2022,C5H2F10,0,0,All Actions,CDMX,cdmx,SISEPUEDE,2.5966069720242165e-05,
6002,71071,2 - IPPU:C5H2F10,2 - IPPU,2 - IPPU,2.5607035353632423e-05,2023,C5H2F10,0,0,All Actions,CDMX,cdmx,SISEPUEDE,2.5607035353632423e-05,
6002,71071,2 - IPPU:C5H2F10,2 - IPPU,2 - IPPU,2.498438084922629e-05,2024,C5H2F10,0,0,All Actions,CDMX,cdmx,SISEPUEDE,2.498438084922629e-05,
6002,71071,2 - IPPU:C5H2F10,2 - IPPU,2 - IPPU,2.409440447560951e-05,2025,C5H2F10,0,0,All Actions,CDMX,cdmx,SISEPUEDE,2.409440447560951e-05,
6002,71071,2 - IPPU:C5H2F10,2 - IPPU,2 - IPPU,2.3288029604124983e-05,2026,C5H2F10,0,0,All Actions,CDMX,cdmx,SISEPUEDE,2.3288029604124983e-05,
6002,71071,2 - IPPU:C5H2F10,2 - IPPU,2 - IPPU,2.2467856014329943e-05,2027,C5H2F10,0,0,All Actions,CDMX,cdmx,SISEPUEDE,2.2467856014329943e-05,
6002,71071,2 - IPPU:C5H2F10,2 - IPPU,2 - IPPU,2.160463854314524e-05,2028,C5H2F10,0,0,All Actions,CDMX,cdmx,SISEPUEDE,2.160463854314524e-05,
6002,71071,2 - IPPU:C5H2F10,2 - IPPU,2 - IPPU,2.050169181825748e-05,2029,C5H2F10,0,0,All Actions,CDMX,cdmx,SISEPUEDE,2.050169181825748e-05,
6002,71071,2 - IPPU:C5H2F10,2 - IPPU,2 - IPPU,1.9389366175841205e-05,2030,C5H2F10,0,0,All Actions,CDMX,cdmx,SISEPUEDE,1.9389366175841205e-05,
6002,71071,2 - IPPU:C5H2F10,2 - IPPU,2 - IPPU,1.8260172140772775e-05,2031,C5H2F10,0,0,All Actions,CDMX,cdmx,SISEPUEDE,1.8260172140772775e-05,
6002,71071,2 - IPPU:C5H2F10,2 - IPPU,2 - IPPU,1.711091914284187e-05,2032,C5H2F10,0,0,All Actions,CDMX,cdmx,SISEPUEDE,1.711091914284187e-05,
6002,71071,2 - IPPU:C5H2F10,2 - IPPU,2 - IPPU,1.5938299450760306e-05,2033,C5H2F10,0,0,All Actions,CDMX,cdmx,SISEPUEDE,1.5938299450760306e-05,
6002,71071,2 - IPPU:C5H2F10,2 - IPPU,2 - IPPU,1.4738876105846057e-05,2034,C5H2F10,0,0,All Actions,CDMX,cdmx,SISEPUEDE,1.4738876105846057e-05,
6002,71071,2 - IPPU:C5H2F10,2 - IPPU,2 - IPPU,1.3509067043079092e-05,2035,C5H2F10,0,0,All Actions,CDMX,cdmx,SISEPUEDE,1.3509067043079092e-05,
6002,71071,2 - IPPU:C5H2F10,2 - IPPU,2 - IPPU,1.2245129183251008e-05,2036,C5H2F10,0,0,All Actions,CDMX,cdmx,SISEPUEDE,1.2245129183251008e-05,
6002,71071,2 - IPPU:C5H2F10,2 - IPPU,2 - IPPU,1.0943141832656448e-05,2037,C5H2F10,0,0,All Actions,CDMX,cdmx,SISEPUEDE,1.0943141832656448e-05,
6002,71071,2 - IPPU:C5H2F10,2 - IPPU,2 - IPPU,9.598986366847644e-06,2038,C5H2F10,0,0,All Actions,CDMX,cdmx,SISEPUEDE,9.598986366847644e-06,
6002,71071,2 - IPPU:C5H2F10,2 - IPPU,2 - IPPU,8.207563174017193e-06,2039,C5H2F10,0,0,All Actions,CDMX,cdmx,SISEPUEDE,8.207563174017193e-06,
6002,71071,2 - IPPU:C5H2F10,2 - IPPU,2 - IPPU,6.763486942434938e-06,2040,C5H2F10,0,0,All Actions,CDMX,cdmx,SISEPUEDE,6.763486942434938e-06,
6002,71071,2 - IPPU:C5H2F10,2 - IPPU,2 - IPPU,5.259727014884183e-06,2041,C5H2F10,0,0,All Actions,CDMX,cdmx,SISEPUEDE,5.259727014884183e-06,
6002,71071,2 - IPPU:C5H2F10,2 - IPPU,2 - IPPU,3.695180266329689e-06,2042,C5H2F10,0,0,All Actions,CDMX,cdmx,SISEPUEDE,3.695180266329689e-06,
6002,71071,2 - IPPU:C5H2F10,2 - IPPU,2 - IPPU,3.7623130096214897e-06,2043,C5H2F10,0,0,All Actions,CDMX,cdmx,SISEPUEDE,3.7623130096214897e-06,
6002,71071,2 - IPPU:C5H2F10,2 - IPPU,2 - IPPU,3.828878666312871e-06,2044,C5H2F10,0,0,All Actions,CDMX,cdmx,SISEPUEDE,3.828878666312871e-06,
6002,71071,2 - IPPU:C5H2F10,2 - IPPU,2 - IPPU,3.894962503392563e-06,2045,C5H2F10,0,0,All Actions,CDMX,cdmx,SISEPUEDE,3.894962503392563e-06,
6002,71071,2 - IPPU:C5H2F10,2 - IPPU,2 - IPPU,3.960162872908109e-06,2046,C5H2F10,0,0,All Actions,CDMX,cdmx,SISEPUEDE,3.960162872908109e-06,
6002,71071,2 - IPPU:C5H2F10,2 - IPPU,2 - IPPU,4.024367188354204e-06,2047,C5H2F10,0,0,All Actions,CDMX,cdmx,SISEPUEDE,4.024367188354204e-06,
6002,71071,2 - IPPU:C5H2F10,2 - IPPU,2 - IPPU,4.087953703766193e-06,2048,C5H2F10,0,0,All Actions,CDMX,cdmx,SISEPUEDE,4.087953703766193e-06,
6002,71071,2 - IPPU:C5H2F10,2 - IPPU,2 - IPPU,4.151424939701235e-06,2049,C5H2F10,0,0,All Actions,CDMX,cdmx,SISEPUEDE,4.151424939701235e-06,
6002,71071,2 - IPPU:C5H2F10,2 - IPPU,2 - IPPU,4.21502187195319e-06,2050,C5H2F10,0,0,All Actions,CDMX,cdmx,SISEPUEDE,4.21502187195319e-06,
6002,71071,2 - IPPU:C5H2F10,2 - IPPU,2 - IPPU,4.278282850927669e-06,2051,C5H2F10,0,0,All Actions,CDMX,cdmx,SISEPUEDE,4.278282850927669e-06,
6002,71071,2 - IPPU:C5H2F10,2 - IPPU,2 - IPPU,4.340772747057114e-06,2052,C5H2F10,0,0,All Actions,CDMX,cdmx,SISEPUEDE,4.340772747057114e-06,
6002,71071,2 - IPPU:C5H2F10,2 - IPPU,2 - IPPU,4.401625327981726e-06,2053,C5H2F10,0,0,All Actions,CDMX,cdmx,SISEPUEDE,4.401625327981726e-06,
6002,71071,2 - IPPU:C5H2F10,2 - IPPU,2 - IPPU,4.460815778698138e-06,2054,C5H2F10,0,0,All Actions,CDMX,cdmx,SISEPUEDE,4.460815778698138e-06,
6002,71071,2 - IPPU:C5H2F10,2 - IPPU,2 - IPPU,4.517565238037395e-06,2055,C5H2F10,0,0,All Actions,CDMX,cdmx,SISEPUEDE,4.517565238037395e-06,
6002,71071,2 - IPPU:C5H2F10,2 - IPPU,2 - IPPU,4.571941760328075e-06,2056,C5H2F10,0,0,All Actions,CDMX,cdmx,SISEPUEDE,4.571941760328075e-06,
6002,71071,2 - IPPU:C5H2F10,2 - IPPU,2 - IPPU,4.6244202322826895e-06,2057,C5H2F10,0,0,All Actions,CDMX,cdmx,SISEPUEDE,4.6244202322826895e-06,
6002,71071,2 - IPPU:C5H2F10,2 - IPPU,2 - IPPU,4.675023338393326e-06,2058,C5H2F10,0,0,All Actions,CDMX,cdmx,SISEPUEDE,4.675023338393326e-06,
6002,71071,2 - IPPU:C5H2F10,2 - IPPU,2 - IPPU,4.724175861852357e-06,2059,C5H2F10,0,0,All Actions,CDMX,cdmx,SISEPUEDE,4.724175861852357e-06,
6002,71071,2 - IPPU:C5H2F10,2 - IPPU,2 - IPPU,4.772293819268654e-06,2060,C5H2F10,0,0,All Actions,CDMX,cdmx,SISEPUEDE,4.772293819268654e-06,
6002,71071,2 - IPPU:CH2F2,2 - IPPU,2 - IPPU,0.0004263140321264,2022,CH2F2,0,0,All Actions,CDMX,cdmx,SISEPUEDE,0.0004263140321264,
6002,71071,2 - IPPU:CH2F2,2 - IPPU,2 - IPPU,0.000420419363039,2023,CH2F2,0,0,All Actions,CDMX,cdmx,SISEPUEDE,0.000420419363039,
6002,71071,2 - IPPU:CH2F2,2 - IPPU,2 - IPPU,0.000410196547062,2024,CH2F2,0,0,All Actions,CDMX,cdmx,SISEPUEDE,0.000410196547062,
6002,71071,2 - IPPU:CH2F2,2 - IPPU,2 - IPPU,0.0003955848087272,2025,CH2F2,0,0,All Actions,CDMX,cdmx,SISEPUEDE,0.0003955848087272,
6002,71071,2 - IPPU:CH2F2,2 - IPPU,2 - IPPU,0.0003823456498337,2026,CH2F2,0,0,All Actions,CDMX,cdmx,SISEPUEDE,0.0003823456498337,
6002,71071,2 - IPPU:CH2F2,2 - IPPU,2 - IPPU,0.0003688799419358,2027,CH2F2,0,0,All Actions,CDMX,cdmx,SISEPUEDE,0.0003688799419358,
6002,71071,2 - IPPU:CH2F2,2 - IPPU,2 - IPPU,0.0003547075344553,2028,CH2F2,0,0,All Actions,CDMX,cdmx,SISEPUEDE,0.0003547075344553,
6002,71071,2 - IPPU:CH2F2,2 - IPPU,2 - IPPU,0.000336599223472,2029,CH2F2,0,0,All Actions,CDMX,cdmx,SISEPUEDE,0.000336599223472,
6002,71071,2 - IPPU:CH2F2,2 - IPPU,2 - IPPU,0.0003183369283012,2030,CH2F2,0,0,All Actions,CDMX,cdmx,SISEPUEDE,0.0003183369283012,
6002,71071,2 - IPPU:CH2F2,2 - IPPU,2 - IPPU,0.0002997976858464,2031,CH2F2,0,0,All Actions,CDMX,cdmx,SISEPUEDE,0.0002997976858464,
6002,71071,2 - IPPU:CH2F2,2 - IPPU,2 - IPPU,0.0002809291129449,2032,CH2F2,0,0,All Actions,CDMX,cdmx,SISEPUEDE,0.0002809291129449,
6002,71071,2 - IPPU:CH2F2,2 - IPPU,2 - IPPU,0.0002616769028697,2033,CH2F2,0,0,All Actions,CDMX,cdmx,SISEPUEDE,0.0002616769028697,
6002,71071,2 - IPPU:CH2F2,2 - IPPU,2 - IPPU,0.0002419846272228,2034,CH2F2,0,0,All Actions,CDMX,cdmx,SISEPUEDE,0.0002419846272228,
6002,71071,2 - IPPU:CH2F2,2 - IPPU,2 - IPPU,0.0002217934752332,2035,CH2F2,0,0,All Actions,CDMX,cdmx,SISEPUEDE,0.0002217934752332,
6002,71071,2 - IPPU:CH2F2,2 - IPPU,2 - IPPU,0.0002010419925796,2036,CH2F2,0,0,All Actions,CDMX,cdmx,SISEPUEDE,0.0002010419925796,
6002,71071,2 - IPPU:CH2F2,2 - IPPU,2 - IPPU,0.0001796658088449,2037,CH2F2,0,0,All Actions,CDMX,cdmx,SISEPUEDE,0.0001796658088449,
6002,71071,2 - IPPU:CH2F2,2 - IPPU,2 - IPPU,0.0001575973039611,2038,CH2F2,0,0,All Actions,CDMX,cdmx,SISEPUEDE,0.0001575973039611,
6002,71071,2 - IPPU:CH2F2,2 - IPPU,2 - IPPU,0.0001347527518929,2039,CH2F2,0,0,All Actions,CDMX,cdmx,SISEPUEDE,0.0001347527518929,
6002,71071,2 - IPPU:CH2F2,2 - IPPU,2 - IPPU,0.0001110437359496,2040,CH2F2,0,0,All Actions,CDMX,cdmx,SISEPUEDE,0.0001110437359496,
6002,71071,2 - IPPU:CH2F2,2 - IPPU,2 - IPPU,8.635482596164547e-05,2041,CH2F2,0,0,All Actions,CDMX,cdmx,SISEPUEDE,8.635482596164547e-05,
6002,71071,2 - IPPU:CH2F2,2 - IPPU,2 - IPPU,6.066791069057665e-05,2042,CH2F2,0,0,All Actions,CDMX,cdmx,SISEPUEDE,6.066791069057665e-05,
6002,71071,2 - IPPU:CH2F2,2 - IPPU,2 - IPPU,6.17701040832919e-05,2043,CH2F2,0,0,All Actions,CDMX,cdmx,SISEPUEDE,6.17701040832919e-05,
6002,71071,2 - IPPU:CH2F2,2 - IPPU,2 - IPPU,6.286298698051076e-05,2044,CH2F2,0,0,All Actions,CDMX,cdmx,SISEPUEDE,6.286298698051076e-05,
6002,71071,2 - IPPU:CH2F2,2 - IPPU,2 - IPPU,6.394795930583213e-05,2045,CH2F2,0,0,All Actions,CDMX,cdmx,SISEPUEDE,6.394795930583213e-05,
6002,71071,2 - IPPU:CH2F2,2 - IPPU,2 - IPPU,6.501842675522958e-05,2046,CH2F2,0,0,All Actions,CDMX,cdmx,SISEPUEDE,6.501842675522958e-05,
6002,71071,2 - IPPU:CH2F2,2 - IPPU,2 - IPPU,6.607254087002004e-05,2047,CH2F2,0,0,All Actions,CDMX,cdmx,SISEPUEDE,6.607254087002004e-05,
6002,71071,2 - IPPU:CH2F2,2 - IPPU,2 - IPPU,6.711651187010637e-05,2048,CH2F2,0,0,All Actions,CDMX,cdmx,SISEPUEDE,6.711651187010637e-05,
6002,71071,2 - IPPU:CH2F2,2 - IPPU,2 - IPPU,6.81585901979798e-05,2049,CH2F2,0,0,All Actions,CDMX,cdmx,SISEPUEDE,6.81585901979798e-05,
6002,71071,2 - IPPU:CH2F2,2 - IPPU,2 - IPPU,6.92027322229881e-05,2050,CH2F2,0,0,All Actions,CDMX,cdmx,SISEPUEDE,6.92027322229881e-05,
6002,71071,2 - IPPU:CH2F2,2 - IPPU,2 - IPPU,7.024135852698552e-05,2051,CH2F2,0,0,All Actions,CDMX,cdmx,SISEPUEDE,7.024135852698552e-05,
6002,71071,2 - IPPU:CH2F2,2 - IPPU,2 - IPPU,7.126732510079227e-05,2052,CH2F2,0,0,All Actions,CDMX,cdmx,SISEPUEDE,7.126732510079227e-05,
6002,71071,2 - IPPU:CH2F2,2 - IPPU,2 - IPPU,7.226641003812669e-05,2053,CH2F2,0,0,All Actions,CDMX,cdmx,SISEPUEDE,7.226641003812669e-05,
6002,71071,2 - IPPU:CH2F2,2 - IPPU,2 - IPPU,7.323820592330149e-05,2054,CH2F2,0,0,All Actions,CDMX,cdmx,SISEPUEDE,7.323820592330149e-05,
6002,71071,2 - IPPU:CH2F2,2 - IPPU,2 - IPPU,7.416992532067535e-05,2055,CH2F2,0,0,All Actions,CDMX,cdmx,SISEPUEDE,7.416992532067535e-05,
6002,71071,2 - IPPU:CH2F2,2 - IPPU,2 - IPPU,7.506268555433828e-05,2056,CH2F2,0,0,All Actions,CDMX,cdmx,SISEPUEDE,7.506268555433828e-05,
6002,71071,2 - IPPU:CH2F2,2 - IPPU,2 - IPPU,7.592428337102149e-05,2057,CH2F2,0,0,All Actions,CDMX,cdmx,SISEPUEDE,7.592428337102149e-05,
6002,71071,2 - IPPU:CH2F2,2 - IPPU,2 - IPPU,7.67550912074238e-05,2058,CH2F2,0,0,All Actions,CDMX,cdmx,SISEPUEDE,7.67550912074238e-05,
6002,71071,2 - IPPU:CH2F2,2 - IPPU,2 - IPPU,7.756208320470216e-05,2059,CH2F2,0,0,All Actions,CDMX,cdmx,SISEPUEDE,7.756208320470216e-05,
6002,71071,2 - IPPU:CH2F2,2 - IPPU,2 - IPPU,7.835208957319914e-05,2060,CH2F2,0,0,All Actions,CDMX,cdmx,SISEPUEDE,7.835208957319914e-05,
6002,71071,2 - IPPU:CHF2CF3,2 - IPPU,2 - IPPU,0.016884960916806,2022,CHF2CF3,0,0,All Actions,CDMX,cdmx,SISEPUEDE,0.016884960916806,
6002,71071,2 - IPPU:CHF2CF3,2 - IPPU,2 - IPPU,0.0166514915734164,2023,CHF2CF3,0,0,All Actions,CDMX,cdmx,SISEPUEDE,0.0166514915734164,
6002,71071,2 - IPPU:CHF2CF3,2 - IPPU,2 - IPPU,0.0162465979146978,2024,CHF2CF3,0,0,All Actions,CDMX,cdmx,SISEPUEDE,0.0162465979146978,
6002,71071,2 - IPPU:CHF2CF3,2 - IPPU,2 - IPPU,0.015667872815085,2025,CHF2CF3,0,0,All Actions,CDMX,cdmx,SISEPUEDE,0.015667872815085,
6002,71071,2 - IPPU:CHF2CF3,2 - IPPU,2 - IPPU,0.0151435112795886,2026,CHF2CF3,0,0,All Actions,CDMX,cdmx,SISEPUEDE,0.0151435112795886,
6002,71071,2 - IPPU:CHF2CF3,2 - IPPU,2 - IPPU,0.0146101768490072,2027,CHF2CF3,0,0,All Actions,CDMX,cdmx,SISEPUEDE,0.0146101768490072,
6002,71071,2 - IPPU:CHF2CF3,2 - IPPU,2 - IPPU,0.014048852265784,2028,CHF2CF3,0,0,All Actions,CDMX,cdmx,SISEPUEDE,0.014048852265784,
6002,71071,2 - IPPU:CHF2CF3,2 - IPPU,2 - IPPU,0.0133316388968108,2029,CHF2CF3,0,0,All Actions,CDMX,cdmx,SISEPUEDE,0.0133316388968108,
6002,71071,2 - IPPU:CHF2CF3,2 - IPPU,2 - IPPU,0.012608326697417,2030,CHF2CF3,0,0,All Actions,CDMX,cdmx,SISEPUEDE,0.012608326697417,
6002,71071,2 - IPPU:CHF2CF3,2 - IPPU,2 - IPPU,0.0118740454852412,2031,CHF2CF3,0,0,All Actions,CDMX,cdmx,SISEPUEDE,0.0118740454852412,
6002,71071,2 - IPPU:CHF2CF3,2 - IPPU,2 - IPPU,0.0111267205276078,2032,CHF2CF3,0,0,All Actions,CDMX,cdmx,SISEPUEDE,0.0111267205276078,
6002,71071,2 - IPPU:CHF2CF3,2 - IPPU,2 - IPPU,0.0103642009054856,2033,CHF2CF3,0,0,All Actions,CDMX,cdmx,SISEPUEDE,0.0103642009054856,
6002,71071,2 - IPPU:CHF2CF3,2 - IPPU,2 - IPPU,0.0095842516671228,2034,CHF2CF3,0,0,All Actions,CDMX,cdmx,SISEPUEDE,0.0095842516671228,
6002,71071,2 - IPPU:CHF2CF3,2 - IPPU,2 - IPPU,0.0087845435024418,2035,CHF2CF3,0,0,All Actions,CDMX,cdmx,SISEPUEDE,0.0087845435024418,
6002,71071,2 - IPPU:CHF2CF3,2 - IPPU,2 - IPPU,0.0079626423986396,2036,CHF2CF3,0,0,All Actions,CDMX,cdmx,SISEPUEDE,0.0079626423986396,
6002,71071,2 - IPPU:CHF2CF3,2 - IPPU,2 - IPPU,0.007115998845502,2037,CHF2CF3,0,0,All Actions,CDMX,cdmx,SISEPUEDE,0.007115998845502,
6002,71071,2 - IPPU:CHF2CF3,2 - IPPU,2 - IPPU,0.0062419346243542,2038,CHF2CF3,0,0,All Actions,CDMX,cdmx,SISEPUEDE,0.0062419346243542,
6002,71071,2 - IPPU:CHF2CF3,2 - IPPU,2 - IPPU,0.0053371336096914,2039,CHF2CF3,0,0,All Actions,CDMX,cdmx,SISEPUEDE,0.0053371336096914,
6002,71071,2 - IPPU:CHF2CF3,2 - IPPU,2 - IPPU,0.0043980938938678,2040,CHF2CF3,0,0,All Actions,CDMX,cdmx,SISEPUEDE,0.0043980938938678,
6002,71071,2 - IPPU:CHF2CF3,2 - IPPU,2 - IPPU,0.003420243650126,2041,CHF2CF3,0,0,All Actions,CDMX,cdmx,SISEPUEDE,0.003420243650126,
6002,71071,2 - IPPU:CHF2CF3,2 - IPPU,2 - IPPU,0.0024028655491474,2042,CHF2CF3,0,0,All Actions,CDMX,cdmx,SISEPUEDE,0.0024028655491474,
6002,71071,2 - IPPU:CHF2CF3,2 - IPPU,2 - IPPU,0.0024465199704338,2043,CHF2CF3,0,0,All Actions,CDMX,cdmx,SISEPUEDE,0.0024465199704338,
6002,71071,2 - IPPU:CHF2CF3,2 - IPPU,2 - IPPU,0.0024898056322126,2044,CHF2CF3,0,0,All Actions,CDMX,cdmx,SISEPUEDE,0.0024898056322126,
6002,71071,2 - IPPU:CHF2CF3,2 - IPPU,2 - IPPU,0.0025327779810642,2045,CHF2CF3,0,0,All Actions,CDMX,cdmx,SISEPUEDE,0.0025327779810642,
6002,71071,2 - IPPU:CHF2CF3,2 - IPPU,2 - IPPU,0.0025751758373008,2046,CHF2CF3,0,0,All Actions,CDMX,cdmx,SISEPUEDE,0.0025751758373008,
6002,71071,2 - IPPU:CHF2CF3,2 - IPPU,2 - IPPU,0.0026169259892752,2047,CHF2CF3,0,0,All Actions,CDMX,cdmx,SISEPUEDE,0.0026169259892752,
6002,71071,2 - IPPU:CHF2CF3,2 - IPPU,2 - IPPU,0.0026582744043082,2048,CHF2CF3,0,0,All Actions,CDMX,cdmx,SISEPUEDE,0.0026582744043082,
6002,71071,2 - IPPU:CHF2CF3,2 - IPPU,2 - IPPU,0.0026995478565346,2049,CHF2CF3,0,0,All Actions,CDMX,cdmx,SISEPUEDE,0.0026995478565346,
6002,71071,2 - IPPU:CHF2CF3,2 - IPPU,2 - IPPU,0.002740903045328,2050,CHF2CF3,0,0,All Actions,CDMX,cdmx,SISEPUEDE,0.002740903045328,
6002,71071,2 - IPPU:CHF2CF3,2 - IPPU,2 - IPPU,0.002782039773722,2051,CHF2CF3,0,0,All Actions,CDMX,cdmx,SISEPUEDE,0.002782039773722,
6002,71071,2 - IPPU:CHF2CF3,2 - IPPU,2 - IPPU,0.0028226750899332,2052,CHF2CF3,0,0,All Actions,CDMX,cdmx,SISEPUEDE,0.0028226750899332,
6002,71071,2 - IPPU:CHF2CF3,2 - IPPU,2 - IPPU,0.0028622457088858,2053,CHF2CF3,0,0,All Actions,CDMX,cdmx,SISEPUEDE,0.0028622457088858,
6002,71071,2 - IPPU:CHF2CF3,2 - IPPU,2 - IPPU,0.0029007354941234,2054,CHF2CF3,0,0,All Actions,CDMX,cdmx,SISEPUEDE,0.0029007354941234,
6002,71071,2 - IPPU:CHF2CF3,2 - IPPU,2 - IPPU,0.0029376379754506,2055,CHF2CF3,0,0,All Actions,CDMX,cdmx,SISEPUEDE,0.0029376379754506,
6002,71071,2 - IPPU:CHF2CF3,2 - IPPU,2 - IPPU,0.0029729974065682,2056,CHF2CF3,0,0,All Actions,CDMX,cdmx,SISEPUEDE,0.0029729974065682,
6002,71071,2 - IPPU:CHF2CF3,2 - IPPU,2 - IPPU,0.003007122592146,2057,CHF2CF3,0,0,All Actions,CDMX,cdmx,SISEPUEDE,0.003007122592146,
6002,71071,2 - IPPU:CHF2CF3,2 - IPPU,2 - IPPU,0.0030400282832326,2058,CHF2CF3,0,0,All Actions,CDMX,cdmx,SISEPUEDE,0.0030400282832326,
6002,71071,2 - IPPU:CHF2CF3,2 - IPPU,2 - IPPU,0.0030719907036724,2059,CHF2CF3,0,0,All Actions,CDMX,cdmx,SISEPUEDE,0.0030719907036724,
6002,71071,2 - IPPU:CHF2CF3,2 - IPPU,2 - IPPU,0.003103280376662,2060,CHF2CF3,0,0,All Actions,CDMX,cdmx,SISEPUEDE,0.003103280376662,
6002,71071,2 - IPPU:CO2,2 - IPPU,2 - IPPU,0.09102845362346045,2022,CO2,0,0,All Actions,CDMX,cdmx,SISEPUEDE,0.09102845362346045,
6002,71071,2 - IPPU:CO2,2 - IPPU,2 - IPPU,0.09103892099314273,2023,CO2,0,0,All Actions,CDMX,cdmx,SISEPUEDE,0.09103892099314273,
6002,71071,2 - IPPU:CO2,2 - IPPU,2 - IPPU,0.0910468418014417,2024,CO2,0,0,All Actions,CDMX,cdmx,SISEPUEDE,0.0910468418014417,
6002,71071,2 - IPPU:CO2,2 - IPPU,2 - IPPU,0.09105176775256046,2025,CO2,0,0,All Actions,CDMX,cdmx,SISEPUEDE,0.09105176775256046,
6002,71071,2 - IPPU:CO2,2 - IPPU,2 - IPPU,0.09105849152274487,2026,CO2,0,0,All Actions,CDMX,cdmx,SISEPUEDE,0.09105849152274487,
6002,71071,2 - IPPU:CO2,2 - IPPU,2 - IPPU,0.09106577398646402,2027,CO2,0,0,All Actions,CDMX,cdmx,SISEPUEDE,0.09106577398646402,
6002,71071,2 - IPPU:CO2,2 - IPPU,2 - IPPU,0.09107322425207359,2028,CO2,0,0,All Actions,CDMX,cdmx,SISEPUEDE,0.09107322425207359,
6002,71071,2 - IPPU:CO2,2 - IPPU,2 - IPPU,0.08903645154959533,2029,CO2,0,0,All Actions,CDMX,cdmx,SISEPUEDE,0.08903645154959533,
6002,71071,2 - IPPU:CO2,2 - IPPU,2 - IPPU,0.0870000746024952,2030,CO2,0,0,All Actions,CDMX,cdmx,SISEPUEDE,0.0870000746024952,
6002,71071,2 - IPPU:CO2,2 - IPPU,2 - IPPU,0.0849640284958552,2031,CO2,0,0,All Actions,CDMX,cdmx,SISEPUEDE,0.0849640284958552,
6002,71071,2 - IPPU:CO2,2 - IPPU,2 - IPPU,0.08292832350596831,2032,CO2,0,0,All Actions,CDMX,cdmx,SISEPUEDE,0.08292832350596831,
6002,71071,2 - IPPU:CO2,2 - IPPU,2 - IPPU,0.08089297073246657,2033,CO2,0,0,All Actions,CDMX,cdmx,SISEPUEDE,0.08089297073246657,
6002,71071,2 - IPPU:CO2,2 - IPPU,2 - IPPU,0.07885798213404299,2034,CO2,0,0,All Actions,CDMX,cdmx,SISEPUEDE,0.07885798213404299,
6002,71071,2 - IPPU:CO2,2 - IPPU,2 - IPPU,0.07682337056835124,2035,CO2,0,0,All Actions,CDMX,cdmx,SISEPUEDE,0.07682337056835124,
6002,71071,2 - IPPU:CO2,2 - IPPU,2 - IPPU,0.07478914983388592,2036,CO2,0,0,All Actions,CDMX,cdmx,SISEPUEDE,0.07478914983388592,
6002,71071,2 - IPPU:CO2,2 - IPPU,2 - IPPU,0.07275533471634822,2037,CO2,0,0,All Actions,CDMX,cdmx,SISEPUEDE,0.07275533471634822,
6002,71071,2 - IPPU:CO2,2 - IPPU,2 - IPPU,0.07072194103776709,2038,CO2,0,0,All Actions,CDMX,cdmx,SISEPUEDE,0.07072194103776709,
6002,71071,2 - IPPU:CO2,2 - IPPU,2 - IPPU,0.06868894576767837,2039,CO2,0,0,All Actions,CDMX,cdmx,SISEPUEDE,0.06868894576767837,
6002,71071,2 - IPPU:CO2,2 - IPPU,2 - IPPU,0.06665628637754867,2040,CO2,0,0,All Actions,CDMX,cdmx,SISEPUEDE,0.06665628637754867,
6002,71071,2 - IPPU:CO2,2 - IPPU,2 - IPPU,0.06462368439268779,2041,CO2,0,0,All Actions,CDMX,cdmx,SISEPUEDE,0.06462368439268779,
6002,71071,2 - IPPU:CO2,2 - IPPU,2 - IPPU,0.06259109000608538,2042,CO2,0,0,All Actions,CDMX,cdmx,SISEPUEDE,0.06259109000608538,
6002,71071,2 - IPPU:CO2,2 - IPPU,2 - IPPU,0.060558409369516855,2043,CO2,0,0,All Actions,CDMX,cdmx,SISEPUEDE,0.060558409369516855,
6002,71071,2 - IPPU:CO2,2 - IPPU,2 - IPPU,0.05852565276743762,2044,CO2,0,0,All Actions,CDMX,cdmx,SISEPUEDE,0.05852565276743762,
6002,71071,2 - IPPU:CO2,2 - IPPU,2 - IPPU,0.05649283078797444,2045,CO2,0,0,All Actions,CDMX,cdmx,SISEPUEDE,0.05649283078797444,
6002,71071,2 - IPPU:CO2,2 - IPPU,2 - IPPU,0.05445989437350181,2046,CO2,0,0,All Actions,CDMX,cdmx,SISEPUEDE,0.05445989437350181,
6002,71071,2 - IPPU:CO2,2 - IPPU,2 - IPPU,0.05242682993973413,2047,CO2,0,0,All Actions,CDMX,cdmx,SISEPUEDE,0.05242682993973413,
6002,71071,2 - IPPU:CO2,2 - IPPU,2 - IPPU,0.05039368412054597,2048,CO2,0,0,All Actions,CDMX,cdmx,SISEPUEDE,0.05039368412054597,
6002,71071,2 - IPPU:CO2,2 - IPPU,2 - IPPU,0.048360518643324496,2049,CO2,0,0,All Actions,CDMX,cdmx,SISEPUEDE,0.048360518643324496,
6002,71071,2 - IPPU:CO2,2 - IPPU,2 - IPPU,0.04632736301878046,2050,CO2,0,0,All Actions,CDMX,cdmx,SISEPUEDE,0.04632736301878046,
6002,71071,2 - IPPU:CO2,2 - IPPU,2 - IPPU,0.04429416060545593,2051,CO2,0,0,All Actions,CDMX,cdmx,SISEPUEDE,0.04429416060545593,
6002,71071,2 - IPPU:CO2,2 - IPPU,2 - IPPU,0.04226085799248811,2052,CO2,0,0,All Actions,CDMX,cdmx,SISEPUEDE,0.04226085799248811,
6002,71071,2 - IPPU:CO2,2 - IPPU,2 - IPPU,0.04022734898141613,2053,CO2,0,0,All Actions,CDMX,cdmx,SISEPUEDE,0.04022734898141613,
6002,71071,2 - IPPU:CO2,2 - IPPU,2 - IPPU,0.0381936304092008,2054,CO2,0,0,All Actions,CDMX,cdmx,SISEPUEDE,0.0381936304092008,
6002,71071,2 - IPPU:CO2,2 - IPPU,2 - IPPU,0.03615960696081471,2055,CO2,0,0,All Actions,CDMX,cdmx,SISEPUEDE,0.03615960696081471,
6002,71071,2 - IPPU:CO2,2 - IPPU,2 - IPPU,0.03412528702924418,2056,CO2,0,0,All Actions,CDMX,cdmx,SISEPUEDE,0.03412528702924418,
6002,71071,2 - IPPU:CO2,2 - IPPU,2 - IPPU,0.032090728791074274,2057,CO2,0,0,All Actions,CDMX,cdmx,SISEPUEDE,0.032090728791074274,
6002,71071,2 - IPPU:CO2,2 - IPPU,2 - IPPU,0.030055935212212313,2058,CO2,0,0,All Actions,CDMX,cdmx,SISEPUEDE,0.030055935212212313,
6002,71071,2 - IPPU:CO2,2 - IPPU,2 - IPPU,0.02802095849012076,2059,CO2,0,0,All Actions,CDMX,cdmx,SISEPUEDE,0.02802095849012076,
6002,71071,2 - IPPU:CO2,2 - IPPU,2 - IPPU,0.0259858496130761,2060,CO2,0,0,All Actions,CDMX,cdmx,SISEPUEDE,0.0259858496130761,
6002,71071,2 - IPPU:HFCS,2 - IPPU,2 - IPPU,0.030081865673313998,2022,HFCS,0,0,All Actions,CDMX,cdmx,SISEPUEDE,0.030081865673313998,
6002,71071,2 - IPPU:HFCS,2 - IPPU,2 - IPPU,0.0296659219550377,2023,HFCS,0,0,All Actions,CDMX,cdmx,SISEPUEDE,0.0296659219550377,
6002,71071,2 - IPPU:HFCS,2 - IPPU,2 - IPPU,0.0289445725415827,2024,HFCS,0,0,All Actions,CDMX,cdmx,SISEPUEDE,0.0289445725415827,
6002,71071,2 - IPPU:HFCS,2 - IPPU,2 - IPPU,0.0279135289523139,2025,HFCS,0,0,All Actions,CDMX,cdmx,SISEPUEDE,0.0279135289523139,
6002,71071,2 - IPPU:HFCS,2 - IPPU,2 - IPPU,0.0269793382631692,2026,HFCS,0,0,All Actions,CDMX,cdmx,SISEPUEDE,0.0269793382631692,
6002,71071,2 - IPPU:HFCS,2 - IPPU,2 - IPPU,0.0260291616664476,2027,HFCS,0,0,All Actions,CDMX,cdmx,SISEPUEDE,0.0260291616664476,
6002,71071,2 - IPPU:HFCS,2 - IPPU,2 - IPPU,0.025029118444858597,2028,HFCS,0,0,All Actions,CDMX,cdmx,SISEPUEDE,0.025029118444858597,
6002,71071,2 - IPPU:HFCS,2 - IPPU,2 - IPPU,0.023751347277317203,2029,HFCS,0,0,All Actions,CDMX,cdmx,SISEPUEDE,0.023751347277317203,
6002,71071,2 - IPPU:HFCS,2 - IPPU,2 - IPPU,0.0224627105710056,2030,HFCS,0,0,All Actions,CDMX,cdmx,SISEPUEDE,0.0224627105710056,
6002,71071,2 - IPPU:HFCS,2 - IPPU,2 - IPPU,0.0211545317188339,2031,HFCS,0,0,All Actions,CDMX,cdmx,SISEPUEDE,0.0211545317188339,
6002,71071,2 - IPPU:HFCS,2 - IPPU,2 - IPPU,0.019823114423845302,2032,HFCS,0,0,All Actions,CDMX,cdmx,SISEPUEDE,0.019823114423845302,
6002,71071,2 - IPPU:HFCS,2 - IPPU,2 - IPPU,0.018464626657189502,2033,HFCS,0,0,All Actions,CDMX,cdmx,SISEPUEDE,0.018464626657189502,
6002,71071,2 - IPPU:HFCS,2 - IPPU,2 - IPPU,0.0170750866792151,2034,HFCS,0,0,All Actions,CDMX,cdmx,SISEPUEDE,0.0170750866792151,
6002,71071,2 - IPPU:HFCS,2 - IPPU,2 - IPPU,0.0156503446436062,2035,HFCS,0,0,All Actions,CDMX,cdmx,SISEPUEDE,0.0156503446436062,
6002,71071,2 - IPPU:HFCS,2 - IPPU,2 - IPPU,0.0141860641680314,2036,HFCS,0,0,All Actions,CDMX,cdmx,SISEPUEDE,0.0141860641680314,
6002,71071,2 - IPPU:HFCS,2 - IPPU,2 - IPPU,0.012677703102575,2037,HFCS,0,0,All Actions,CDMX,cdmx,SISEPUEDE,0.012677703102575,
6002,71071,2 - IPPU:HFCS,2 - IPPU,2 - IPPU,0.0111204899932306,2038,HFCS,0,0,All Actions,CDMX,cdmx,SISEPUEDE,0.0111204899932306,
6002,71071,2 - IPPU:HFCS,2 - IPPU,2 - IPPU,0.009508516905565801,2039,HFCS,0,0,All Actions,CDMX,cdmx,SISEPUEDE,0.009508516905565801,
6002,71071,2 - IPPU:HFCS,2 - IPPU,2 - IPPU,0.0078355449198741,2040,HFCS,0,0,All Actions,CDMX,cdmx,SISEPUEDE,0.0078355449198741,
6002,71071,2 - IPPU:HFCS,2 - IPPU,2 - IPPU,0.0060934289726836,2041,HFCS,0,0,All Actions,CDMX,cdmx,SISEPUEDE,0.0060934289726836,
6002,71071,2 - IPPU:HFCS,2 - IPPU,2 - IPPU,0.004280891086253,2042,HFCS,0,0,All Actions,CDMX,cdmx,SISEPUEDE,0.004280891086253,
6002,71071,2 - IPPU:HFCS,2 - IPPU,2 - IPPU,0.0043586648189643,2043,HFCS,0,0,All Actions,CDMX,cdmx,SISEPUEDE,0.0043586648189643,
6002,71071,2 - IPPU:HFCS,2 - IPPU,2 - IPPU,0.0044357815780511,2044,HFCS,0,0,All Actions,CDMX,cdmx,SISEPUEDE,0.0044357815780511,
6002,71071,2 - IPPU:HFCS,2 - IPPU,2 - IPPU,0.0045123401458907,2045,HFCS,0,0,All Actions,CDMX,cdmx,SISEPUEDE,0.0045123401458907,
6002,71071,2 - IPPU:HFCS,2 - IPPU,2 - IPPU,0.0045878752106405995,2046,HFCS,0,0,All Actions,CDMX,cdmx,SISEPUEDE,0.0045878752106405995,
6002,71071,2 - IPPU:HFCS,2 - IPPU,2 - IPPU,0.0046622563400800995,2047,HFCS,0,0,All Actions,CDMX,cdmx,SISEPUEDE,0.0046622563400800995,
6002,71071,2 - IPPU:HFCS,2 - IPPU,2 - IPPU,0.0047359217440425,2048,HFCS,0,0,All Actions,CDMX,cdmx,SISEPUEDE,0.0047359217440425,
6002,71071,2 - IPPU:HFCS,2 - IPPU,2 - IPPU,0.0048094535959588,2049,HFCS,0,0,All Actions,CDMX,cdmx,SISEPUEDE,0.0048094535959588,
6002,71071,2 - IPPU:HFCS,2 - IPPU,2 - IPPU,0.0048831310679001,2050,HFCS,0,0,All Actions,CDMX,cdmx,SISEPUEDE,0.0048831310679001,
6002,71071,2 - IPPU:HFCS,2 - IPPU,2 - IPPU,0.0049564193357194,2051,HFCS,0,0,All Actions,CDMX,cdmx,SISEPUEDE,0.0049564193357194,
6002,71071,2 - IPPU:HFCS,2 - IPPU,2 - IPPU,0.0050288142988986,2052,HFCS,0,0,All Actions,CDMX,cdmx,SISEPUEDE,0.0050288142988986,
6002,71071,2 - IPPU:HFCS,2 - IPPU,2 - IPPU,0.0050993124214473995,2053,HFCS,0,0,All Actions,CDMX,cdmx,SISEPUEDE,0.0050993124214473995,
6002,71071,2 - IPPU:HFCS,2 - IPPU,2 - IPPU,0.0051678849550183,2054,HFCS,0,0,All Actions,CDMX,cdmx,SISEPUEDE,0.0051678849550183,
6002,71071,2 - IPPU:HFCS,2 - IPPU,2 - IPPU,0.0052336295837306,2055,HFCS,0,0,All Actions,CDMX,cdmx,SISEPUEDE,0.0052336295837306,
6002,71071,2 - IPPU:HFCS,2 - IPPU,2 - IPPU,0.0052966251489799995,2056,HFCS,0,0,All Actions,CDMX,cdmx,SISEPUEDE,0.0052966251489799995,
6002,71071,2 - IPPU:HFCS,2 - IPPU,2 - IPPU,0.0053574218102031,2057,HFCS,0,0,All Actions,CDMX,cdmx,SISEPUEDE,0.0053574218102031,
6002,71071,2 - IPPU:HFCS,2 - IPPU,2 - IPPU,0.0054160458475363,2058,HFCS,0,0,All Actions,CDMX,cdmx,SISEPUEDE,0.0054160458475363,
6002,71071,2 - IPPU:HFCS,2 - IPPU,2 - IPPU,0.0054729893751525,2059,HFCS,0,0,All Actions,CDMX,cdmx,SISEPUEDE,0.0054729893751525,
6002,71071,2 - IPPU:HFCS,2 - IPPU,2 - IPPU,0.0055287343510793,2060,HFCS,0,0,All Actions,CDMX,cdmx,SISEPUEDE,0.0055287343510793,
6002,71071,2 - IPPU:N2O,2 - IPPU,2 - IPPU,0.1057562414999999,2022,N2O,0,0,All Actions,CDMX,cdmx,SISEPUEDE,0.1057562414999999,
6002,71071,2 - IPPU:N2O,2 - IPPU,2 - IPPU,0.1065854789606664,2023,N2O,0,0,All Actions,CDMX,cdmx,SISEPUEDE,0.1065854789606664,
6002,71071,2 - IPPU:N2O,2 - IPPU,2 - IPPU,0.106461523812735,2024,N2O,0,0,All Actions,CDMX,cdmx,SISEPUEDE,0.106461523812735,
6002,71071,2 - IPPU:N2O,2 - IPPU,2 - IPPU,0.1053075455826892,2025,N2O,0,0,All Actions,CDMX,cdmx,SISEPUEDE,0.1053075455826892,
6002,71071,2 - IPPU:N2O,2 - IPPU,2 - IPPU,0.1046083989356147,2026,N2O,0,0,All Actions,CDMX,cdmx,SISEPUEDE,0.1046083989356147,
6002,71071,2 - IPPU:N2O,2 - IPPU,2 - IPPU,0.1039660303780184,2027,N2O,0,0,All Actions,CDMX,cdmx,SISEPUEDE,0.1039660303780184,
6002,71071,2 - IPPU:N2O,2 - IPPU,2 - IPPU,0.1032580868900921,2028,N2O,0,0,All Actions,CDMX,cdmx,SISEPUEDE,0.1032580868900921,
6002,71071,2 - IPPU:N2O,2 - IPPU,2 - IPPU,0.1024768000958375,2029,N2O,0,0,All Actions,CDMX,cdmx,SISEPUEDE,0.1024768000958375,
6002,71071,2 - IPPU:N2O,2 - IPPU,2 - IPPU,0.1017230756025694,2030,N2O,0,0,All Actions,CDMX,cdmx,SISEPUEDE,0.1017230756025694,
6002,71071,2 - IPPU:N2O,2 - IPPU,2 - IPPU,0.1009711260622657,2031,N2O,0,0,All Actions,CDMX,cdmx,SISEPUEDE,0.1009711260622657,
6002,71071,2 - IPPU:N2O,2 - IPPU,2 - IPPU,0.1002156938055,2032,N2O,0,0,All Actions,CDMX,cdmx,SISEPUEDE,0.1002156938055,
6002,71071,2 - IPPU:N2O,2 - IPPU,2 - IPPU,0.099451189470755,2033,N2O,0,0,All Actions,CDMX,cdmx,SISEPUEDE,0.099451189470755,
6002,71071,2 - IPPU:N2O,2 - IPPU,2 - IPPU,0.0986716506639978,2034,N2O,0,0,All Actions,CDMX,cdmx,SISEPUEDE,0.0986716506639978,
6002,71071,2 - IPPU:N2O,2 - IPPU,2 - IPPU,0.0978706973670382,2035,N2O,0,0,All Actions,CDMX,cdmx,SISEPUEDE,0.0978706973670382,
6002,71071,2 - IPPU:N2O,2 - IPPU,2 - IPPU,0.0970414831008828,2036,N2O,0,0,All Actions,CDMX,cdmx,SISEPUEDE,0.0970414831008828,
6002,71071,2 - IPPU:N2O,2 - IPPU,2 - IPPU,0.0961766419994763,2037,N2O,0,0,All Actions,CDMX,cdmx,SISEPUEDE,0.0961766419994763,
6002,71071,2 - IPPU:N2O,2 - IPPU,2 - IPPU,0.095268230841851,2038,N2O,0,0,All Actions,CDMX,cdmx,SISEPUEDE,0.095268230841851,
6002,71071,2 - IPPU:N2O,2 - IPPU,2 - IPPU,0.0942989866527919,2039,N2O,0,0,All Actions,CDMX,cdmx,SISEPUEDE,0.0942989866527919,
6002,71071,2 - IPPU:N2O,2 - IPPU,2 - IPPU,0.0932433896031915,2040,N2O,0,0,All Actions,CDMX,cdmx,SISEPUEDE,0.0932433896031915,
6002,71071,2 - IPPU:N2O,2 - IPPU,2 - IPPU,0.0920329054670024,2041,N2O,0,0,All Actions,CDMX,cdmx,SISEPUEDE,0.0920329054670024,
6002,71071,2 - IPPU:N2O,2 - IPPU,2 - IPPU,0.0906511440571578,2042,N2O,0,0,All Actions,CDMX,cdmx,SISEPUEDE,0.0906511440571578,
6002,71071,2 - IPPU:N2O,2 - IPPU,2 - IPPU,0.0890743877064189,2043,N2O,0,0,All Actions,CDMX,cdmx,SISEPUEDE,0.0890743877064189,
6002,71071,2 - IPPU:N2O,2 - IPPU,2 - IPPU,0.0873004270244565,2044,N2O,0,0,All Actions,CDMX,cdmx,SISEPUEDE,0.0873004270244565,
6002,71071,2 - IPPU:N2O,2 - IPPU,2 - IPPU,0.0853266295905229,2045,N2O,0,0,All Actions,CDMX,cdmx,SISEPUEDE,0.0853266295905229,
6002,71071,2 - IPPU:N2O,2 - IPPU,2 - IPPU,0.0831397476821873,2046,N2O,0,0,All Actions,CDMX,cdmx,SISEPUEDE,0.0831397476821873,
6002,71071,2 - IPPU:N2O,2 - IPPU,2 - IPPU,0.0807335175039335,2047,N2O,0,0,All Actions,CDMX,cdmx,SISEPUEDE,0.0807335175039335,
6002,71071,2 - IPPU:N2O,2 - IPPU,2 - IPPU,0.0781111927728189,2048,N2O,0,0,All Actions,CDMX,cdmx,SISEPUEDE,0.0781111927728189,
6002,71071,2 - IPPU:N2O,2 - IPPU,2 - IPPU,0.0752765949551285,2049,N2O,0,0,All Actions,CDMX,cdmx,SISEPUEDE,0.0752765949551285,
6002,71071,2 - IPPU:N2O,2 - IPPU,2 - IPPU,0.0722268622719663,2050,N2O,0,0,All Actions,CDMX,cdmx,SISEPUEDE,0.0722268622719663,
6002,71071,2 - IPPU:N2O,2 - IPPU,2 - IPPU,0.0689466120314861,2051,N2O,0,0,All Actions,CDMX,cdmx,SISEPUEDE,0.0689466120314861,
6002,71071,2 - IPPU:N2O,2 - IPPU,2 - IPPU,0.0654223697364078,2052,N2O,0,0,All Actions,CDMX,cdmx,SISEPUEDE,0.0654223697364078,
6002,71071,2 - IPPU:N2O,2 - IPPU,2 - IPPU,0.0616361785438322,2053,N2O,0,0,All Actions,CDMX,cdmx,SISEPUEDE,0.0616361785438322,
6002,71071,2 - IPPU:N2O,2 - IPPU,2 - IPPU,0.0575842926031579,2054,N2O,0,0,All Actions,CDMX,cdmx,SISEPUEDE,0.0575842926031579,
6002,71071,2 - IPPU:N2O,2 - IPPU,2 - IPPU,0.053254116877301,2055,N2O,0,0,All Actions,CDMX,cdmx,SISEPUEDE,0.053254116877301,
6002,71071,2 - IPPU:N2O,2 - IPPU,2 - IPPU,0.0486453441058034,2056,N2O,0,0,All Actions,CDMX,cdmx,SISEPUEDE,0.0486453441058034,
6002,71071,2 - IPPU:N2O,2 - IPPU,2 - IPPU,0.0437611104017407,2057,N2O,0,0,All Actions,CDMX,cdmx,SISEPUEDE,0.0437611104017407,
6002,71071,2 - IPPU:N2O,2 - IPPU,2 - IPPU,0.0385985207979663,2058,N2O,0,0,All Actions,CDMX,cdmx,SISEPUEDE,0.0385985207979663,
6002,71071,2 - IPPU:N2O,2 - IPPU,2 - IPPU,0.033157198456631,2059,N2O,0,0,All Actions,CDMX,cdmx,SISEPUEDE,0.033157198456631,
6002,71071,2 - IPPU:N2O,2 - IPPU,2 - IPPU,0.0274343853379049,2060,N2O,0,0,All Actions,CDMX,cdmx,SISEPUEDE,0.0274343853379049,
6002,71071,2 - IPPU:SF6,2 - IPPU,2 - IPPU,0.0026059476818969,2022,SF6,0,0,All Actions,CDMX,cdmx,SISEPUEDE,0.0026059476818969,
6002,71071,2 - IPPU:SF6,2 - IPPU,2 - IPPU,0.0026900937322427,2023,SF6,0,0,All Actions,CDMX,cdmx,SISEPUEDE,0.0026900937322427,
6002,71071,2 - IPPU:SF6,2 - IPPU,2 - IPPU,0.0027537682516427,2024,SF6,0,0,All Actions,CDMX,cdmx,SISEPUEDE,0.0027537682516427,
6002,71071,2 - IPPU:SF6,2 - IPPU,2 - IPPU,0.0027933674387754,2025,SF6,0,0,All Actions,CDMX,cdmx,SISEPUEDE,0.0027933674387754,
6002,71071,2 - IPPU:SF6,2 - IPPU,2 - IPPU,0.002847419098516,2026,SF6,0,0,All Actions,CDMX,cdmx,SISEPUEDE,0.002847419098516,
6002,71071,2 - IPPU:SF6,2 - IPPU,2 - IPPU,0.002905962035027,2027,SF6,0,0,All Actions,CDMX,cdmx,SISEPUEDE,0.002905962035027,
6002,71071,2 - IPPU:SF6,2 - IPPU,2 - IPPU,0.0029658539127473,2028,SF6,0,0,All Actions,CDMX,cdmx,SISEPUEDE,0.0029658539127473,
6002,71071,2 - IPPU:SF6,2 - IPPU,2 - IPPU,0.0030269801618835,2029,SF6,0,0,All Actions,CDMX,cdmx,SISEPUEDE,0.0030269801618835,
6002,71071,2 - IPPU:SF6,2 - IPPU,2 - IPPU,0.0030925166548521,2030,SF6,0,0,All Actions,CDMX,cdmx,SISEPUEDE,0.0030925166548521,
6002,71071,2 - IPPU:SF6,2 - IPPU,2 - IPPU,0.003162054073705,2031,SF6,0,0,All Actions,CDMX,cdmx,SISEPUEDE,0.003162054073705,
6002,71071,2 - IPPU:SF6,2 - IPPU,2 - IPPU,0.00323579515719,2032,SF6,0,0,All Actions,CDMX,cdmx,SISEPUEDE,0.00323579515719,
6002,71071,2 - IPPU:SF6,2 - IPPU,2 - IPPU,0.0033139575649086,2033,SF6,0,0,All Actions,CDMX,cdmx,SISEPUEDE,0.0033139575649086,
6002,71071,2 - IPPU:SF6,2 - IPPU,2 - IPPU,0.0033967749226935,2034,SF6,0,0,All Actions,CDMX,cdmx,SISEPUEDE,0.0033967749226935,
6002,71071,2 - IPPU:SF6,2 - IPPU,2 - IPPU,0.0034844979668738,2035,SF6,0,0,All Actions,CDMX,cdmx,SISEPUEDE,0.0034844979668738,
6002,71071,2 - IPPU:SF6,2 - IPPU,2 - IPPU,0.0035773957753187,2036,SF6,0,0,All Actions,CDMX,cdmx,SISEPUEDE,0.0035773957753187,
6002,71071,2 - IPPU:SF6,2 - IPPU,2 - IPPU,0.0036757571135129,2037,SF6,0,0,All Actions,CDMX,cdmx,SISEPUEDE,0.0036757571135129,
6002,71071,2 - IPPU:SF6,2 - IPPU,2 - IPPU,0.0037798918886008,2038,SF6,0,0,All Actions,CDMX,cdmx,SISEPUEDE,0.0037798918886008,
6002,71071,2 - IPPU:SF6,2 - IPPU,2 - IPPU,0.003889774721913,2039,SF6,0,0,All Actions,CDMX,cdmx,SISEPUEDE,0.003889774721913,
6002,71071,2 - IPPU:SF6,2 - IPPU,2 - IPPU,0.0040050213926452,2040,SF6,0,0,All Actions,CDMX,cdmx,SISEPUEDE,0.0040050213926452,
6002,71071,2 - IPPU:SF6,2 - IPPU,2 - IPPU,0.0041232543692121,2041,SF6,0,0,All Actions,CDMX,cdmx,SISEPUEDE,0.0041232543692121,
6002,71071,2 - IPPU:SF6,2 - IPPU,2 - IPPU,0.0042441094463669,2042,SF6,0,0,All Actions,CDMX,cdmx,SISEPUEDE,0.0042441094463669,
6002,71071,2 - IPPU:SF6,2 - IPPU,2 - IPPU,0.0043667945494918,2043,SF6,0,0,All Actions,CDMX,cdmx,SISEPUEDE,0.0043667945494918,
6002,71071,2 - IPPU:SF6,2 - IPPU,2 - IPPU,0.0044914674963532,2044,SF6,0,0,All Actions,CDMX,cdmx,SISEPUEDE,0.0044914674963532,
6002,71071,2 - IPPU:SF6,2 - IPPU,2 - IPPU,0.0046182960489262,2045,SF6,0,0,All Actions,CDMX,cdmx,SISEPUEDE,0.0046182960489262,
6002,71071,2 - IPPU:SF6,2 - IPPU,2 - IPPU,0.0047468787124436,2046,SF6,0,0,All Actions,CDMX,cdmx,SISEPUEDE,0.0047468787124436,
6002,71071,2 - IPPU:SF6,2 - IPPU,2 - IPPU,0.0048771426434342,2047,SF6,0,0,All Actions,CDMX,cdmx,SISEPUEDE,0.0048771426434342,
6002,71071,2 - IPPU:SF6,2 - IPPU,2 - IPPU,0.005009607436123,2048,SF6,0,0,All Actions,CDMX,cdmx,SISEPUEDE,0.005009607436123,
6002,71071,2 - IPPU:SF6,2 - IPPU,2 - IPPU,0.0051449680246913,2049,SF6,0,0,All Actions,CDMX,cdmx,SISEPUEDE,0.0051449680246913,
6002,71071,2 - IPPU:SF6,2 - IPPU,2 - IPPU,0.0052836258928068,2050,SF6,0,0,All Actions,CDMX,cdmx,SISEPUEDE,0.0052836258928068,
6002,71071,2 - IPPU:SF6,2 - IPPU,2 - IPPU,0.005425118763431,2051,SF6,0,0,All Actions,CDMX,cdmx,SISEPUEDE,0.005425118763431,
6002,71071,2 - IPPU:SF6,2 - IPPU,2 - IPPU,0.0055689955014784,2052,SF6,0,0,All Actions,CDMX,cdmx,SISEPUEDE,0.0055689955014784,
6002,71071,2 - IPPU:SF6,2 - IPPU,2 - IPPU,0.0057142286174491,2053,SF6,0,0,All Actions,CDMX,cdmx,SISEPUEDE,0.0057142286174491,
6002,71071,2 - IPPU:SF6,2 - IPPU,2 - IPPU,0.0058608349322418,2054,SF6,0,0,All Actions,CDMX,cdmx,SISEPUEDE,0.0058608349322418,
6002,71071,2 - IPPU:SF6,2 - IPPU,2 - IPPU,0.0060078402454067,2055,SF6,0,0,All Actions,CDMX,cdmx,SISEPUEDE,0.0060078402454067,
6002,71071,2 - IPPU:SF6,2 - IPPU,2 - IPPU,0.0061553512581492,2056,SF6,0,0,All Actions,CDMX,cdmx,SISEPUEDE,0.0061553512581492,
6002,71071,2 - IPPU:SF6,2 - IPPU,2 - IPPU,0.0063040298047146,2057,SF6,0,0,All Actions,CDMX,cdmx,SISEPUEDE,0.0063040298047146,
6002,71071,2 - IPPU:SF6,2 - IPPU,2 - IPPU,0.0064539547435334,2058,SF6,0,0,All Actions,CDMX,cdmx,SISEPUEDE,0.0064539547435334,
6002,71071,2 - IPPU:SF6,2 - IPPU,2 - IPPU,0.006605767011382,2059,SF6,0,0,All Actions,CDMX,cdmx,SISEPUEDE,0.006605767011382,
6002,71071,2 - IPPU:SF6,2 - IPPU,2 - IPPU,0.0067601279944865,2060,SF6,0,0,All Actions,CDMX,cdmx,SISEPUEDE,0.0067601279944865,
6002,71071,3.A.1 - Enteric Fermentation:CH4,3 - AFOLU,3.A.1 - Enteric Fermentation,0.0192866625070142,2022,CH4,0,0,All Actions,CDMX,cdmx,SISEPUEDE,0.0192866625070142,0.0192866625070142
6002,71071,3.A.1 - Enteric Fermentation:CH4,3 - AFOLU,3.A.1 - Enteric Fermentation,0.019056683328353502,2023,CH4,0,0,All Actions,CDMX,cdmx,SISEPUEDE,0.019056683328353502,0.019056683328353502
6002,71071,3.A.1 - Enteric Fermentation:CH4,3 - AFOLU,3.A.1 - Enteric Fermentation,0.0188370068808923,2024,CH4,0,0,All Actions,CDMX,cdmx,SISEPUEDE,0.0188370068808923,0.0188370068808923
6002,71071,3.A.1 - Enteric Fermentation:CH4,3 - AFOLU,3.A.1 - Enteric Fermentation,0.018631723408558,2025,CH4,0,0,All Actions,CDMX,cdmx,SISEPUEDE,0.018631723408558,0.018631723408558
6002,71071,3.A.1 - Enteric Fermentation:CH4,3 - AFOLU,3.A.1 - Enteric Fermentation,0.01835263541965908,2026,CH4,0,0,All Actions,CDMX,cdmx,SISEPUEDE,0.01835263541965908,0.01835263541965908
6002,71071,3.A.1 - Enteric Fermentation:CH4,3 - AFOLU,3.A.1 - Enteric Fermentation,0.01807315343600109,2027,CH4,0,0,All Actions,CDMX,cdmx,SISEPUEDE,0.01807315343600109,0.01807315343600109
6002,71071,3.A.1 - Enteric Fermentation:CH4,3 - AFOLU,3.A.1 - Enteric Fermentation,0.017792864261104043,2028,CH4,0,0,All Actions,CDMX,cdmx,SISEPUEDE,0.017792864261104043,0.017792864261104043
6002,71071,3.A.1 - Enteric Fermentation:CH4,3 - AFOLU,3.A.1 - Enteric Fermentation,0.017511740056169966,2029,CH4,0,0,All Actions,CDMX,cdmx,SISEPUEDE,0.017511740056169966,0.017511740056169966
6002,71071,3.A.1 - Enteric Fermentation:CH4,3 - AFOLU,3.A.1 - Enteric Fermentation,0.01723057580221343,2030,CH4,0,0,All Actions,CDMX,cdmx,SISEPUEDE,0.01723057580221343,0.01723057580221343
6002,71071,3.A.1 - Enteric Fermentation:CH4,3 - AFOLU,3.A.1 - Enteric Fermentation,0.016951024834420018,2031,CH4,0,0,All Actions,CDMX,cdmx,SISEPUEDE,0.016951024834420018,0.016951024834420018
6002,71071,3.A.1 - Enteric Fermentation:CH4,3 - AFOLU,3.A.1 - Enteric Fermentation,0.016675064866652153,2032,CH4,0,0,All Actions,CDMX,cdmx,SISEPUEDE,0.016675064866652153,0.016675064866652153
6002,71071,3.A.1 - Enteric Fermentation:CH4,3 - AFOLU,3.A.1 - Enteric Fermentation,0.016404570949342664,2033,CH4,0,0,All Actions,CDMX,cdmx,SISEPUEDE,0.016404570949342664,0.016404570949342664
6002,71071,3.A.1 - Enteric Fermentation:CH4,3 - AFOLU,3.A.1 - Enteric Fermentation,0.016141021158885167,2034,CH4,0,0,All Actions,CDMX,cdmx,SISEPUEDE,0.016141021158885167,0.016141021158885167
6002,71071,3.A.1 - Enteric Fermentation:CH4,3 - AFOLU,3.A.1 - Enteric Fermentation,0.015885337162159806,2035,CH4,0,0,All Actions,CDMX,cdmx,SISEPUEDE,0.015885337162159806,0.015885337162159806
6002,71071,3.A.1 - Enteric Fermentation:CH4,3 - AFOLU,3.A.1 - Enteric Fermentation,0.015637818334677322,2036,CH4,0,0,All Actions,CDMX,cdmx,SISEPUEDE,0.015637818334677322,0.015637818334677322
6002,71071,3.A.1 - Enteric Fermentation:CH4,3 - AFOLU,3.A.1 - Enteric Fermentation,0.015398154339485897,2037,CH4,0,0,All Actions,CDMX,cdmx,SISEPUEDE,0.015398154339485897,0.015398154339485897
6002,71071,3.A.1 - Enteric Fermentation:CH4,3 - AFOLU,3.A.1 - Enteric Fermentation,0.015165486689258443,2038,CH4,0,0,All Actions,CDMX,cdmx,SISEPUEDE,0.015165486689258443,0.015165486689258443
6002,71071,3.A.1 - Enteric Fermentation:CH4,3 - AFOLU,3.A.1 - Enteric Fermentation,0.014938502041759442,2039,CH4,0,0,All Actions,CDMX,cdmx,SISEPUEDE,0.014938502041759442,0.014938502041759442
6002,71071,3.A.1 - Enteric Fermentation:CH4,3 - AFOLU,3.A.1 - Enteric Fermentation,0.014715541166144114,2040,CH4,0,0,All Actions,CDMX,cdmx,SISEPUEDE,0.014715541166144114,0.014715541166144114
6002,71071,3.A.1 - Enteric Fermentation:CH4,3 - AFOLU,3.A.1 - Enteric Fermentation,0.014494731359167467,2041,CH4,0,0,All Actions,CDMX,cdmx,SISEPUEDE,0.014494731359167467,0.014494731359167467
6002,71071,3.A.1 - Enteric Fermentation:CH4,3 - AFOLU,3.A.1 - Enteric Fermentation,0.014274120625790773,2042,CH4,0,0,All Actions,CDMX,cdmx,SISEPUEDE,0.014274120625790773,0.014274120625790773
6002,71071,3.A.1 - Enteric Fermentation:CH4,3 - AFOLU,3.A.1 - Enteric Fermentation,0.014051796266300367,2043,CH4,0,0,All Actions,CDMX,cdmx,SISEPUEDE,0.014051796266300367,0.014051796266300367
6002,71071,3.A.1 - Enteric Fermentation:CH4,3 - AFOLU,3.A.1 - Enteric Fermentation,0.013825987054336625,2044,CH4,0,0,All Actions,CDMX,cdmx,SISEPUEDE,0.013825987054336625,0.013825987054336625
6002,71071,3.A.1 - Enteric Fermentation:CH4,3 - AFOLU,3.A.1 - Enteric Fermentation,0.01359515507817778,2045,CH4,0,0,All Actions,CDMX,cdmx,SISEPUEDE,0.01359515507817778,0.01359515507817778
6002,71071,3.A.1 - Enteric Fermentation:CH4,3 - AFOLU,3.A.1 - Enteric Fermentation,0.01335805613576935,2046,CH4,0,0,All Actions,CDMX,cdmx,SISEPUEDE,0.01335805613576935,0.01335805613576935
6002,71071,3.A.1 - Enteric Fermentation:CH4,3 - AFOLU,3.A.1 - Enteric Fermentation,0.013113781326804866,2047,CH4,0,0,All Actions,CDMX,cdmx,SISEPUEDE,0.013113781326804866,0.013113781326804866
6002,71071,3.A.1 - Enteric Fermentation:CH4,3 - AFOLU,3.A.1 - Enteric Fermentation,0.012861770781947708,2048,CH4,0,0,All Actions,CDMX,cdmx,SISEPUEDE,0.012861770781947708,0.012861770781947708
6002,71071,3.A.1 - Enteric Fermentation:CH4,3 - AFOLU,3.A.1 - Enteric Fermentation,0.012601806890878734,2049,CH4,0,0,All Actions,CDMX,cdmx,SISEPUEDE,0.012601806890878734,0.012601806890878734
6002,71071,3.A.1 - Enteric Fermentation:CH4,3 - AFOLU,3.A.1 - Enteric Fermentation,0.01233399185977349,2050,CH4,0,0,All Actions,CDMX,cdmx,SISEPUEDE,0.01233399185977349,0.01233399185977349
6002,71071,3.A.1 - Enteric Fermentation:CH4,3 - AFOLU,3.A.1 - Enteric Fermentation,0.012058716314451602,2051,CH4,0,0,All Actions,CDMX,cdmx,SISEPUEDE,0.012058716314451602,0.012058716314451602
6002,71071,3.A.1 - Enteric Fermentation:CH4,3 - AFOLU,3.A.1 - Enteric Fermentation,0.011776598039982475,2052,CH4,0,0,All Actions,CDMX,cdmx,SISEPUEDE,0.011776598039982475,0.011776598039982475
6002,71071,3.A.1 - Enteric Fermentation:CH4,3 - AFOLU,3.A.1 - Enteric Fermentation,0.011488419495181744,2053,CH4,0,0,All Actions,CDMX,cdmx,SISEPUEDE,0.011488419495181744,0.011488419495181744
6002,71071,3.A.1 - Enteric Fermentation:CH4,3 - AFOLU,3.A.1 - Enteric Fermentation,0.011195066157104437,2054,CH4,0,0,All Actions,CDMX,cdmx,SISEPUEDE,0.011195066157104437,0.011195066157104437
6002,71071,3.A.1 - Enteric Fermentation:CH4,3 - AFOLU,3.A.1 - Enteric Fermentation,0.010897477095142518,2055,CH4,0,0,All Actions,CDMX,cdmx,SISEPUEDE,0.010897477095142518,0.010897477095142518
6002,71071,3.A.1 - Enteric Fermentation:CH4,3 - AFOLU,3.A.1 - Enteric Fermentation,0.01059660025549807,2056,CH4,0,0,All Actions,CDMX,cdmx,SISEPUEDE,0.01059660025549807,0.01059660025549807
6002,71071,3.A.1 - Enteric Fermentation:CH4,3 - AFOLU,3.A.1 - Enteric Fermentation,0.01029334795384307,2057,CH4,0,0,All Actions,CDMX,cdmx,SISEPUEDE,0.01029334795384307,0.01029334795384307
6002,71071,3.A.1 - Enteric Fermentation:CH4,3 - AFOLU,3.A.1 - Enteric Fermentation,0.009988563820592966,2058,CH4,0,0,All Actions,CDMX,cdmx,SISEPUEDE,0.009988563820592966,0.009988563820592966
6002,71071,3.A.1 - Enteric Fermentation:CH4,3 - AFOLU,3.A.1 - Enteric Fermentation,0.009682961305440323,2059,CH4,0,0,All Actions,CDMX,cdmx,SISEPUEDE,0.009682961305440323,0.009682961305440323
6002,71071,3.A.1 - Enteric Fermentation:CH4,3 - AFOLU,3.A.1 - Enteric Fermentation,0.00937706649052842,2060,CH4,0,0,All Actions,CDMX,cdmx,SISEPUEDE,0.00937706649052842,0.00937706649052842
6002,71071,3.A.2 - Manure Management:CH4,3 - AFOLU,3.A.2 - Manure Management,0.0033491551846842253,2022,CH4,0,0,All Actions,CDMX,cdmx,SISEPUEDE,0.0033491551846842253,0.0033491551846842253
6002,71071,3.A.2 - Manure Management:CH4,3 - AFOLU,3.A.2 - Manure Management,0.0033774947360886696,2023,CH4,0,0,All Actions,CDMX,cdmx,SISEPUEDE,0.0033774947360886696,0.0033774947360886696
6002,71071,3.A.2 - Manure Management:CH4,3 - AFOLU,3.A.2 - Manure Management,0.0033959388484318407,2024,CH4,0,0,All Actions,CDMX,cdmx,SISEPUEDE,0.0033959388484318407,0.0033959388484318407
6002,71071,3.A.2 - Manure Management:CH4,3 - AFOLU,3.A.2 - Manure Management,0.0034038326285224557,2025,CH4,0,0,All Actions,CDMX,cdmx,SISEPUEDE,0.0034038326285224557,0.0034038326285224557
6002,71071,3.A.2 - Manure Management:CH4,3 - AFOLU,3.A.2 - Manure Management,0.0033501153691215834,2026,CH4,0,0,All Actions,CDMX,cdmx,SISEPUEDE,0.0033501153691215834,0.0033501153691215834
6002,71071,3.A.2 - Manure Management:CH4,3 - AFOLU,3.A.2 - Manure Management,0.0032957694801802554,2027,CH4,0,0,All Actions,CDMX,cdmx,SISEPUEDE,0.0032957694801802554,0.0032957694801802554
6002,71071,3.A.2 - Manure Management:CH4,3 - AFOLU,3.A.2 - Manure Management,0.0032398679987168015,2028,CH4,0,0,All Actions,CDMX,cdmx,SISEPUEDE,0.0032398679987168015,0.0032398679987168015
6002,71071,3.A.2 - Manure Management:CH4,3 - AFOLU,3.A.2 - Manure Management,0.003181519774052426,2029,CH4,0,0,All Actions,CDMX,cdmx,SISEPUEDE,0.003181519774052426,0.003181519774052426
6002,71071,3.A.2 - Manure Management:CH4,3 - AFOLU,3.A.2 - Manure Management,0.003120207803908861,2030,CH4,0,0,All Actions,CDMX,cdmx,SISEPUEDE,0.003120207803908861,0.003120207803908861
6002,71071,3.A.2 - Manure Management:CH4,3 - AFOLU,3.A.2 - Manure Management,0.003055708176437472,2031,CH4,0,0,All Actions,CDMX,cdmx,SISEPUEDE,0.003055708176437472,0.003055708176437472
6002,71071,3.A.2 - Manure Management:CH4,3 - AFOLU,3.A.2 - Manure Management,0.0029880079604586857,2032,CH4,0,0,All Actions,CDMX,cdmx,SISEPUEDE,0.0029880079604586857,0.0029880079604586857
6002,71071,3.A.2 - Manure Management:CH4,3 - AFOLU,3.A.2 - Manure Management,0.002917232577776861,2033,CH4,0,0,All Actions,CDMX,cdmx,SISEPUEDE,0.002917232577776861,0.002917232577776861
6002,71071,3.A.2 - Manure Management:CH4,3 - AFOLU,3.A.2 - Manure Management,0.0028435876207292777,2034,CH4,0,0,All Actions,CDMX,cdmx,SISEPUEDE,0.0028435876207292777,0.0028435876207292777
6002,71071,3.A.2 - Manure Management:CH4,3 - AFOLU,3.A.2 - Manure Management,0.002767314340711975,2035,CH4,0,0,All Actions,CDMX,cdmx,SISEPUEDE,0.002767314340711975,0.002767314340711975
6002,71071,3.A.2 - Manure Management:CH4,3 - AFOLU,3.A.2 - Manure Management,0.0026886569527980755,2036,CH4,0,0,All Actions,CDMX,cdmx,SISEPUEDE,0.0026886569527980755,0.0026886569527980755
6002,71071,3.A.2 - Manure Management:CH4,3 - AFOLU,3.A.2 - Manure Management,0.0026078420951375085,2037,CH4,0,0,All Actions,CDMX,cdmx,SISEPUEDE,0.0026078420951375085,0.0026078420951375085
6002,71071,3.A.2 - Manure Management:CH4,3 - AFOLU,3.A.2 - Manure Management,0.0025250663082565243,2038,CH4,0,0,All Actions,CDMX,cdmx,SISEPUEDE,0.0025250663082565243,0.0025250663082565243
6002,71071,3.A.2 - Manure Management:CH4,3 - AFOLU,3.A.2 - Manure Management,0.002440492759929717,2039,CH4,0,0,All Actions,CDMX,cdmx,SISEPUEDE,0.002440492759929717,0.002440492759929717
6002,71071,3.A.2 - Manure Management:CH4,3 - AFOLU,3.A.2 - Manure Management,0.0023542527281492495,2040,CH4,0,0,All Actions,CDMX,cdmx,SISEPUEDE,0.0023542527281492495,0.0023542527281492495
6002,71071,3.A.2 - Manure Management:CH4,3 - AFOLU,3.A.2 - Manure Management,0.0022664522793702743,2041,CH4,0,0,All Actions,CDMX,cdmx,SISEPUEDE,0.0022664522793702743,0.0022664522793702743
6002,71071,3.A.2 - Manure Management:CH4,3 - AFOLU,3.A.2 - Manure Management,0.002177180698138889,2042,CH4,0,0,All Actions,CDMX,cdmx,SISEPUEDE,0.002177180698138889,0.002177180698138889
6002,71071,3.A.2 - Manure Management:CH4,3 - AFOLU,3.A.2 - Manure Management,0.0020865180461151042,2043,CH4,0,0,All Actions,CDMX,cdmx,SISEPUEDE,0.0020865180461151042,0.0020865180461151042
6002,71071,3.A.2 - Manure Management:CH4,3 - AFOLU,3.A.2 - Manure Management,0.001994541551268065,2044,CH4,0,0,All Actions,CDMX,cdmx,SISEPUEDE,0.001994541551268065,0.001994541551268065
6002,71071,3.A.2 - Manure Management:CH4,3 - AFOLU,3.A.2 - Manure Management,0.0019013305928324942,2045,CH4,0,0,All Actions,CDMX,cdmx,SISEPUEDE,0.0019013305928324942,0.0019013305928324942
6002,71071,3.A.2 - Manure Management:CH4,3 - AFOLU,3.A.2 - Manure Management,0.0018069695550899858,2046,CH4,0,0,All Actions,CDMX,cdmx,SISEPUEDE,0.0018069695550899858,0.0018069695550899858
6002,71071,3.A.2 - Manure Management:CH4,3 - AFOLU,3.A.2 - Manure Management,0.0017115493165422322,2047,CH4,0,0,All Actions,CDMX,cdmx,SISEPUEDE,0.0017115493165422322,0.0017115493165422322
6002,71071,3.A.2 - Manure Management:CH4,3 - AFOLU,3.A.2 - Manure Management,0.001615167719689418,2048,CH4,0,0,All Actions,CDMX,cdmx,SISEPUEDE,0.001615167719689418,0.001615167719689418
6002,71071,3.A.2 - Manure Management:CH4,3 - AFOLU,3.A.2 - Manure Management,0.0015179280707897636,2049,CH4,0,0,All Actions,CDMX,cdmx,SISEPUEDE,0.0015179280707897636,0.0015179280707897636
6002,71071,3.A.2 - Manure Management:CH4,3 - AFOLU,3.A.2 - Manure Management,0.0014199373145506102,2050,CH4,0,0,All Actions,CDMX,cdmx,SISEPUEDE,0.0014199373145506102,0.0014199373145506102
6002,71071,3.A.2 - Manure Management:CH4,3 - AFOLU,3.A.2 - Manure Management,0.0013213040881342928,2051,CH4,0,0,All Actions,CDMX,cdmx,SISEPUEDE,0.0013213040881342928,0.0013213040881342928
6002,71071,3.A.2 - Manure Management:CH4,3 - AFOLU,3.A.2 - Manure Management,0.0012221358524801343,2052,CH4,0,0,All Actions,CDMX,cdmx,SISEPUEDE,0.0012221358524801343,0.0012221358524801343
6002,71071,3.A.2 - Manure Management:CH4,3 - AFOLU,3.A.2 - Manure Management,0.001122535690752073,2053,CH4,0,0,All Actions,CDMX,cdmx,SISEPUEDE,0.001122535690752073,0.001122535690752073
6002,71071,3.A.2 - Manure Management:CH4,3 - AFOLU,3.A.2 - Manure Management,0.0010225994625131629,2054,CH4,0,0,All Actions,CDMX,cdmx,SISEPUEDE,0.0010225994625131629,0.0010225994625131629
6002,71071,3.A.2 - Manure Management:CH4,3 - AFOLU,3.A.2 - Manure Management,0.0009224138207883845,2055,CH4,0,0,All Actions,CDMX,cdmx,SISEPUEDE,0.0009224138207883845,0.0009224138207883845
6002,71071,3.A.2 - Manure Management:CH4,3 - AFOLU,3.A.2 - Manure Management,0.0008220543798404392,2056,CH4,0,0,All Actions,CDMX,cdmx,SISEPUEDE,0.0008220543798404392,0.0008220543798404392
6002,71071,3.A.2 - Manure Management:CH4,3 - AFOLU,3.A.2 - Manure Management,0.0007215840538025675,2057,CH4,0,0,All Actions,CDMX,cdmx,SISEPUEDE,0.0007215840538025675,0.0007215840538025675
6002,71071,3.A.2 - Manure Management:CH4,3 - AFOLU,3.A.2 - Manure Management,0.0006210519842568546,2058,CH4,0,0,All Actions,CDMX,cdmx,SISEPUEDE,0.0006210519842568546,0.0006210519842568546
6002,71071,3.A.2 - Manure Management:CH4,3 - AFOLU,3.A.2 - Manure Management,0.0005204924752070832,2059,CH4,0,0,All Actions,CDMX,cdmx,SISEPUEDE,0.0005204924752070832,0.0005204924752070832
6002,71071,3.A.2 - Manure Management:CH4,3 - AFOLU,3.A.2 - Manure Management,0.0004199252855035336,2060,CH4,0,0,All Actions,CDMX,cdmx,SISEPUEDE,0.0004199252855035336,0.0004199252855035336
6002,71071,3.A.2 - Manure Management:N2O,3 - AFOLU,3.A.2 - Manure Management,0.0020667149641465537,2022,N2O,0,0,All Actions,CDMX,cdmx,SISEPUEDE,0.0020667149641465537,
6002,71071,3.A.2 - Manure Management:N2O,3 - AFOLU,3.A.2 - Manure Management,0.0020608237660254404,2023,N2O,0,0,All Actions,CDMX,cdmx,SISEPUEDE,0.0020608237660254404,
6002,71071,3.A.2 - Manure Management:N2O,3 - AFOLU,3.A.2 - Manure Management,0.0020531392566185865,2024,N2O,0,0,All Actions,CDMX,cdmx,SISEPUEDE,0.0020531392566185865,
6002,71071,3.A.2 - Manure Management:N2O,3 - AFOLU,3.A.2 - Manure Management,0.002043566589014167,2025,N2O,0,0,All Actions,CDMX,cdmx,SISEPUEDE,0.002043566589014167,
6002,71071,3.A.2 - Manure Management:N2O,3 - AFOLU,3.A.2 - Manure Management,0.002035274649052302,2026,N2O,0,0,All Actions,CDMX,cdmx,SISEPUEDE,0.002035274649052302,
6002,71071,3.A.2 - Manure Management:N2O,3 - AFOLU,3.A.2 - Manure Management,0.002027099507704343,2027,N2O,0,0,All Actions,CDMX,cdmx,SISEPUEDE,0.002027099507704343,
6002,71071,3.A.2 - Manure Management:N2O,3 - AFOLU,3.A.2 - Manure Management,0.0020190554553002732,2028,N2O,0,0,All Actions,CDMX,cdmx,SISEPUEDE,0.0020190554553002732,
6002,71071,3.A.2 - Manure Management:N2O,3 - AFOLU,3.A.2 - Manure Management,0.0019994577140663612,2029,N2O,0,0,All Actions,CDMX,cdmx,SISEPUEDE,0.0019994577140663612,
6002,71071,3.A.2 - Manure Management:N2O,3 - AFOLU,3.A.2 - Manure Management,0.0019734066525534553,2030,N2O,0,0,All Actions,CDMX,cdmx,SISEPUEDE,0.0019734066525534553,
6002,71071,3.A.2 - Manure Management:N2O,3 - AFOLU,3.A.2 - Manure Management,0.0019485289230387758,2031,N2O,0,0,All Actions,CDMX,cdmx,SISEPUEDE,0.0019485289230387758,
6002,71071,3.A.2 - Manure Management:N2O,3 - AFOLU,3.A.2 - Manure Management,0.0019252948117051043,2032,N2O,0,0,All Actions,CDMX,cdmx,SISEPUEDE,0.0019252948117051043,
6002,71071,3.A.2 - Manure Management:N2O,3 - AFOLU,3.A.2 - Manure Management,0.0019042333815278048,2033,N2O,0,0,All Actions,CDMX,cdmx,SISEPUEDE,0.0019042333815278048,
6002,71071,3.A.2 - Manure Management:N2O,3 - AFOLU,3.A.2 - Manure Management,0.0018849478944935692,2034,N2O,0,0,All Actions,CDMX,cdmx,SISEPUEDE,0.0018849478944935692,
6002,71071,3.A.2 - Manure Management:N2O,3 - AFOLU,3.A.2 - Manure Management,0.001867501424053166,2035,N2O,0,0,All Actions,CDMX,cdmx,SISEPUEDE,0.001867501424053166,
6002,71071,3.A.2 - Manure Management:N2O,3 - AFOLU,3.A.2 - Manure Management,0.0018509623262436441,2036,N2O,0,0,All Actions,CDMX,cdmx,SISEPUEDE,0.0018509623262436441,
6002,71071,3.A.2 - Manure Management:N2O,3 - AFOLU,3.A.2 - Manure Management,0.0018358869243726645,2037,N2O,0,0,All Actions,CDMX,cdmx,SISEPUEDE,0.0018358869243726645,
6002,71071,3.A.2 - Manure Management:N2O,3 - AFOLU,3.A.2 - Manure Management,0.0018214400657138243,2038,N2O,0,0,All Actions,CDMX,cdmx,SISEPUEDE,0.0018214400657138243,
6002,71071,3.A.2 - Manure Management:N2O,3 - AFOLU,3.A.2 - Manure Management,0.0018081237498300384,2039,N2O,0,0,All Actions,CDMX,cdmx,SISEPUEDE,0.0018081237498300384,
6002,71071,3.A.2 - Manure Management:N2O,3 - AFOLU,3.A.2 - Manure Management,0.0017950056680278706,2040,N2O,0,0,All Actions,CDMX,cdmx,SISEPUEDE,0.0017950056680278706,
6002,71071,3.A.2 - Manure Management:N2O,3 - AFOLU,3.A.2 - Manure Management,0.0017820255087134564,2041,N2O,0,0,All Actions,CDMX,cdmx,SISEPUEDE,0.0017820255087134564,
6002,71071,3.A.2 - Manure Management:N2O,3 - AFOLU,3.A.2 - Manure Management,0.0017687693558545725,2042,N2O,0,0,All Actions,CDMX,cdmx,SISEPUEDE,0.0017687693558545725,
6002,71071,3.A.2 - Manure Management:N2O,3 - AFOLU,3.A.2 - Manure Management,0.0017554744886114125,2043,N2O,0,0,All Actions,CDMX,cdmx,SISEPUEDE,0.0017554744886114125,
6002,71071,3.A.2 - Manure Management:N2O,3 - AFOLU,3.A.2 - Manure Management,0.0017414474584309368,2044,N2O,0,0,All Actions,CDMX,cdmx,SISEPUEDE,0.0017414474584309368,
6002,71071,3.A.2 - Manure Management:N2O,3 - AFOLU,3.A.2 - Manure Management,0.0017268624328784978,2045,N2O,0,0,All Actions,CDMX,cdmx,SISEPUEDE,0.0017268624328784978,
6002,71071,3.A.2 - Manure Management:N2O,3 - AFOLU,3.A.2 - Manure Management,0.001711646019999508,2046,N2O,0,0,All Actions,CDMX,cdmx,SISEPUEDE,0.001711646019999508,
6002,71071,3.A.2 - Manure Management:N2O,3 - AFOLU,3.A.2 - Manure Management,0.0016955177866268482,2047,N2O,0,0,All Actions,CDMX,cdmx,SISEPUEDE,0.0016955177866268482,
6002,71071,3.A.2 - Manure Management:N2O,3 - AFOLU,3.A.2 - Manure Management,0.001678783452294059,2048,N2O,0,0,All Actions,CDMX,cdmx,SISEPUEDE,0.001678783452294059,
6002,71071,3.A.2 - Manure Management:N2O,3 - AFOLU,3.A.2 - Manure Management,0.0016613629011419868,2049,N2O,0,0,All Actions,CDMX,cdmx,SISEPUEDE,0.0016613629011419868,
6002,71071,3.A.2 - Manure Management:N2O,3 - AFOLU,3.A.2 - Manure Management,0.0016430526587495034,2050,N2O,0,0,All Actions,CDMX,cdmx,SISEPUEDE,0.0016430526587495034,
6002,71071,3.A.2 - Manure Management:N2O,3 - AFOLU,3.A.2 - Manure Management,0.0016240602265019638,2051,N2O,0,0,All Actions,CDMX,cdmx,SISEPUEDE,0.0016240602265019638,
6002,71071,3.A.2 - Manure Management:N2O,3 - AFOLU,3.A.2 - Manure Management,0.0016045168517581888,2052,N2O,0,0,All Actions,CDMX,cdmx,SISEPUEDE,0.0016045168517581888,
6002,71071,3.A.2 - Manure Management:N2O,3 - AFOLU,3.A.2 - Manure Management,0.0015848116080137329,2053,N2O,0,0,All Actions,CDMX,cdmx,SISEPUEDE,0.0015848116080137329,
6002,71071,3.A.2 - Manure Management:N2O,3 - AFOLU,3.A.2 - Manure Management,0.001564743540425789,2054,N2O,0,0,All Actions,CDMX,cdmx,SISEPUEDE,0.001564743540425789,
6002,71071,3.A.2 - Manure Management:N2O,3 - AFOLU,3.A.2 - Manure Management,0.001544279876187626,2055,N2O,0,0,All Actions,CDMX,cdmx,SISEPUEDE,0.001544279876187626,
6002,71071,3.A.2 - Manure Management:N2O,3 - AFOLU,3.A.2 - Manure Management,0.001523437797981452,2056,N2O,0,0,All Actions,CDMX,cdmx,SISEPUEDE,0.001523437797981452,
6002,71071,3.A.2 - Manure Management:N2O,3 - AFOLU,3.A.2 - Manure Management,0.001501829189491867,2057,N2O,0,0,All Actions,CDMX,cdmx,SISEPUEDE,0.001501829189491867,
6002,71071,3.A.2 - Manure Management:N2O,3 - AFOLU,3.A.2 - Manure Management,0.0014799621820422626,2058,N2O,0,0,All Actions,CDMX,cdmx,SISEPUEDE,0.0014799621820422626,
6002,71071,3.A.2 - Manure Management:N2O,3 - AFOLU,3.A.2 - Manure Management,0.0014580439059559132,2059,N2O,0,0,All Actions,CDMX,cdmx,SISEPUEDE,0.0014580439059559132,
6002,71071,3.A.2 - Manure Management:N2O,3 - AFOLU,3.A.2 - Manure Management,0.0014356431029034355,2060,N2O,0,0,All Actions,CDMX,cdmx,SISEPUEDE,0.0014356431029034355,
6002,71071,3.B - Forest Land:CO2,3 - AFOLU,3.B - Forest Land,-0.1120824503124499,2022,CO2,0,0,All Actions,CDMX,cdmx,SISEPUEDE,-0.1120824503124499,
6002,71071,3.B - Forest Land:CO2,3 - AFOLU,3.B - Forest Land,-0.1119825180977411,2023,CO2,0,0,All Actions,CDMX,cdmx,SISEPUEDE,-0.1119825180977411,
6002,71071,3.B - Forest Land:CO2,3 - AFOLU,3.B - Forest Land,-0.111878331940626,2024,CO2,0,0,All Actions,CDMX,cdmx,SISEPUEDE,-0.111878331940626,
6002,71071,3.B - Forest Land:CO2,3 - AFOLU,3.B - Forest Land,-0.1117700959967222,2025,CO2,0,0,All Actions,CDMX,cdmx,SISEPUEDE,-0.1117700959967222,
6002,71071,3.B - Forest Land:CO2,3 - AFOLU,3.B - Forest Land,-0.1116580073524329,2026,CO2,0,0,All Actions,CDMX,cdmx,SISEPUEDE,-0.1116580073524329,
6002,71071,3.B - Forest Land:CO2,3 - AFOLU,3.B - Forest Land,-0.1115422562417013,2027,CO2,0,0,All Actions,CDMX,cdmx,SISEPUEDE,-0.1115422562417013,
6002,71071,3.B - Forest Land:CO2,3 - AFOLU,3.B - Forest Land,-0.1114230262578865,2028,CO2,0,0,All Actions,CDMX,cdmx,SISEPUEDE,-0.1114230262578865,
6002,71071,3.B - Forest Land:CO2,3 - AFOLU,3.B - Forest Land,-0.1113053765158409,2029,CO2,0,0,All Actions,CDMX,cdmx,SISEPUEDE,-0.1113053765158409,
6002,71071,3.B - Forest Land:CO2,3 - AFOLU,3.B - Forest Land,-0.1119799467224601,2030,CO2,0,0,All Actions,CDMX,cdmx,SISEPUEDE,-0.1119799467224601,
6002,71071,3.B - Forest Land:CO2,3 - AFOLU,3.B - Forest Land,-0.1128520599354643,2031,CO2,0,0,All Actions,CDMX,cdmx,SISEPUEDE,-0.1128520599354643,
6002,71071,3.B - Forest Land:CO2,3 - AFOLU,3.B - Forest Land,-0.1137342467774042,2032,CO2,0,0,All Actions,CDMX,cdmx,SISEPUEDE,-0.1137342467774042,
6002,71071,3.B - Forest Land:CO2,3 - AFOLU,3.B - Forest Land,-0.114625104460069,2033,CO2,0,0,All Actions,CDMX,cdmx,SISEPUEDE,-0.114625104460069,
6002,71071,3.B - Forest Land:CO2,3 - AFOLU,3.B - Forest Land,-0.1155231648820155,2034,CO2,0,0,All Actions,CDMX,cdmx,SISEPUEDE,-0.1155231648820155,
6002,71071,3.B - Forest Land:CO2,3 - AFOLU,3.B - Forest Land,-0.1164274496624236,2035,CO2,0,0,All Actions,CDMX,cdmx,SISEPUEDE,-0.1164274496624236,
6002,71071,3.B - Forest Land:CO2,3 - AFOLU,3.B - Forest Land,-0.1173372385943062,2036,CO2,0,0,All Actions,CDMX,cdmx,SISEPUEDE,-0.1173372385943062,
6002,71071,3.B - Forest Land:CO2,3 - AFOLU,3.B - Forest Land,-0.1182502119045438,2037,CO2,0,0,All Actions,CDMX,cdmx,SISEPUEDE,-0.1182502119045438,
6002,71071,3.B - Forest Land:CO2,3 - AFOLU,3.B - Forest Land,-0.1191654901642591,2038,CO2,0,0,All Actions,CDMX,cdmx,SISEPUEDE,-0.1191654901642591,
6002,71071,3.B - Forest Land:CO2,3 - AFOLU,3.B - Forest Land,-0.1200823202766409,2039,CO2,0,0,All Actions,CDMX,cdmx,SISEPUEDE,-0.1200823202766409,
6002,71071,3.B - Forest Land:CO2,3 - AFOLU,3.B - Forest Land,-0.1210003686313459,2040,CO2,0,0,All Actions,CDMX,cdmx,SISEPUEDE,-0.1210003686313459,
6002,71071,3.B - Forest Land:CO2,3 - AFOLU,3.B - Forest Land,-0.1219199258804772,2041,CO2,0,0,All Actions,CDMX,cdmx,SISEPUEDE,-0.1219199258804772,
6002,71071,3.B - Forest Land:CO2,3 - AFOLU,3.B - Forest Land,-0.1228347815085109,2042,CO2,0,0,All Actions,CDMX,cdmx,SISEPUEDE,-0.1228347815085109,
6002,71071,3.B - Forest Land:CO2,3 - AFOLU,3.B - Forest Land,-0.1237510859633047,2043,CO2,0,0,All Actions,CDMX,cdmx,SISEPUEDE,-0.1237510859633047,
6002,71071,3.B - Forest Land:CO2,3 - AFOLU,3.B - Forest Land,-0.1246689186055694,2044,CO2,0,0,All Actions,CDMX,cdmx,SISEPUEDE,-0.1246689186055694,
6002,71071,3.B - Forest Land:CO2,3 - AFOLU,3.B - Forest Land,-0.1255885053465247,2045,CO2,0,0,All Actions,CDMX,cdmx,SISEPUEDE,-0.1255885053465247,
6002,71071,3.B - Forest Land:CO2,3 - AFOLU,3.B - Forest Land,-0.1265107923188608,2046,CO2,0,0,All Actions,CDMX,cdmx,SISEPUEDE,-0.1265107923188608,
6002,71071,3.B - Forest Land:CO2,3 - AFOLU,3.B - Forest Land,-0.1274348976597372,2047,CO2,0,0,All Actions,CDMX,cdmx,SISEPUEDE,-0.1274348976597372,
6002,71071,3.B - Forest Land:CO2,3 - AFOLU,3.B - Forest Land,-0.1283609210160338,2048,CO2,0,0,All Actions,CDMX,cdmx,SISEPUEDE,-0.1283609210160338,
6002,71071,3.B - Forest Land:CO2,3 - AFOLU,3.B - Forest Land,-0.1292857821367996,2049,CO2,0,0,All Actions,CDMX,cdmx,SISEPUEDE,-0.1292857821367996,
6002,71071,3.B - Forest Land:CO2,3 - AFOLU,3.B - Forest Land,-0.1302051384827415,2050,CO2,0,0,All Actions,CDMX,cdmx,SISEPUEDE,-0.1302051384827415,
6002,71071,3.B - Forest Land:CO2,3 - AFOLU,3.B - Forest Land,-0.1311192742689246,2051,CO2,0,0,All Actions,CDMX,cdmx,SISEPUEDE,-0.1311192742689246,
6002,71071,3.B - Forest Land:CO2,3 - AFOLU,3.B - Forest Land,-0.1320081892019145,2052,CO2,0,0,All Actions,CDMX,cdmx,SISEPUEDE,-0.1320081892019145,
6002,71071,3.B - Forest Land:CO2,3 - AFOLU,3.B - Forest Land,-0.1329022704553193,2053,CO2,0,0,All Actions,CDMX,cdmx,SISEPUEDE,-0.1329022704553193,
6002,71071,3.B - Forest Land:CO2,3 - AFOLU,3.B - Forest Land,-0.1338023871201451,2054,CO2,0,0,All Actions,CDMX,cdmx,SISEPUEDE,-0.1338023871201451,
6002,71071,3.B - Forest Land:CO2,3 - AFOLU,3.B - Forest Land,-0.1347089210051073,2055,CO2,0,0,All Actions,CDMX,cdmx,SISEPUEDE,-0.1347089210051073,
6002,71071,3.B - Forest Land:CO2,3 - AFOLU,3.B - Forest Land,-0.1356227902757604,2056,CO2,0,0,All Actions,CDMX,cdmx,SISEPUEDE,-0.1356227902757604,
6002,71071,3.B - Forest Land:CO2,3 - AFOLU,3.B - Forest Land,-0.1365428931460663,2057,CO2,0,0,All Actions,CDMX,cdmx,SISEPUEDE,-0.1365428931460663,
6002,71071,3.B - Forest Land:CO2,3 - AFOLU,3.B - Forest Land,-0.1374425601138118,2058,CO2,0,0,All Actions,CDMX,cdmx,SISEPUEDE,-0.1374425601138118,
6002,71071,3.B - Forest Land:CO2,3 - AFOLU,3.B - Forest Land,-0.1383503934265971,2059,CO2,0,0,All Actions,CDMX,cdmx,SISEPUEDE,-0.1383503934265971,
6002,71071,3.B - Forest Land:CO2,3 - AFOLU,3.B - Forest Land,-0.1392701812383363,2060,CO2,0,0,All Actions,CDMX,cdmx,SISEPUEDE,-0.1392701812383363,
6002,71071,3.B - Land Use:CO2,3 - AFOLU,3.B - Land Use,0.0207771025181427,2022,CO2,0,0,All Actions,CDMX,cdmx,SISEPUEDE,0.0207771025181427,
6002,71071,3.B - Land Use:CO2,3 - AFOLU,3.B - Land Use,0.020640878699982,2023,CO2,0,0,All Actions,CDMX,cdmx,SISEPUEDE,0.020640878699982,
6002,71071,3.B - Land Use:CO2,3 - AFOLU,3.B - Land Use,0.0205036824116314,2024,CO2,0,0,All Actions,CDMX,cdmx,SISEPUEDE,0.0205036824116314,
6002,71071,3.B - Land Use:CO2,3 - AFOLU,3.B - Land Use,0.0203655703281398,2025,CO2,0,0,All Actions,CDMX,cdmx,SISEPUEDE,0.0203655703281398,
6002,71071,3.B - Land Use:CO2,3 - AFOLU,3.B - Land Use,0.0202265985211539,2026,CO2,0,0,All Actions,CDMX,cdmx,SISEPUEDE,0.0202265985211539,
6002,71071,3.B - Land Use:CO2,3 - AFOLU,3.B - Land Use,0.0200868224454301,2027,CO2,0,0,All Actions,CDMX,cdmx,SISEPUEDE,0.0200868224454301,
6002,71071,3.B - Land Use:CO2,3 - AFOLU,3.B - Land Use,0.019727534050637,2028,CO2,0,0,All Actions,CDMX,cdmx,SISEPUEDE,0.019727534050637,
6002,71071,3.B - Land Use:CO2,3 - AFOLU,3.B - Land Use,0.0013050721152333,2029,CO2,0,0,All Actions,CDMX,cdmx,SISEPUEDE,0.0013050721152333,
6002,71071,3.B - Land Use:CO2,3 - AFOLU,3.B - Land Use,-0.0042519572932329,2030,CO2,0,0,All Actions,CDMX,cdmx,SISEPUEDE,-0.0042519572932329,
6002,71071,3.B - Land Use:CO2,3 - AFOLU,3.B - Land Use,-0.0057459984344158,2031,CO2,0,0,All Actions,CDMX,cdmx,SISEPUEDE,-0.0057459984344158,
6002,71071,3.B - Land Use:CO2,3 - AFOLU,3.B - Land Use,-0.0071519166488235,2032,CO2,0,0,All Actions,CDMX,cdmx,SISEPUEDE,-0.0071519166488235,
6002,71071,3.B - Land Use:CO2,3 - AFOLU,3.B - Land Use,-0.008551761282774,2033,CO2,0,0,All Actions,CDMX,cdmx,SISEPUEDE,-0.008551761282774,
6002,71071,3.B - Land Use:CO2,3 - AFOLU,3.B - Land Use,-0.0099698390798237,2034,CO2,0,0,All Actions,CDMX,cdmx,SISEPUEDE,-0.0099698390798237,
6002,71071,3.B - Land Use:CO2,3 - AFOLU,3.B - Land Use,-0.0114148005839531,2035,CO2,0,0,All Actions,CDMX,cdmx,SISEPUEDE,-0.0114148005839531,
6002,71071,3.B - Land Use:CO2,3 - AFOLU,3.B - Land Use,-0.0126487710690089,2036,CO2,0,0,All Actions,CDMX,cdmx,SISEPUEDE,-0.0126487710690089,
6002,71071,3.B - Land Use:CO2,3 - AFOLU,3.B - Land Use,-0.0138833347186599,2037,CO2,0,0,All Actions,CDMX,cdmx,SISEPUEDE,-0.0138833347186599,
6002,71071,3.B - Land Use:CO2,3 - AFOLU,3.B - Land Use,-0.0151625286379199,2038,CO2,0,0,All Actions,CDMX,cdmx,SISEPUEDE,-0.0151625286379199,
6002,71071,3.B - Land Use:CO2,3 - AFOLU,3.B - Land Use,-0.0164980808389971,2039,CO2,0,0,All Actions,CDMX,cdmx,SISEPUEDE,-0.0164980808389971,
6002,71071,3.B - Land Use:CO2,3 - AFOLU,3.B - Land Use,-0.0179886660023488,2040,CO2,0,0,All Actions,CDMX,cdmx,SISEPUEDE,-0.0179886660023488,
6002,71071,3.B - Land Use:CO2,3 - AFOLU,3.B - Land Use,-0.0193595510172417,2041,CO2,0,0,All Actions,CDMX,cdmx,SISEPUEDE,-0.0193595510172417,
6002,71071,3.B - Land Use:CO2,3 - AFOLU,3.B - Land Use,-0.0209155530127763,2042,CO2,0,0,All Actions,CDMX,cdmx,SISEPUEDE,-0.0209155530127763,
6002,71071,3.B - Land Use:CO2,3 - AFOLU,3.B - Land Use,-0.0225468547982442,2043,CO2,0,0,All Actions,CDMX,cdmx,SISEPUEDE,-0.0225468547982442,
6002,71071,3.B - Land Use:CO2,3 - AFOLU,3.B - Land Use,-0.0242618347930816,2044,CO2,0,0,All Actions,CDMX,cdmx,SISEPUEDE,-0.0242618347930816,
6002,71071,3.B - Land Use:CO2,3 - AFOLU,3.B - Land Use,-0.0260344901400722,2045,CO2,0,0,All Actions,CDMX,cdmx,SISEPUEDE,-0.0260344901400722,
6002,71071,3.B - Land Use:CO2,3 - AFOLU,3.B - Land Use,-0.0278656954163449,2046,CO2,0,0,All Actions,CDMX,cdmx,SISEPUEDE,-0.0278656954163449,
6002,71071,3.B - Land Use:CO2,3 - AFOLU,3.B - Land Use,-0.0297492784260853,2047,CO2,0,0,All Actions,CDMX,cdmx,SISEPUEDE,-0.0297492784260853,
6002,71071,3.B - Land Use:CO2,3 - AFOLU,3.B - Land Use,-0.0315638671770785,2048,CO2,0,0,All Actions,CDMX,cdmx,SISEPUEDE,-0.0315638671770785,
6002,71071,3.B - Land Use:CO2,3 - AFOLU,3.B - Land Use,-0.0332214119898582,2049,CO2,0,0,All Actions,CDMX,cdmx,SISEPUEDE,-0.0332214119898582,
6002,71071,3.B - Land Use:CO2,3 - AFOLU,3.B - Land Use,-0.0349155048391811,2050,CO2,0,0,All Actions,CDMX,cdmx,SISEPUEDE,-0.0349155048391811,
6002,71071,3.B - Land Use:CO2,3 - AFOLU,3.B - Land Use,-0.0392156112675361,2051,CO2,0,0,All Actions,CDMX,cdmx,SISEPUEDE,-0.0392156112675361,
6002,71071,3.B - Land Use:CO2,3 - AFOLU,3.B - Land Use,-0.041279742104494,2052,CO2,0,0,All Actions,CDMX,cdmx,SISEPUEDE,-0.041279742104494,
6002,71071,3.B - Land Use:CO2,3 - AFOLU,3.B - Land Use,-0.0433831642211812,2053,CO2,0,0,All Actions,CDMX,cdmx,SISEPUEDE,-0.0433831642211812,
6002,71071,3.B - Land Use:CO2,3 - AFOLU,3.B - Land Use,-0.0455068280579097,2054,CO2,0,0,All Actions,CDMX,cdmx,SISEPUEDE,-0.0455068280579097,
6002,71071,3.B - Land Use:CO2,3 - AFOLU,3.B - Land Use,-0.0476828535043751,2055,CO2,0,0,All Actions,CDMX,cdmx,SISEPUEDE,-0.0476828535043751,
6002,71071,3.B - Land Use:CO2,3 - AFOLU,3.B - Land Use,-0.0497182906141892,2056,CO2,0,0,All Actions,CDMX,cdmx,SISEPUEDE,-0.0497182906141892,
6002,71071,3.B - Land Use:CO2,3 - AFOLU,3.B - Land Use,-0.0519787647279999,2057,CO2,0,0,All Actions,CDMX,cdmx,SISEPUEDE,-0.0519787647279999,
6002,71071,3.B - Land Use:CO2,3 - AFOLU,3.B - Land Use,-0.0533347134926273,2058,CO2,0,0,All Actions,CDMX,cdmx,SISEPUEDE,-0.0533347134926273,
6002,71071,3.B - Land Use:CO2,3 - AFOLU,3.B - Land Use,-0.055106098341773,2059,CO2,0,0,All Actions,CDMX,cdmx,SISEPUEDE,-0.055106098341773,
6002,71071,3.B - Land Use:CO2,3 - AFOLU,3.B - Land Use,-0.0550283697934471,2060,CO2,0,0,All Actions,CDMX,cdmx,SISEPUEDE,-0.0550283697934471,
6002,71071,3.C - Agriculture (aggregate):CH4,3 - AFOLU,3.C - Agriculture (aggregate),0.0002952343324618,2022,CH4,0,0,All Actions,CDMX,cdmx,SISEPUEDE,0.0002952343324618,
6002,71071,3.C - Agriculture (aggregate):CH4,3 - AFOLU,3.C - Agriculture (aggregate),0.0002988308049163,2023,CH4,0,0,All Actions,CDMX,cdmx,SISEPUEDE,0.0002988308049163,
6002,71071,3.C - Agriculture (aggregate):CH4,3 - AFOLU,3.C - Agriculture (aggregate),0.0002980462016352,2024,CH4,0,0,All Actions,CDMX,cdmx,SISEPUEDE,0.0002980462016352,
6002,71071,3.C - Agriculture (aggregate):CH4,3 - AFOLU,3.C - Agriculture (aggregate),0.0002972633696319,2025,CH4,0,0,All Actions,CDMX,cdmx,SISEPUEDE,0.0002972633696319,
6002,71071,3.C - Agriculture (aggregate):CH4,3 - AFOLU,3.C - Agriculture (aggregate),0.0002964825421036,2026,CH4,0,0,All Actions,CDMX,cdmx,SISEPUEDE,0.0002964825421036,
6002,71071,3.C - Agriculture (aggregate):CH4,3 - AFOLU,3.C - Agriculture (aggregate),0.00029570394017150003,2027,CH4,0,0,All Actions,CDMX,cdmx,SISEPUEDE,0.00029570394017150003,
6002,71071,3.C - Agriculture (aggregate):CH4,3 - AFOLU,3.C - Agriculture (aggregate),0.0002949277733799,2028,CH4,0,0,All Actions,CDMX,cdmx,SISEPUEDE,0.0002949277733799,
6002,71071,3.C - Agriculture (aggregate):CH4,3 - AFOLU,3.C - Agriculture (aggregate),0.0002883729876725,2029,CH4,0,0,All Actions,CDMX,cdmx,SISEPUEDE,0.0002883729876725,
6002,71071,3.C - Agriculture (aggregate):CH4,3 - AFOLU,3.C - Agriculture (aggregate),0.0002807988506653,2030,CH4,0,0,All Actions,CDMX,cdmx,SISEPUEDE,0.0002807988506653,
6002,71071,3.C - Agriculture (aggregate):CH4,3 - AFOLU,3.C - Agriculture (aggregate),0.0002728779616065,2031,CH4,0,0,All Actions,CDMX,cdmx,SISEPUEDE,0.0002728779616065,
6002,71071,3.C - Agriculture (aggregate):CH4,3 - AFOLU,3.C - Agriculture (aggregate),0.0002646928278928,2032,CH4,0,0,All Actions,CDMX,cdmx,SISEPUEDE,0.0002646928278928,
6002,71071,3.C - Agriculture (aggregate):CH4,3 - AFOLU,3.C - Agriculture (aggregate),0.00025628986655082354,2033,CH4,0,0,All Actions,CDMX,cdmx,SISEPUEDE,0.00025628986655082354,
6002,71071,3.C - Agriculture (aggregate):CH4,3 - AFOLU,3.C - Agriculture (aggregate),0.0002477197604907756,2034,CH4,0,0,All Actions,CDMX,cdmx,SISEPUEDE,0.0002477197604907756,
6002,71071,3.C - Agriculture (aggregate):CH4,3 - AFOLU,3.C - Agriculture (aggregate),0.0002390355176525535,2035,CH4,0,0,All Actions,CDMX,cdmx,SISEPUEDE,0.0002390355176525535,
6002,71071,3.C - Agriculture (aggregate):CH4,3 - AFOLU,3.C - Agriculture (aggregate),0.0002302905003521522,2036,CH4,0,0,All Actions,CDMX,cdmx,SISEPUEDE,0.0002302905003521522,
6002,71071,3.C - Agriculture (aggregate):CH4,3 - AFOLU,3.C - Agriculture (aggregate),0.000221535980479447,2037,CH4,0,0,All Actions,CDMX,cdmx,SISEPUEDE,0.000221535980479447,
6002,71071,3.C - Agriculture (aggregate):CH4,3 - AFOLU,3.C - Agriculture (aggregate),0.00021281980432569182,2038,CH4,0,0,All Actions,CDMX,cdmx,SISEPUEDE,0.00021281980432569182,
6002,71071,3.C - Agriculture (aggregate):CH4,3 - AFOLU,3.C - Agriculture (aggregate),0.00020418455952348917,2039,CH4,0,0,All Actions,CDMX,cdmx,SISEPUEDE,0.00020418455952348917,
6002,71071,3.C - Agriculture (aggregate):CH4,3 - AFOLU,3.C - Agriculture (aggregate),0.00019566615083133716,2040,CH4,0,0,All Actions,CDMX,cdmx,SISEPUEDE,0.00019566615083133716,
6002,71071,3.C - Agriculture (aggregate):CH4,3 - AFOLU,3.C - Agriculture (aggregate),0.00018729262725105314,2041,CH4,0,0,All Actions,CDMX,cdmx,SISEPUEDE,0.00018729262725105314,
6002,71071,3.C - Agriculture (aggregate):CH4,3 - AFOLU,3.C - Agriculture (aggregate),0.00017908519701282817,2042,CH4,0,0,All Actions,CDMX,cdmx,SISEPUEDE,0.00017908519701282817,
6002,71071,3.C - Agriculture (aggregate):CH4,3 - AFOLU,3.C - Agriculture (aggregate),0.00017105880258354726,2043,CH4,0,0,All Actions,CDMX,cdmx,SISEPUEDE,0.00017105880258354726,
6002,71071,3.C - Agriculture (aggregate):CH4,3 - AFOLU,3.C - Agriculture (aggregate),0.0001632233219491047,2044,CH4,0,0,All Actions,CDMX,cdmx,SISEPUEDE,0.0001632233219491047,
6002,71071,3.C - Agriculture (aggregate):CH4,3 - AFOLU,3.C - Agriculture (aggregate),0.0001555841316782214,2045,CH4,0,0,All Actions,CDMX,cdmx,SISEPUEDE,0.0001555841316782214,
6002,71071,3.C - Agriculture (aggregate):CH4,3 - AFOLU,3.C - Agriculture (aggregate),0.00014814270384571577,2046,CH4,0,0,All Actions,CDMX,cdmx,SISEPUEDE,0.00014814270384571577,
6002,71071,3.C - Agriculture (aggregate):CH4,3 - AFOLU,3.C - Agriculture (aggregate),0.0001408974623805526,2047,CH4,0,0,All Actions,CDMX,cdmx,SISEPUEDE,0.0001408974623805526,
6002,71071,3.C - Agriculture (aggregate):CH4,3 - AFOLU,3.C - Agriculture (aggregate),0.00013384449754295347,2048,CH4,0,0,All Actions,CDMX,cdmx,SISEPUEDE,0.00013384449754295347,
6002,71071,3.C - Agriculture (aggregate):CH4,3 - AFOLU,3.C - Agriculture (aggregate),0.00012697808034086485,2049,CH4,0,0,All Actions,CDMX,cdmx,SISEPUEDE,0.00012697808034086485,
6002,71071,3.C - Agriculture (aggregate):CH4,3 - AFOLU,3.C - Agriculture (aggregate),0.00012029068359928086,2050,CH4,0,0,All Actions,CDMX,cdmx,SISEPUEDE,0.00012029068359928086,
6002,71071,3.C - Agriculture (aggregate):CH4,3 - AFOLU,3.C - Agriculture (aggregate),0.00011377296372001188,2051,CH4,0,0,All Actions,CDMX,cdmx,SISEPUEDE,0.00011377296372001188,
6002,71071,3.C - Agriculture (aggregate):CH4,3 - AFOLU,3.C - Agriculture (aggregate),0.0001074140124650354,2052,CH4,0,0,All Actions,CDMX,cdmx,SISEPUEDE,0.0001074140124650354,
6002,71071,3.C - Agriculture (aggregate):CH4,3 - AFOLU,3.C - Agriculture (aggregate),0.00010120151546918647,2053,CH4,0,0,All Actions,CDMX,cdmx,SISEPUEDE,0.00010120151546918647,
6002,71071,3.C - Agriculture (aggregate):CH4,3 - AFOLU,3.C - Agriculture (aggregate),9.512378732497968e-05,2054,CH4,0,0,All Actions,CDMX,cdmx,SISEPUEDE,9.512378732497968e-05,
6002,71071,3.C - Agriculture (aggregate):CH4,3 - AFOLU,3.C - Agriculture (aggregate),8.917099145219465e-05,2055,CH4,0,0,All Actions,CDMX,cdmx,SISEPUEDE,8.917099145219465e-05,
6002,71071,3.C - Agriculture (aggregate):CH4,3 - AFOLU,3.C - Agriculture (aggregate),8.33355105896971e-05,2056,CH4,0,0,All Actions,CDMX,cdmx,SISEPUEDE,8.33355105896971e-05,
6002,71071,3.C - Agriculture (aggregate):CH4,3 - AFOLU,3.C - Agriculture (aggregate),7.760850645332404e-05,2057,CH4,0,0,All Actions,CDMX,cdmx,SISEPUEDE,7.760850645332404e-05,
6002,71071,3.C - Agriculture (aggregate):CH4,3 - AFOLU,3.C - Agriculture (aggregate),7.198221274455281e-05,2058,CH4,0,0,All Actions,CDMX,cdmx,SISEPUEDE,7.198221274455281e-05,
6002,71071,3.C - Agriculture (aggregate):CH4,3 - AFOLU,3.C - Agriculture (aggregate),6.645048621840023e-05,2059,CH4,0,0,All Actions,CDMX,cdmx,SISEPUEDE,6.645048621840023e-05,
6002,71071,3.C - Agriculture (aggregate):CH4,3 - AFOLU,3.C - Agriculture (aggregate),6.100952596479762e-05,2060,CH4,0,0,All Actions,CDMX,cdmx,SISEPUEDE,6.100952596479762e-05,
6002,71071,3.C - Agriculture (aggregate):CO2,3 - AFOLU,3.C - Agriculture (aggregate),0.0004174578707351351,2022,CO2,0,0,All Actions,CDMX,cdmx,SISEPUEDE,0.0004174578707351351,
6002,71071,3.C - Agriculture (aggregate):CO2,3 - AFOLU,3.C - Agriculture (aggregate),0.0004163625533358212,2023,CO2,0,0,All Actions,CDMX,cdmx,SISEPUEDE,0.0004163625533358212,
6002,71071,3.C - Agriculture (aggregate):CO2,3 - AFOLU,3.C - Agriculture (aggregate),0.0004152693614021684,2024,CO2,0,0,All Actions,CDMX,cdmx,SISEPUEDE,0.0004152693614021684,
6002,71071,3.C - Agriculture (aggregate):CO2,3 - AFOLU,3.C - Agriculture (aggregate),0.0004141786373991709,2025,CO2,0,0,All Actions,CDMX,cdmx,SISEPUEDE,0.0004141786373991709,
6002,71071,3.C - Agriculture (aggregate):CO2,3 - AFOLU,3.C - Agriculture (aggregate),0.00041309070624186915,2026,CO2,0,0,All Actions,CDMX,cdmx,SISEPUEDE,0.00041309070624186915,
6002,71071,3.C - Agriculture (aggregate):CO2,3 - AFOLU,3.C - Agriculture (aggregate),0.0004120058760197603,2027,CO2,0,0,All Actions,CDMX,cdmx,SISEPUEDE,0.0004120058760197603,
6002,71071,3.C - Agriculture (aggregate):CO2,3 - AFOLU,3.C - Agriculture (aggregate),0.0004109244386920106,2028,CO2,0,0,All Actions,CDMX,cdmx,SISEPUEDE,0.0004109244386920106,
6002,71071,3.C - Agriculture (aggregate):CO2,3 - AFOLU,3.C - Agriculture (aggregate),0.00040863325001325726,2029,CO2,0,0,All Actions,CDMX,cdmx,SISEPUEDE,0.00040863325001325726,
6002,71071,3.C - Agriculture (aggregate):CO2,3 - AFOLU,3.C - Agriculture (aggregate),0.00040420396023441087,2030,CO2,0,0,All Actions,CDMX,cdmx,SISEPUEDE,0.00040420396023441087,
6002,71071,3.C - Agriculture (aggregate):CO2,3 - AFOLU,3.C - Agriculture (aggregate),0.00039859703348119947,2031,CO2,0,0,All Actions,CDMX,cdmx,SISEPUEDE,0.00039859703348119947,
6002,71071,3.C - Agriculture (aggregate):CO2,3 - AFOLU,3.C - Agriculture (aggregate),0.00039197058102441175,2032,CO2,0,0,All Actions,CDMX,cdmx,SISEPUEDE,0.00039197058102441175,
6002,71071,3.C - Agriculture (aggregate):CO2,3 - AFOLU,3.C - Agriculture (aggregate),0.0003844457074361662,2033,CO2,0,0,All Actions,CDMX,cdmx,SISEPUEDE,0.0003844457074361662,
6002,71071,3.C - Agriculture (aggregate):CO2,3 - AFOLU,3.C - Agriculture (aggregate),0.00037616182726211706,2034,CO2,0,0,All Actions,CDMX,cdmx,SISEPUEDE,0.00037616182726211706,
6002,71071,3.C - Agriculture (aggregate):CO2,3 - AFOLU,3.C - Agriculture (aggregate),0.00036727163404288727,2035,CO2,0,0,All Actions,CDMX,cdmx,SISEPUEDE,0.00036727163404288727,
6002,71071,3.C - Agriculture (aggregate):CO2,3 - AFOLU,3.C - Agriculture (aggregate),0.00035793575771175085,2036,CO2,0,0,All Actions,CDMX,cdmx,SISEPUEDE,0.00035793575771175085,
6002,71071,3.C - Agriculture (aggregate):CO2,3 - AFOLU,3.C - Agriculture (aggregate),0.0003483164748942981,2037,CO2,0,0,All Actions,CDMX,cdmx,SISEPUEDE,0.0003483164748942981,
6002,71071,3.C - Agriculture (aggregate):CO2,3 - AFOLU,3.C - Agriculture (aggregate),0.0003385729591350301,2038,CO2,0,0,All Actions,CDMX,cdmx,SISEPUEDE,0.0003385729591350301,
6002,71071,3.C - Agriculture (aggregate):CO2,3 - AFOLU,3.C - Agriculture (aggregate),0.0003288555812201792,2039,CO2,0,0,All Actions,CDMX,cdmx,SISEPUEDE,0.0003288555812201792,
6002,71071,3.C - Agriculture (aggregate):CO2,3 - AFOLU,3.C - Agriculture (aggregate),0.0003193006115419975,2040,CO2,0,0,All Actions,CDMX,cdmx,SISEPUEDE,0.0003193006115419975,
6002,71071,3.C - Agriculture (aggregate):CO2,3 - AFOLU,3.C - Agriculture (aggregate),0.0003100244384738674,2041,CO2,0,0,All Actions,CDMX,cdmx,SISEPUEDE,0.0003100244384738674,
6002,71071,3.C - Agriculture (aggregate):CO2,3 - AFOLU,3.C - Agriculture (aggregate),0.00030112372141493304,2042,CO2,0,0,All Actions,CDMX,cdmx,SISEPUEDE,0.00030112372141493304,
6002,71071,3.C - Agriculture (aggregate):CO2,3 - AFOLU,3.C - Agriculture (aggregate),0.0002926742438063358,2043,CO2,0,0,All Actions,CDMX,cdmx,SISEPUEDE,0.0002926742438063358,
6002,71071,3.C - Agriculture (aggregate):CO2,3 - AFOLU,3.C - Agriculture (aggregate),0.0002847323820996381,2044,CO2,0,0,All Actions,CDMX,cdmx,SISEPUEDE,0.0002847323820996381,
6002,71071,3.C - Agriculture (aggregate):CO2,3 - AFOLU,3.C - Agriculture (aggregate),0.00027733577669296117,2045,CO2,0,0,All Actions,CDMX,cdmx,SISEPUEDE,0.00027733577669296117,
6002,71071,3.C - Agriculture (aggregate):CO2,3 - AFOLU,3.C - Agriculture (aggregate),0.00027050399128832617,2046,CO2,0,0,All Actions,CDMX,cdmx,SISEPUEDE,0.00027050399128832617,
6002,71071,3.C - Agriculture (aggregate):CO2,3 - AFOLU,3.C - Agriculture (aggregate),0.00026424095964398955,2047,CO2,0,0,All Actions,CDMX,cdmx,SISEPUEDE,0.00026424095964398955,
6002,71071,3.C - Agriculture (aggregate):CO2,3 - AFOLU,3.C - Agriculture (aggregate),0.00025853776114174597,2048,CO2,0,0,All Actions,CDMX,cdmx,SISEPUEDE,0.00025853776114174597,
6002,71071,3.C - Agriculture (aggregate):CO2,3 - AFOLU,3.C - Agriculture (aggregate),0.000253375113639999,2049,CO2,0,0,All Actions,CDMX,cdmx,SISEPUEDE,0.000253375113639999,
6002,71071,3.C - Agriculture (aggregate):CO2,3 - AFOLU,3.C - Agriculture (aggregate),0.00024872458433527843,2050,CO2,0,0,All Actions,CDMX,cdmx,SISEPUEDE,0.00024872458433527843,
6002,71071,3.C - Agriculture (aggregate):CO2,3 - AFOLU,3.C - Agriculture (aggregate),0.0002445489914556352,2051,CO2,0,0,All Actions,CDMX,cdmx,SISEPUEDE,0.0002445489914556352,
6002,71071,3.C - Agriculture (aggregate):CO2,3 - AFOLU,3.C - Agriculture (aggregate),0.00024080397011889916,2052,CO2,0,0,All Actions,CDMX,cdmx,SISEPUEDE,0.00024080397011889916,
6002,71071,3.C - Agriculture (aggregate):CO2,3 - AFOLU,3.C - Agriculture (aggregate),0.00023743848325767793,2053,CO2,0,0,All Actions,CDMX,cdmx,SISEPUEDE,0.00023743848325767793,
6002,71071,3.C - Agriculture (aggregate):CO2,3 - AFOLU,3.C - Agriculture (aggregate),0.0002344011219494623,2054,CO2,0,0,All Actions,CDMX,cdmx,SISEPUEDE,0.0002344011219494623,
6002,71071,3.C - Agriculture (aggregate):CO2,3 - AFOLU,3.C - Agriculture (aggregate),0.00023164295647689012,2055,CO2,0,0,All Actions,CDMX,cdmx,SISEPUEDE,0.00023164295647689012,
6002,71071,3.C - Agriculture (aggregate):CO2,3 - AFOLU,3.C - Agriculture (aggregate),0.00022912108787949162,2056,CO2,0,0,All Actions,CDMX,cdmx,SISEPUEDE,0.00022912108787949162,
6002,71071,3.C - Agriculture (aggregate):CO2,3 - AFOLU,3.C - Agriculture (aggregate),0.00022679076090090174,2057,CO2,0,0,All Actions,CDMX,cdmx,SISEPUEDE,0.00022679076090090174,
6002,71071,3.C - Agriculture (aggregate):CO2,3 - AFOLU,3.C - Agriculture (aggregate),0.00022461013362275623,2058,CO2,0,0,All Actions,CDMX,cdmx,SISEPUEDE,0.00022461013362275623,
6002,71071,3.C - Agriculture (aggregate):CO2,3 - AFOLU,3.C - Agriculture (aggregate),0.00022254261082470166,2059,CO2,0,0,All Actions,CDMX,cdmx,SISEPUEDE,0.00022254261082470166,
6002,71071,3.C - Agriculture (aggregate):CO2,3 - AFOLU,3.C - Agriculture (aggregate),0.0002205599338016143,2060,CO2,0,0,All Actions,CDMX,cdmx,SISEPUEDE,0.0002205599338016143,
6002,71071,3.C - Agriculture (aggregate):N2O,3 - AFOLU,3.C - Agriculture (aggregate),0.0010288882213914776,2022,N2O,0,0,All Actions,CDMX,cdmx,SISEPUEDE,0.0010288882213914776,
6002,71071,3.C - Agriculture (aggregate):N2O,3 - AFOLU,3.C - Agriculture (aggregate),0.0010668367545722424,2023,N2O,0,0,All Actions,CDMX,cdmx,SISEPUEDE,0.0010668367545722424,
6002,71071,3.C - Agriculture (aggregate):N2O,3 - AFOLU,3.C - Agriculture (aggregate),0.0010640356925522931,2024,N2O,0,0,All Actions,CDMX,cdmx,SISEPUEDE,0.0010640356925522931,
6002,71071,3.C - Agriculture (aggregate):N2O,3 - AFOLU,3.C - Agriculture (aggregate),0.0010612409540578908,2025,N2O,0,0,All Actions,CDMX,cdmx,SISEPUEDE,0.0010612409540578908,
6002,71071,3.C - Agriculture (aggregate):N2O,3 - AFOLU,3.C - Agriculture (aggregate),0.001058453371611534,2026,N2O,0,0,All Actions,CDMX,cdmx,SISEPUEDE,0.001058453371611534,
6002,71071,3.C - Agriculture (aggregate):N2O,3 - AFOLU,3.C - Agriculture (aggregate),0.001055673734624128,2027,N2O,0,0,All Actions,CDMX,cdmx,SISEPUEDE,0.001055673734624128,
6002,71071,3.C - Agriculture (aggregate):N2O,3 - AFOLU,3.C - Agriculture (aggregate),0.0010529027911764107,2028,N2O,0,0,All Actions,CDMX,cdmx,SISEPUEDE,0.0010529027911764107,
6002,71071,3.C - Agriculture (aggregate):N2O,3 - AFOLU,3.C - Agriculture (aggregate),0.0010792947081364624,2029,N2O,0,0,All Actions,CDMX,cdmx,SISEPUEDE,0.0010792947081364624,
6002,71071,3.C - Agriculture (aggregate):N2O,3 - AFOLU,3.C - Agriculture (aggregate),0.0011021296634656389,2030,N2O,0,0,All Actions,CDMX,cdmx,SISEPUEDE,0.0011021296634656389,
6002,71071,3.C - Agriculture (aggregate):N2O,3 - AFOLU,3.C - Agriculture (aggregate),0.0011236116650077327,2031,N2O,0,0,All Actions,CDMX,cdmx,SISEPUEDE,0.0011236116650077327,
6002,71071,3.C - Agriculture (aggregate):N2O,3 - AFOLU,3.C - Agriculture (aggregate),0.001143871064962253,2032,N2O,0,0,All Actions,CDMX,cdmx,SISEPUEDE,0.001143871064962253,
6002,71071,3.C - Agriculture (aggregate):N2O,3 - AFOLU,3.C - Agriculture (aggregate),0.001162912990663267,2033,N2O,0,0,All Actions,CDMX,cdmx,SISEPUEDE,0.001162912990663267,
6002,71071,3.C - Agriculture (aggregate):N2O,3 - AFOLU,3.C - Agriculture (aggregate),0.0011807749879791368,2034,N2O,0,0,All Actions,CDMX,cdmx,SISEPUEDE,0.0011807749879791368,
6002,71071,3.C - Agriculture (aggregate):N2O,3 - AFOLU,3.C - Agriculture (aggregate),0.0011975253189237753,2035,N2O,0,0,All Actions,CDMX,cdmx,SISEPUEDE,0.0011975253189237753,
6002,71071,3.C - Agriculture (aggregate):N2O,3 - AFOLU,3.C - Agriculture (aggregate),0.0012132596509540486,2036,N2O,0,0,All Actions,CDMX,cdmx,SISEPUEDE,0.0012132596509540486,
6002,71071,3.C - Agriculture (aggregate):N2O,3 - AFOLU,3.C - Agriculture (aggregate),0.0012280935675013838,2037,N2O,0,0,All Actions,CDMX,cdmx,SISEPUEDE,0.0012280935675013838,
6002,71071,3.C - Agriculture (aggregate):N2O,3 - AFOLU,3.C - Agriculture (aggregate),0.0012421585561567903,2038,N2O,0,0,All Actions,CDMX,cdmx,SISEPUEDE,0.0012421585561567903,
6002,71071,3.C - Agriculture (aggregate):N2O,3 - AFOLU,3.C - Agriculture (aggregate),0.0012555925719859719,2039,N2O,0,0,All Actions,CDMX,cdmx,SISEPUEDE,0.0012555925719859719,
6002,71071,3.C - Agriculture (aggregate):N2O,3 - AFOLU,3.C - Agriculture (aggregate),0.0012685297018188565,2040,N2O,0,0,All Actions,CDMX,cdmx,SISEPUEDE,0.0012685297018188565,
6002,71071,3.C - Agriculture (aggregate):N2O,3 - AFOLU,3.C - Agriculture (aggregate),0.0012810846908585618,2041,N2O,0,0,All Actions,CDMX,cdmx,SISEPUEDE,0.0012810846908585618,
6002,71071,3.C - Agriculture (aggregate):N2O,3 - AFOLU,3.C - Agriculture (aggregate),0.0012933574858654015,2042,N2O,0,0,All Actions,CDMX,cdmx,SISEPUEDE,0.0012933574858654015,
6002,71071,3.C - Agriculture (aggregate):N2O,3 - AFOLU,3.C - Agriculture (aggregate),0.0013054307765871334,2043,N2O,0,0,All Actions,CDMX,cdmx,SISEPUEDE,0.0013054307765871334,
6002,71071,3.C - Agriculture (aggregate):N2O,3 - AFOLU,3.C - Agriculture (aggregate),0.0013173756634698795,2044,N2O,0,0,All Actions,CDMX,cdmx,SISEPUEDE,0.0013173756634698795,
6002,71071,3.C - Agriculture (aggregate):N2O,3 - AFOLU,3.C - Agriculture (aggregate),0.0013292515189572097,2045,N2O,0,0,All Actions,CDMX,cdmx,SISEPUEDE,0.0013292515189572097,
6002,71071,3.C - Agriculture (aggregate):N2O,3 - AFOLU,3.C - Agriculture (aggregate),0.00134110434702529,2046,N2O,0,0,All Actions,CDMX,cdmx,SISEPUEDE,0.00134110434702529,
6002,71071,3.C - Agriculture (aggregate):N2O,3 - AFOLU,3.C - Agriculture (aggregate),0.0013529702943479755,2047,N2O,0,0,All Actions,CDMX,cdmx,SISEPUEDE,0.0013529702943479755,
6002,71071,3.C - Agriculture (aggregate):N2O,3 - AFOLU,3.C - Agriculture (aggregate),0.0013648796868417244,2048,N2O,0,0,All Actions,CDMX,cdmx,SISEPUEDE,0.0013648796868417244,
6002,71071,3.C - Agriculture (aggregate):N2O,3 - AFOLU,3.C - Agriculture (aggregate),0.0013768588980667955,2049,N2O,0,0,All Actions,CDMX,cdmx,SISEPUEDE,0.0013768588980667955,
6002,71071,3.C - Agriculture (aggregate):N2O,3 - AFOLU,3.C - Agriculture (aggregate),0.0013889256316992461,2050,N2O,0,0,All Actions,CDMX,cdmx,SISEPUEDE,0.0013889256316992461,
6002,71071,3.C - Agriculture (aggregate):N2O,3 - AFOLU,3.C - Agriculture (aggregate),0.0014010801536912178,2051,N2O,0,0,All Actions,CDMX,cdmx,SISEPUEDE,0.0014010801536912178,
6002,71071,3.C - Agriculture (aggregate):N2O,3 - AFOLU,3.C - Agriculture (aggregate),0.0014133011663310963,2052,N2O,0,0,All Actions,CDMX,cdmx,SISEPUEDE,0.0014133011663310963,
6002,71071,3.C - Agriculture (aggregate):N2O,3 - AFOLU,3.C - Agriculture (aggregate),0.0014255372849077976,2053,N2O,0,0,All Actions,CDMX,cdmx,SISEPUEDE,0.0014255372849077976,
6002,71071,3.C - Agriculture (aggregate):N2O,3 - AFOLU,3.C - Agriculture (aggregate),0.0014377309341538293,2054,N2O,0,0,All Actions,CDMX,cdmx,SISEPUEDE,0.0014377309341538293,
6002,71071,3.C - Agriculture (aggregate):N2O,3 - AFOLU,3.C - Agriculture (aggregate),0.0014498307184339578,2055,N2O,0,0,All Actions,CDMX,cdmx,SISEPUEDE,0.0014498307184339578,
6002,71071,3.C - Agriculture (aggregate):N2O,3 - AFOLU,3.C - Agriculture (aggregate),0.0014618061388918598,2056,N2O,0,0,All Actions,CDMX,cdmx,SISEPUEDE,0.0014618061388918598,
6002,71071,3.C - Agriculture (aggregate):N2O,3 - AFOLU,3.C - Agriculture (aggregate),0.0014735926173859552,2057,N2O,0,0,All Actions,CDMX,cdmx,SISEPUEDE,0.0014735926173859552,
6002,71071,3.C - Agriculture (aggregate):N2O,3 - AFOLU,3.C - Agriculture (aggregate),0.0014851187598608785,2058,N2O,0,0,All Actions,CDMX,cdmx,SISEPUEDE,0.0014851187598608785,
6002,71071,3.C - Agriculture (aggregate):N2O,3 - AFOLU,3.C - Agriculture (aggregate),0.0014963189003238278,2059,N2O,0,0,All Actions,CDMX,cdmx,SISEPUEDE,0.0014963189003238278,
6002,71071,3.C - Agriculture (aggregate):N2O,3 - AFOLU,3.C - Agriculture (aggregate),0.0015071547098553,2060,N2O,0,0,All Actions,CDMX,cdmx,SISEPUEDE,0.0015071547098553,
6002,71071,3.C.4-6 - Managed Soils:CO2,3 - AFOLU,3.C.4-6 - Managed Soils,0.005046628586160746,2022,CO2,0,0,All Actions,CDMX,cdmx,SISEPUEDE,0.005046628586160746,
6002,71071,3.C.4-6 - Managed Soils:CO2,3 - AFOLU,3.C.4-6 - Managed Soils,0.005315257591761073,2023,CO2,0,0,All Actions,CDMX,cdmx,SISEPUEDE,0.005315257591761073,
6002,71071,3.C.4-6 - Managed Soils:CO2,3 - AFOLU,3.C.4-6 - Managed Soils,0.00544821396155648,2024,CO2,0,0,All Actions,CDMX,cdmx,SISEPUEDE,0.00544821396155648,
6002,71071,3.C.4-6 - Managed Soils:CO2,3 - AFOLU,3.C.4-6 - Managed Soils,0.005425796662893591,2025,CO2,0,0,All Actions,CDMX,cdmx,SISEPUEDE,0.005425796662893591,
6002,71071,3.C.4-6 - Managed Soils:CO2,3 - AFOLU,3.C.4-6 - Managed Soils,0.005241525173412695,2026,CO2,0,0,All Actions,CDMX,cdmx,SISEPUEDE,0.005241525173412695,
6002,71071,3.C.4-6 - Managed Soils:CO2,3 - AFOLU,3.C.4-6 - Managed Soils,0.004903592430770743,2027,CO2,0,0,All Actions,CDMX,cdmx,SISEPUEDE,0.004903592430770743,
6002,71071,3.C.4-6 - Managed Soils:CO2,3 - AFOLU,3.C.4-6 - Managed Soils,0.0044025140046811346,2028,CO2,0,0,All Actions,CDMX,cdmx,SISEPUEDE,0.0044025140046811346,
6002,71071,3.C.4-6 - Managed Soils:CO2,3 - AFOLU,3.C.4-6 - Managed Soils,0.003608053149947353,2029,CO2,0,0,All Actions,CDMX,cdmx,SISEPUEDE,0.003608053149947353,
6002,71071,3.C.4-6 - Managed Soils:CO2,3 - AFOLU,3.C.4-6 - Managed Soils,0.002654555005005094,2030,CO2,0,0,All Actions,CDMX,cdmx,SISEPUEDE,0.002654555005005094,
6002,71071,3.C.4-6 - Managed Soils:CO2,3 - AFOLU,3.C.4-6 - Managed Soils,0.0015685962449721225,2031,CO2,0,0,All Actions,CDMX,cdmx,SISEPUEDE,0.0015685962449721225,
6002,71071,3.C.4-6 - Managed Soils:CO2,3 - AFOLU,3.C.4-6 - Managed Soils,0.0003633772857652732,2032,CO2,0,0,All Actions,CDMX,cdmx,SISEPUEDE,0.0003633772857652732,
6002,71071,3.C.4-6 - Managed Soils:CO2,3 - AFOLU,3.C.4-6 - Managed Soils,-0.0009510685232275182,2033,CO2,0,0,All Actions,CDMX,cdmx,SISEPUEDE,-0.0009510685232275182,
6002,71071,3.C.4-6 - Managed Soils:CO2,3 - AFOLU,3.C.4-6 - Managed Soils,-0.0023708199059950365,2034,CO2,0,0,All Actions,CDMX,cdmx,SISEPUEDE,-0.0023708199059950365,
6002,71071,3.C.4-6 - Managed Soils:CO2,3 - AFOLU,3.C.4-6 - Managed Soils,-0.0028256075859958477,2035,CO2,0,0,All Actions,CDMX,cdmx,SISEPUEDE,-0.0028256075859958477,
6002,71071,3.C.4-6 - Managed Soils:CO2,3 - AFOLU,3.C.4-6 - Managed Soils,-0.0033115399558177098,2036,CO2,0,0,All Actions,CDMX,cdmx,SISEPUEDE,-0.0033115399558177098,
6002,71071,3.C.4-6 - Managed Soils:CO2,3 - AFOLU,3.C.4-6 - Managed Soils,-0.003661597156113803,2037,CO2,0,0,All Actions,CDMX,cdmx,SISEPUEDE,-0.003661597156113803,
6002,71071,3.C.4-6 - Managed Soils:CO2,3 - AFOLU,3.C.4-6 - Managed Soils,-0.0038917863458569914,2038,CO2,0,0,All Actions,CDMX,cdmx,SISEPUEDE,-0.0038917863458569914,
6002,71071,3.C.4-6 - Managed Soils:CO2,3 - AFOLU,3.C.4-6 - Managed Soils,-0.004184180825044326,2039,CO2,0,0,All Actions,CDMX,cdmx,SISEPUEDE,-0.004184180825044326,
6002,71071,3.C.4-6 - Managed Soils:CO2,3 - AFOLU,3.C.4-6 - Managed Soils,-0.0044328330559323045,2040,CO2,0,0,All Actions,CDMX,cdmx,SISEPUEDE,-0.0044328330559323045,
6002,71071,3.C.4-6 - Managed Soils:CO2,3 - AFOLU,3.C.4-6 - Managed Soils,-0.004634636201830821,2041,CO2,0,0,All Actions,CDMX,cdmx,SISEPUEDE,-0.004634636201830821,
6002,71071,3.C.4-6 - Managed Soils:CO2,3 - AFOLU,3.C.4-6 - Managed Soils,-0.004787869223612092,2042,CO2,0,0,All Actions,CDMX,cdmx,SISEPUEDE,-0.004787869223612092,
6002,71071,3.C.4-6 - Managed Soils:CO2,3 - AFOLU,3.C.4-6 - Managed Soils,-0.004891901182558976,2043,CO2,0,0,All Actions,CDMX,cdmx,SISEPUEDE,-0.004891901182558976,
6002,71071,3.C.4-6 - Managed Soils:CO2,3 - AFOLU,3.C.4-6 - Managed Soils,-0.00494049186360933,2044,CO2,0,0,All Actions,CDMX,cdmx,SISEPUEDE,-0.00494049186360933,
6002,71071,3.C.4-6 - Managed Soils:CO2,3 - AFOLU,3.C.4-6 - Managed Soils,-0.004925021038544241,2045,CO2,0,0,All Actions,CDMX,cdmx,SISEPUEDE,-0.004925021038544241,
6002,71071,3.C.4-6 - Managed Soils:CO2,3 - AFOLU,3.C.4-6 - Managed Soils,-0.004845926651555194,2046,CO2,0,0,All Actions,CDMX,cdmx,SISEPUEDE,-0.004845926651555194,
6002,71071,3.C.4-6 - Managed Soils:CO2,3 - AFOLU,3.C.4-6 - Managed Soils,-0.0047024154216245544,2047,CO2,0,0,All Actions,CDMX,cdmx,SISEPUEDE,-0.0047024154216245544,
6002,71071,3.C.4-6 - Managed Soils:CO2,3 - AFOLU,3.C.4-6 - Managed Soils,-0.004492721273238695,2048,CO2,0,0,All Actions,CDMX,cdmx,SISEPUEDE,-0.004492721273238695,
6002,71071,3.C.4-6 - Managed Soils:CO2,3 - AFOLU,3.C.4-6 - Managed Soils,-0.004253556645581897,2049,CO2,0,0,All Actions,CDMX,cdmx,SISEPUEDE,-0.004253556645581897,
6002,71071,3.C.4-6 - Managed Soils:CO2,3 - AFOLU,3.C.4-6 - Managed Soils,-0.004026169092501165,2050,CO2,0,0,All Actions,CDMX,cdmx,SISEPUEDE,-0.004026169092501165,
6002,71071,3.C.4-6 - Managed Soils:CO2,3 - AFOLU,3.C.4-6 - Managed Soils,-0.0038053712674470165,2051,CO2,0,0,All Actions,CDMX,cdmx,SISEPUEDE,-0.0038053712674470165,
6002,71071,3.C.4-6 - Managed Soils:CO2,3 - AFOLU,3.C.4-6 - Managed Soils,-0.0035739664374932574,2052,CO2,0,0,All Actions,CDMX,cdmx,SISEPUEDE,-0.0035739664374932574,
6002,71071,3.C.4-6 - Managed Soils:CO2,3 - AFOLU,3.C.4-6 - Managed Soils,-0.003331312508825026,2053,CO2,0,0,All Actions,CDMX,cdmx,SISEPUEDE,-0.003331312508825026,
6002,71071,3.C.4-6 - Managed Soils:CO2,3 - AFOLU,3.C.4-6 - Managed Soils,-0.0030877649840792437,2054,CO2,0,0,All Actions,CDMX,cdmx,SISEPUEDE,-0.0030877649840792437,
6002,71071,3.C.4-6 - Managed Soils:CO2,3 - AFOLU,3.C.4-6 - Managed Soils,-0.0028283053257007187,2055,CO2,0,0,All Actions,CDMX,cdmx,SISEPUEDE,-0.0028283053257007187,
6002,71071,3.C.4-6 - Managed Soils:CO2,3 - AFOLU,3.C.4-6 - Managed Soils,-0.0025468478687536186,2056,CO2,0,0,All Actions,CDMX,cdmx,SISEPUEDE,-0.0025468478687536186,
6002,71071,3.C.4-6 - Managed Soils:CO2,3 - AFOLU,3.C.4-6 - Managed Soils,-0.002262126956779462,2057,CO2,0,0,All Actions,CDMX,cdmx,SISEPUEDE,-0.002262126956779462,
6002,71071,3.C.4-6 - Managed Soils:CO2,3 - AFOLU,3.C.4-6 - Managed Soils,-0.0019697652978389554,2058,CO2,0,0,All Actions,CDMX,cdmx,SISEPUEDE,-0.0019697652978389554,
6002,71071,3.C.4-6 - Managed Soils:CO2,3 - AFOLU,3.C.4-6 - Managed Soils,-0.0016675196312612348,2059,CO2,0,0,All Actions,CDMX,cdmx,SISEPUEDE,-0.0016675196312612348,
6002,71071,3.C.4-6 - Managed Soils:CO2,3 - AFOLU,3.C.4-6 - Managed Soils,-0.0013623883576652919,2060,CO2,0,0,All Actions,CDMX,cdmx,SISEPUEDE,-0.0013623883576652919,
6002,71071,3.C.4-6 - Managed Soils:N2O,3 - AFOLU,3.C.4-6 - Managed Soils,0.011109562279019101,2022,N2O,0,0,All Actions,CDMX,cdmx,SISEPUEDE,0.011109562279019101,
6002,71071,3.C.4-6 - Managed Soils:N2O,3 - AFOLU,3.C.4-6 - Managed Soils,0.0110347521145538,2023,N2O,0,0,All Actions,CDMX,cdmx,SISEPUEDE,0.0110347521145538,
6002,71071,3.C.4-6 - Managed Soils:N2O,3 - AFOLU,3.C.4-6 - Managed Soils,0.010952228491472697,2024,N2O,0,0,All Actions,CDMX,cdmx,SISEPUEDE,0.010952228491472697,
6002,71071,3.C.4-6 - Managed Soils:N2O,3 - AFOLU,3.C.4-6 - Managed Soils,0.010860769722722801,2025,N2O,0,0,All Actions,CDMX,cdmx,SISEPUEDE,0.010860769722722801,
6002,71071,3.C.4-6 - Managed Soils:N2O,3 - AFOLU,3.C.4-6 - Managed Soils,0.010763821550571501,2026,N2O,0,0,All Actions,CDMX,cdmx,SISEPUEDE,0.010763821550571501,
6002,71071,3.C.4-6 - Managed Soils:N2O,3 - AFOLU,3.C.4-6 - Managed Soils,0.0106606643072226,2027,N2O,0,0,All Actions,CDMX,cdmx,SISEPUEDE,0.0106606643072226,
6002,71071,3.C.4-6 - Managed Soils:N2O,3 - AFOLU,3.C.4-6 - Managed Soils,0.0105504740581641,2028,N2O,0,0,All Actions,CDMX,cdmx,SISEPUEDE,0.0105504740581641,
6002,71071,3.C.4-6 - Managed Soils:N2O,3 - AFOLU,3.C.4-6 - Managed Soils,0.0103456153764067,2029,N2O,0,0,All Actions,CDMX,cdmx,SISEPUEDE,0.0103456153764067,
6002,71071,3.C.4-6 - Managed Soils:N2O,3 - AFOLU,3.C.4-6 - Managed Soils,0.010083459527109599,2030,N2O,0,0,All Actions,CDMX,cdmx,SISEPUEDE,0.010083459527109599,
6002,71071,3.C.4-6 - Managed Soils:N2O,3 - AFOLU,3.C.4-6 - Managed Soils,0.009827852865856494,2031,N2O,0,0,All Actions,CDMX,cdmx,SISEPUEDE,0.009827852865856494,
6002,71071,3.C.4-6 - Managed Soils:N2O,3 - AFOLU,3.C.4-6 - Managed Soils,0.00958822639177871,2032,N2O,0,0,All Actions,CDMX,cdmx,SISEPUEDE,0.00958822639177871,
6002,71071,3.C.4-6 - Managed Soils:N2O,3 - AFOLU,3.C.4-6 - Managed Soils,0.009476785842690051,2033,N2O,0,0,All Actions,CDMX,cdmx,SISEPUEDE,0.009476785842690051,
6002,71071,3.C.4-6 - Managed Soils:N2O,3 - AFOLU,3.C.4-6 - Managed Soils,0.0093829058150468,2034,N2O,0,0,All Actions,CDMX,cdmx,SISEPUEDE,0.0093829058150468,
6002,71071,3.C.4-6 - Managed Soils:N2O,3 - AFOLU,3.C.4-6 - Managed Soils,0.0092656173349811,2035,N2O,0,0,All Actions,CDMX,cdmx,SISEPUEDE,0.0092656173349811,
6002,71071,3.C.4-6 - Managed Soils:N2O,3 - AFOLU,3.C.4-6 - Managed Soils,0.009159172026085599,2036,N2O,0,0,All Actions,CDMX,cdmx,SISEPUEDE,0.009159172026085599,
6002,71071,3.C.4-6 - Managed Soils:N2O,3 - AFOLU,3.C.4-6 - Managed Soils,0.0090557529164459,2037,N2O,0,0,All Actions,CDMX,cdmx,SISEPUEDE,0.0090557529164459,
6002,71071,3.C.4-6 - Managed Soils:N2O,3 - AFOLU,3.C.4-6 - Managed Soils,0.0089538612140134,2038,N2O,0,0,All Actions,CDMX,cdmx,SISEPUEDE,0.0089538612140134,
6002,71071,3.C.4-6 - Managed Soils:N2O,3 - AFOLU,3.C.4-6 - Managed Soils,0.0088589060209422,2039,N2O,0,0,All Actions,CDMX,cdmx,SISEPUEDE,0.0088589060209422,
6002,71071,3.C.4-6 - Managed Soils:N2O,3 - AFOLU,3.C.4-6 - Managed Soils,0.0087647599029616,2040,N2O,0,0,All Actions,CDMX,cdmx,SISEPUEDE,0.0087647599029616,
6002,71071,3.C.4-6 - Managed Soils:N2O,3 - AFOLU,3.C.4-6 - Managed Soils,0.008669150761962901,2041,N2O,0,0,All Actions,CDMX,cdmx,SISEPUEDE,0.008669150761962901,
6002,71071,3.C.4-6 - Managed Soils:N2O,3 - AFOLU,3.C.4-6 - Managed Soils,0.0085706167309139,2042,N2O,0,0,All Actions,CDMX,cdmx,SISEPUEDE,0.0085706167309139,
6002,71071,3.C.4-6 - Managed Soils:N2O,3 - AFOLU,3.C.4-6 - Managed Soils,0.008467972762458,2043,N2O,0,0,All Actions,CDMX,cdmx,SISEPUEDE,0.008467972762458,
6002,71071,3.C.4-6 - Managed Soils:N2O,3 - AFOLU,3.C.4-6 - Managed Soils,0.0083596125815837,2044,N2O,0,0,All Actions,CDMX,cdmx,SISEPUEDE,0.0083596125815837,
6002,71071,3.C.4-6 - Managed Soils:N2O,3 - AFOLU,3.C.4-6 - Managed Soils,0.0082444146195075,2045,N2O,0,0,All Actions,CDMX,cdmx,SISEPUEDE,0.0082444146195075,
6002,71071,3.C.4-6 - Managed Soils:N2O,3 - AFOLU,3.C.4-6 - Managed Soils,0.0081220061340967,2046,N2O,0,0,All Actions,CDMX,cdmx,SISEPUEDE,0.0081220061340967,
6002,71071,3.C.4-6 - Managed Soils:N2O,3 - AFOLU,3.C.4-6 - Managed Soils,0.007991997407071199,2047,N2O,0,0,All Actions,CDMX,cdmx,SISEPUEDE,0.007991997407071199,
6002,71071,3.C.4-6 - Managed Soils:N2O,3 - AFOLU,3.C.4-6 - Managed Soils,0.0078544729455564,2048,N2O,0,0,All Actions,CDMX,cdmx,SISEPUEDE,0.0078544729455564,
6002,71071,3.C.4-6 - Managed Soils:N2O,3 - AFOLU,3.C.4-6 - Managed Soils,0.007710796326519299,2049,N2O,0,0,All Actions,CDMX,cdmx,SISEPUEDE,0.007710796326519299,
6002,71071,3.C.4-6 - Managed Soils:N2O,3 - AFOLU,3.C.4-6 - Managed Soils,0.0075626710297874,2050,N2O,0,0,All Actions,CDMX,cdmx,SISEPUEDE,0.0075626710297874,
6002,71071,3.C.4-6 - Managed Soils:N2O,3 - AFOLU,3.C.4-6 - Managed Soils,0.007410581129618099,2051,N2O,0,0,All Actions,CDMX,cdmx,SISEPUEDE,0.007410581129618099,
6002,71071,3.C.4-6 - Managed Soils:N2O,3 - AFOLU,3.C.4-6 - Managed Soils,0.007254885757368,2052,N2O,0,0,All Actions,CDMX,cdmx,SISEPUEDE,0.007254885757368,
6002,71071,3.C.4-6 - Managed Soils:N2O,3 - AFOLU,3.C.4-6 - Managed Soils,0.0070973089711068,2053,N2O,0,0,All Actions,CDMX,cdmx,SISEPUEDE,0.0070973089711068,
6002,71071,3.C.4-6 - Managed Soils:N2O,3 - AFOLU,3.C.4-6 - Managed Soils,0.006938085250003501,2054,N2O,0,0,All Actions,CDMX,cdmx,SISEPUEDE,0.006938085250003501,
6002,71071,3.C.4-6 - Managed Soils:N2O,3 - AFOLU,3.C.4-6 - Managed Soils,0.006776746453481201,2055,N2O,0,0,All Actions,CDMX,cdmx,SISEPUEDE,0.006776746453481201,
6002,71071,3.C.4-6 - Managed Soils:N2O,3 - AFOLU,3.C.4-6 - Managed Soils,0.0066130710820358,2056,N2O,0,0,All Actions,CDMX,cdmx,SISEPUEDE,0.0066130710820358,
6002,71071,3.C.4-6 - Managed Soils:N2O,3 - AFOLU,3.C.4-6 - Managed Soils,0.006447167546609562,2057,N2O,0,0,All Actions,CDMX,cdmx,SISEPUEDE,0.006447167546609562,
6002,71071,3.C.4-6 - Managed Soils:N2O,3 - AFOLU,3.C.4-6 - Managed Soils,0.0062802577141901844,2058,N2O,0,0,All Actions,CDMX,cdmx,SISEPUEDE,0.0062802577141901844,
6002,71071,3.C.4-6 - Managed Soils:N2O,3 - AFOLU,3.C.4-6 - Managed Soils,0.006113245281969579,2059,N2O,0,0,All Actions,CDMX,cdmx,SISEPUEDE,0.006113245281969579,
6002,71071,3.C.4-6 - Managed Soils:N2O,3 - AFOLU,3.C.4-6 - Managed Soils,0.005945095404733752,2060,N2O,0,0,All Actions,CDMX,cdmx,SISEPUEDE,0.005945095404733752,
6002,71071,4.A - Solid Waste Disposal:CH4,4 - Waste,4.A - Solid Waste Disposal,0.08299525650269288,2022,CH4,0,0,All Actions,CDMX,cdmx,SISEPUEDE,0.08299525650269288,
6002,71071,4.A - Solid Waste Disposal:CH4,4 - Waste,4.A - Solid Waste Disposal,0.08473550957712572,2023,CH4,0,0,All Actions,CDMX,cdmx,SISEPUEDE,0.08473550957712572,
6002,71071,4.A - Solid Waste Disposal:CH4,4 - Waste,4.A - Solid Waste Disposal,0.08630777467186984,2024,CH4,0,0,All Actions,CDMX,cdmx,SISEPUEDE,0.08630777467186984,
6002,71071,4.A - Solid Waste Disposal:CH4,4 - Waste,4.A - Solid Waste Disposal,0.08772202218101079,2025,CH4,0,0,All Actions,CDMX,cdmx,SISEPUEDE,0.08772202218101079,
6002,71071,4.A - Solid Waste Disposal:CH4,4 - Waste,4.A - Solid Waste Disposal,0.0889869288402972,2026,CH4,0,0,All Actions,CDMX,cdmx,SISEPUEDE,0.0889869288402972,
6002,71071,4.A - Solid Waste Disposal:CH4,4 - Waste,4.A - Solid Waste Disposal,0.09012322205820014,2027,CH4,0,0,All Actions,CDMX,cdmx,SISEPUEDE,0.09012322205820014,
6002,71071,4.A - Solid Waste Disposal:CH4,4 - Waste,4.A - Solid Waste Disposal,0.09114423222288234,2028,CH4,0,0,All Actions,CDMX,cdmx,SISEPUEDE,0.09114423222288234,
6002,71071,4.A - Solid Waste Disposal:CH4,4 - Waste,4.A - Solid Waste Disposal,0.09089750344420795,2029,CH4,0,0,All Actions,CDMX,cdmx,SISEPUEDE,0.09089750344420795,
6002,71071,4.A - Solid Waste Disposal:CH4,4 - Waste,4.A - Solid Waste Disposal,0.09007768446896042,2030,CH4,0,0,All Actions,CDMX,cdmx,SISEPUEDE,0.09007768446896042,
6002,71071,4.A - Solid Waste Disposal:CH4,4 - Waste,4.A - Solid Waste Disposal,0.0887825456684476,2031,CH4,0,0,All Actions,CDMX,cdmx,SISEPUEDE,0.0887825456684476,
6002,71071,4.A - Solid Waste Disposal:CH4,4 - Waste,4.A - Solid Waste Disposal,0.08709533314178071,2032,CH4,0,0,All Actions,CDMX,cdmx,SISEPUEDE,0.08709533314178071,
6002,71071,4.A - Solid Waste Disposal:CH4,4 - Waste,4.A - Solid Waste Disposal,0.08508718450489434,2033,CH4,0,0,All Actions,CDMX,cdmx,SISEPUEDE,0.08508718450489434,
6002,71071,4.A - Solid Waste Disposal:CH4,4 - Waste,4.A - Solid Waste Disposal,0.08281897217814263,2034,CH4,0,0,All Actions,CDMX,cdmx,SISEPUEDE,0.08281897217814263,
6002,71071,4.A - Solid Waste Disposal:CH4,4 - Waste,4.A - Solid Waste Disposal,0.08034274444308193,2035,CH4,0,0,All Actions,CDMX,cdmx,SISEPUEDE,0.08034274444308193,
6002,71071,4.A - Solid Waste Disposal:CH4,4 - Waste,4.A - Solid Waste Disposal,0.07770297394698103,2036,CH4,0,0,All Actions,CDMX,cdmx,SISEPUEDE,0.07770297394698103,
6002,71071,4.A - Solid Waste Disposal:CH4,4 - Waste,4.A - Solid Waste Disposal,0.07493759027487143,2037,CH4,0,0,All Actions,CDMX,cdmx,SISEPUEDE,0.07493759027487143,
6002,71071,4.A - Solid Waste Disposal:CH4,4 - Waste,4.A - Solid Waste Disposal,0.07207885352204858,2038,CH4,0,0,All Actions,CDMX,cdmx,SISEPUEDE,0.07207885352204858,
6002,71071,4.A - Solid Waste Disposal:CH4,4 - Waste,4.A - Solid Waste Disposal,0.0691541273557837,2039,CH4,0,0,All Actions,CDMX,cdmx,SISEPUEDE,0.0691541273557837,
6002,71071,4.A - Solid Waste Disposal:CH4,4 - Waste,4.A - Solid Waste Disposal,0.06618660942379564,2040,CH4,0,0,All Actions,CDMX,cdmx,SISEPUEDE,0.06618660942379564,
6002,71071,4.A - Solid Waste Disposal:CH4,4 - Waste,4.A - Solid Waste Disposal,0.06319583641893141,2041,CH4,0,0,All Actions,CDMX,cdmx,SISEPUEDE,0.06319583641893141,
6002,71071,4.A - Solid Waste Disposal:CH4,4 - Waste,4.A - Solid Waste Disposal,0.06019893642858933,2042,CH4,0,0,All Actions,CDMX,cdmx,SISEPUEDE,0.06019893642858933,
6002,71071,4.A - Solid Waste Disposal:CH4,4 - Waste,4.A - Solid Waste Disposal,0.05721113175314842,2043,CH4,0,0,All Actions,CDMX,cdmx,SISEPUEDE,0.05721113175314842,
6002,71071,4.A - Solid Waste Disposal:CH4,4 - Waste,4.A - Solid Waste Disposal,0.05424636183561104,2044,CH4,0,0,All Actions,CDMX,cdmx,SISEPUEDE,0.05424636183561104,
6002,71071,4.A - Solid Waste Disposal:CH4,4 - Waste,4.A - Solid Waste Disposal,0.0513173782861392,2045,CH4,0,0,All Actions,CDMX,cdmx,SISEPUEDE,0.0513173782861392,
6002,71071,4.A - Solid Waste Disposal:CH4,4 - Waste,4.A - Solid Waste Disposal,0.04843575098086177,2046,CH4,0,0,All Actions,CDMX,cdmx,SISEPUEDE,0.04843575098086177,
6002,71071,4.A - Solid Waste Disposal:CH4,4 - Waste,4.A - Solid Waste Disposal,0.04561205910055596,2047,CH4,0,0,All Actions,CDMX,cdmx,SISEPUEDE,0.04561205910055596,
6002,71071,4.A - Solid Waste Disposal:CH4,4 - Waste,4.A - Solid Waste Disposal,0.042856056276615734,2048,CH4,0,0,All Actions,CDMX,cdmx,SISEPUEDE,0.042856056276615734,
6002,71071,4.A - Solid Waste Disposal:CH4,4 - Waste,4.A - Solid Waste Disposal,0.04017660934625192,2049,CH4,0,0,All Actions,CDMX,cdmx,SISEPUEDE,0.04017660934625192,
6002,71071,4.A - Solid Waste Disposal:CH4,4 - Waste,4.A - Solid Waste Disposal,0.03758157822667273,2050,CH4,0,0,All Actions,CDMX,cdmx,SISEPUEDE,0.03758157822667273,
6002,71071,4.A - Solid Waste Disposal:CH4,4 - Waste,4.A - Solid Waste Disposal,0.03507770803192732,2051,CH4,0,0,All Actions,CDMX,cdmx,SISEPUEDE,0.03507770803192732,
6002,71071,4.A - Solid Waste Disposal:CH4,4 - Waste,4.A - Solid Waste Disposal,0.03267084523015487,2052,CH4,0,0,All Actions,CDMX,cdmx,SISEPUEDE,0.03267084523015487,
6002,71071,4.A - Solid Waste Disposal:CH4,4 - Waste,4.A - Solid Waste Disposal,0.030365886968296483,2053,CH4,0,0,All Actions,CDMX,cdmx,SISEPUEDE,0.030365886968296483,
6002,71071,4.A - Solid Waste Disposal:CH4,4 - Waste,4.A - Solid Waste Disposal,0.028167271126717925,2054,CH4,0,0,All Actions,CDMX,cdmx,SISEPUEDE,0.028167271126717925,
6002,71071,4.A - Solid Waste Disposal:CH4,4 - Waste,4.A - Solid Waste Disposal,0.026078724410748284,2055,CH4,0,0,All Actions,CDMX,cdmx,SISEPUEDE,0.026078724410748284,
6002,71071,4.A - Solid Waste Disposal:CH4,4 - Waste,4.A - Solid Waste Disposal,0.024103778846221273,2056,CH4,0,0,All Actions,CDMX,cdmx,SISEPUEDE,0.024103778846221273,
6002,71071,4.A - Solid Waste Disposal:CH4,4 - Waste,4.A - Solid Waste Disposal,0.022245738694594668,2057,CH4,0,0,All Actions,CDMX,cdmx,SISEPUEDE,0.022245738694594668,
6002,71071,4.A - Solid Waste Disposal:CH4,4 - Waste,4.A - Solid Waste Disposal,0.02050749060640492,2058,CH4,0,0,All Actions,CDMX,cdmx,SISEPUEDE,0.02050749060640492,
6002,71071,4.A - Solid Waste Disposal:CH4,4 - Waste,4.A - Solid Waste Disposal,0.01889176087263779,2059,CH4,0,0,All Actions,CDMX,cdmx,SISEPUEDE,0.01889176087263779,
6002,71071,4.A - Solid Waste Disposal:CH4,4 - Waste,4.A - Solid Waste Disposal,0.017400828077073525,2060,CH4,0,0,All Actions,CDMX,cdmx,SISEPUEDE,0.017400828077073525,
6002,71071,4.A - Solid Waste Disposal:N2O,4 - Waste,4.A - Solid Waste Disposal,0.00016228052286529986,2022,N2O,0,0,All Actions,CDMX,cdmx,SISEPUEDE,0.00016228052286529986,
6002,71071,4.A - Solid Waste Disposal:N2O,4 - Waste,4.A - Solid Waste Disposal,0.0001631015431998301,2023,N2O,0,0,All Actions,CDMX,cdmx,SISEPUEDE,0.0001631015431998301,
6002,71071,4.A - Solid Waste Disposal:N2O,4 - Waste,4.A - Solid Waste Disposal,0.00016362709863712498,2024,N2O,0,0,All Actions,CDMX,cdmx,SISEPUEDE,0.00016362709863712498,
6002,71071,4.A - Solid Waste Disposal:N2O,4 - Waste,4.A - Solid Waste Disposal,0.00016382258739925566,2025,N2O,0,0,All Actions,CDMX,cdmx,SISEPUEDE,0.00016382258739925566,
6002,71071,4.A - Solid Waste Disposal:N2O,4 - Waste,4.A - Solid Waste Disposal,0.00016414384425177442,2026,N2O,0,0,All Actions,CDMX,cdmx,SISEPUEDE,0.00016414384425177442,
6002,71071,4.A - Solid Waste Disposal:N2O,4 - Waste,4.A - Solid Waste Disposal,0.0001644647362021413,2027,N2O,0,0,All Actions,CDMX,cdmx,SISEPUEDE,0.0001644647362021413,
6002,71071,4.A - Solid Waste Disposal:N2O,4 - Waste,4.A - Solid Waste Disposal,0.0001647489719898097,2028,N2O,0,0,All Actions,CDMX,cdmx,SISEPUEDE,0.0001647489719898097,
6002,71071,4.A - Solid Waste Disposal:N2O,4 - Waste,4.A - Solid Waste Disposal,0.0003187481745600136,2029,N2O,0,0,All Actions,CDMX,cdmx,SISEPUEDE,0.0003187481745600136,
6002,71071,4.A - Solid Waste Disposal:N2O,4 - Waste,4.A - Solid Waste Disposal,0.00047100207634804484,2030,N2O,0,0,All Actions,CDMX,cdmx,SISEPUEDE,0.00047100207634804484,
6002,71071,4.A - Solid Waste Disposal:N2O,4 - Waste,4.A - Solid Waste Disposal,0.0006214930357910757,2031,N2O,0,0,All Actions,CDMX,cdmx,SISEPUEDE,0.0006214930357910757,
6002,71071,4.A - Solid Waste Disposal:N2O,4 - Waste,4.A - Solid Waste Disposal,0.0007702310901439625,2032,N2O,0,0,All Actions,CDMX,cdmx,SISEPUEDE,0.0007702310901439625,
6002,71071,4.A - Solid Waste Disposal:N2O,4 - Waste,4.A - Solid Waste Disposal,0.0009172446226197999,2033,N2O,0,0,All Actions,CDMX,cdmx,SISEPUEDE,0.0009172446226197999,
6002,71071,4.A - Solid Waste Disposal:N2O,4 - Waste,4.A - Solid Waste Disposal,0.0010625663939165,2034,N2O,0,0,All Actions,CDMX,cdmx,SISEPUEDE,0.0010625663939165,
6002,71071,4.A - Solid Waste Disposal:N2O,4 - Waste,4.A - Solid Waste Disposal,0.0012062250179975,2035,N2O,0,0,All Actions,CDMX,cdmx,SISEPUEDE,0.0012062250179975,
6002,71071,4.A - Solid Waste Disposal:N2O,4 - Waste,4.A - Solid Waste Disposal,0.0013482318186214001,2036,N2O,0,0,All Actions,CDMX,cdmx,SISEPUEDE,0.0013482318186214001,
6002,71071,4.A - Solid Waste Disposal:N2O,4 - Waste,4.A - Solid Waste Disposal,0.001488559798279,2037,N2O,0,0,All Actions,CDMX,cdmx,SISEPUEDE,0.001488559798279,
6002,71071,4.A - Solid Waste Disposal:N2O,4 - Waste,4.A - Solid Waste Disposal,0.0016271409763177,2038,N2O,0,0,All Actions,CDMX,cdmx,SISEPUEDE,0.0016271409763177,
6002,71071,4.A - Solid Waste Disposal:N2O,4 - Waste,4.A - Solid Waste Disposal,0.0017638190659598999,2039,N2O,0,0,All Actions,CDMX,cdmx,SISEPUEDE,0.0017638190659598999,
6002,71071,4.A - Solid Waste Disposal:N2O,4 - Waste,4.A - Solid Waste Disposal,0.0018983738456787,2040,N2O,0,0,All Actions,CDMX,cdmx,SISEPUEDE,0.0018983738456787,
6002,71071,4.A - Solid Waste Disposal:N2O,4 - Waste,4.A - Solid Waste Disposal,0.0020303555202338002,2041,N2O,0,0,All Actions,CDMX,cdmx,SISEPUEDE,0.0020303555202338002,
6002,71071,4.A - Solid Waste Disposal:N2O,4 - Waste,4.A - Solid Waste Disposal,0.002159521241403,2042,N2O,0,0,All Actions,CDMX,cdmx,SISEPUEDE,0.002159521241403,
6002,71071,4.A - Solid Waste Disposal:N2O,4 - Waste,4.A - Solid Waste Disposal,0.0022856106585669,2043,N2O,0,0,All Actions,CDMX,cdmx,SISEPUEDE,0.0022856106585669,
6002,71071,4.A - Solid Waste Disposal:N2O,4 - Waste,4.A - Solid Waste Disposal,0.0024085069989120997,2044,N2O,0,0,All Actions,CDMX,cdmx,SISEPUEDE,0.0024085069989120997,
6002,71071,4.A - Solid Waste Disposal:N2O,4 - Waste,4.A - Solid Waste Disposal,0.0025280959584999003,2045,N2O,0,0,All Actions,CDMX,cdmx,SISEPUEDE,0.0025280959584999003,
6002,71071,4.A - Solid Waste Disposal:N2O,4 - Waste,4.A - Solid Waste Disposal,0.0026442377872474003,2046,N2O,0,0,All Actions,CDMX,cdmx,SISEPUEDE,0.0026442377872474003,
6002,71071,4.A - Solid Waste Disposal:N2O,4 - Waste,4.A - Solid Waste Disposal,0.0027568228807953996,2047,N2O,0,0,All Actions,CDMX,cdmx,SISEPUEDE,0.0027568228807953996,
6002,71071,4.A - Solid Waste Disposal:N2O,4 - Waste,4.A - Solid Waste Disposal,0.0028658373513704,2048,N2O,0,0,All Actions,CDMX,cdmx,SISEPUEDE,0.0028658373513704,
6002,71071,4.A - Solid Waste Disposal:N2O,4 - Waste,4.A - Solid Waste Disposal,0.0029712684624186997,2049,N2O,0,0,All Actions,CDMX,cdmx,SISEPUEDE,0.0029712684624186997,
6002,71071,4.A - Solid Waste Disposal:N2O,4 - Waste,4.A - Solid Waste Disposal,0.0030730267000318003,2050,N2O,0,0,All Actions,CDMX,cdmx,SISEPUEDE,0.0030730267000318003,
6002,71071,4.A - Solid Waste Disposal:N2O,4 - Waste,4.A - Solid Waste Disposal,0.0031708727943984996,2051,N2O,0,0,All Actions,CDMX,cdmx,SISEPUEDE,0.0031708727943984996,
6002,71071,4.A - Solid Waste Disposal:N2O,4 - Waste,4.A - Solid Waste Disposal,0.0032645186205681,2052,N2O,0,0,All Actions,CDMX,cdmx,SISEPUEDE,0.0032645186205681,
6002,71071,4.A - Solid Waste Disposal:N2O,4 - Waste,4.A - Solid Waste Disposal,0.0033535439149927,2053,N2O,0,0,All Actions,CDMX,cdmx,SISEPUEDE,0.0033535439149927,
6002,71071,4.A - Solid Waste Disposal:N2O,4 - Waste,4.A - Solid Waste Disposal,0.0034376394462087,2054,N2O,0,0,All Actions,CDMX,cdmx,SISEPUEDE,0.0034376394462087,
6002,71071,4.A - Solid Waste Disposal:N2O,4 - Waste,4.A - Solid Waste Disposal,0.0035163892921328,2055,N2O,0,0,All Actions,CDMX,cdmx,SISEPUEDE,0.0035163892921328,
6002,71071,4.A - Solid Waste Disposal:N2O,4 - Waste,4.A - Solid Waste Disposal,0.0035895388225995997,2056,N2O,0,0,All Actions,CDMX,cdmx,SISEPUEDE,0.0035895388225995997,
6002,71071,4.A - Solid Waste Disposal:N2O,4 - Waste,4.A - Solid Waste Disposal,0.0036569378500120996,2057,N2O,0,0,All Actions,CDMX,cdmx,SISEPUEDE,0.0036569378500120996,
6002,71071,4.A - Solid Waste Disposal:N2O,4 - Waste,4.A - Solid Waste Disposal,0.0037184150765233997,2058,N2O,0,0,All Actions,CDMX,cdmx,SISEPUEDE,0.0037184150765233997,
6002,71071,4.A - Solid Waste Disposal:N2O,4 - Waste,4.A - Solid Waste Disposal,0.0037739298737609,2059,N2O,0,0,All Actions,CDMX,cdmx,SISEPUEDE,0.0037739298737609,
6002,71071,4.A - Solid Waste Disposal:N2O,4 - Waste,4.A - Solid Waste Disposal,0.0038234022080886995,2060,N2O,0,0,All Actions,CDMX,cdmx,SISEPUEDE,0.0038234022080886995,
6002,71071,4.D - Wastewater:CH4,4 - Waste,4.D - Wastewater,0.1389265503859055,2022,CH4,0,0,All Actions,CDMX,cdmx,SISEPUEDE,0.1389265503859055,
6002,71071,4.D - Wastewater:CH4,4 - Waste,4.D - Wastewater,0.14132267182837388,2023,CH4,0,0,All Actions,CDMX,cdmx,SISEPUEDE,0.14132267182837388,
6002,71071,4.D - Wastewater:CH4,4 - Waste,4.D - Wastewater,0.14308485546660593,2024,CH4,0,0,All Actions,CDMX,cdmx,SISEPUEDE,0.14308485546660593,
6002,71071,4.D - Wastewater:CH4,4 - Waste,4.D - Wastewater,0.14411099344053988,2025,CH4,0,0,All Actions,CDMX,cdmx,SISEPUEDE,0.14411099344053988,
6002,71071,4.D - Wastewater:CH4,4 - Waste,4.D - Wastewater,0.1455312424677314,2026,CH4,0,0,All Actions,CDMX,cdmx,SISEPUEDE,0.1455312424677314,
6002,71071,4.D - Wastewater:CH4,4 - Waste,4.D - Wastewater,0.1470485609911758,2027,CH4,0,0,All Actions,CDMX,cdmx,SISEPUEDE,0.1470485609911758,
6002,71071,4.D - Wastewater:CH4,4 - Waste,4.D - Wastewater,0.14857113959800833,2028,CH4,0,0,All Actions,CDMX,cdmx,SISEPUEDE,0.14857113959800833,
6002,71071,4.D - Wastewater:CH4,4 - Waste,4.D - Wastewater,0.15718439204693582,2029,CH4,0,0,All Actions,CDMX,cdmx,SISEPUEDE,0.15718439204693582,
6002,71071,4.D - Wastewater:CH4,4 - Waste,4.D - Wastewater,0.16550743322487899,2030,CH4,0,0,All Actions,CDMX,cdmx,SISEPUEDE,0.16550743322487899,
6002,71071,4.D - Wastewater:CH4,4 - Waste,4.D - Wastewater,0.17352233155562877,2031,CH4,0,0,All Actions,CDMX,cdmx,SISEPUEDE,0.17352233155562877,
6002,71071,4.D - Wastewater:CH4,4 - Waste,4.D - Wastewater,0.18122627131505842,2032,CH4,0,0,All Actions,CDMX,cdmx,SISEPUEDE,0.18122627131505842,
6002,71071,4.D - Wastewater:CH4,4 - Waste,4.D - Wastewater,0.18861438780903445,2033,CH4,0,0,All Actions,CDMX,cdmx,SISEPUEDE,0.18861438780903445,
6002,71071,4.D - Wastewater:CH4,4 - Waste,4.D - Wastewater,0.19567862328291263,2034,CH4,0,0,All Actions,CDMX,cdmx,SISEPUEDE,0.19567862328291263,
6002,71071,4.D - Wastewater:CH4,4 - Waste,4.D - Wastewater,0.20240758358912664,2035,CH4,0,0,All Actions,CDMX,cdmx,SISEPUEDE,0.20240758358912664,
6002,71071,4.D - Wastewater:CH4,4 - Waste,4.D - Wastewater,0.20878600770031275,2036,CH4,0,0,All Actions,CDMX,cdmx,SISEPUEDE,0.20878600770031275,
6002,71071,4.D - Wastewater:CH4,4 - Waste,4.D - Wastewater,0.21479391819935612,2037,CH4,0,0,All Actions,CDMX,cdmx,SISEPUEDE,0.21479391819935612,
6002,71071,4.D - Wastewater:CH4,4 - Waste,4.D - Wastewater,0.22040705887779294,2038,CH4,0,0,All Actions,CDMX,cdmx,SISEPUEDE,0.22040705887779294,
6002,71071,4.D - Wastewater:CH4,4 - Waste,4.D - Wastewater,0.2255820285983498,2039,CH4,0,0,All Actions,CDMX,cdmx,SISEPUEDE,0.2255820285983498,
6002,71071,4.D - Wastewater:CH4,4 - Waste,4.D - Wastewater,0.2302568851086133,2040,CH4,0,0,All Actions,CDMX,cdmx,SISEPUEDE,0.2302568851086133,
6002,71071,4.D - Wastewater:CH4,4 - Waste,4.D - Wastewater,0.23428532106516758,2041,CH4,0,0,All Actions,CDMX,cdmx,SISEPUEDE,0.23428532106516758,
6002,71071,4.D - Wastewater:CH4,4 - Waste,4.D - Wastewater,0.2376018738899949,2042,CH4,0,0,All Actions,CDMX,cdmx,SISEPUEDE,0.2376018738899949,
6002,71071,4.D - Wastewater:CH4,4 - Waste,4.D - Wastewater,0.24012396716959505,2043,CH4,0,0,All Actions,CDMX,cdmx,SISEPUEDE,0.24012396716959505,
6002,71071,4.D - Wastewater:CH4,4 - Waste,4.D - Wastewater,0.24180774077392686,2044,CH4,0,0,All Actions,CDMX,cdmx,SISEPUEDE,0.24180774077392686,
6002,71071,4.D - Wastewater:CH4,4 - Waste,4.D - Wastewater,0.242607730850454,2045,CH4,0,0,All Actions,CDMX,cdmx,SISEPUEDE,0.242607730850454,
6002,71071,4.D - Wastewater:CH4,4 - Waste,4.D - Wastewater,0.2424556971681619,2046,CH4,0,0,All Actions,CDMX,cdmx,SISEPUEDE,0.2424556971681619,
6002,71071,4.D - Wastewater:CH4,4 - Waste,4.D - Wastewater,0.24129484952777053,2047,CH4,0,0,All Actions,CDMX,cdmx,SISEPUEDE,0.24129484952777053,
6002,71071,4.D - Wastewater:CH4,4 - Waste,4.D - Wastewater,0.23908926387587598,2048,CH4,0,0,All Actions,CDMX,cdmx,SISEPUEDE,0.23908926387587598,
6002,71071,4.D - Wastewater:CH4,4 - Waste,4.D - Wastewater,0.23580460796109443,2049,CH4,0,0,All Actions,CDMX,cdmx,SISEPUEDE,0.23580460796109443,
6002,71071,4.D - Wastewater:CH4,4 - Waste,4.D - Wastewater,0.23139017775226337,2050,CH4,0,0,All Actions,CDMX,cdmx,SISEPUEDE,0.23139017775226337,
6002,71071,4.D - Wastewater:CH4,4 - Waste,4.D - Wastewater,0.2257617789480953,2051,CH4,0,0,All Actions,CDMX,cdmx,SISEPUEDE,0.2257617789480953,
6002,71071,4.D - Wastewater:CH4,4 - Waste,4.D - Wastewater,0.21883531067377973,2052,CH4,0,0,All Actions,CDMX,cdmx,SISEPUEDE,0.21883531067377973,
6002,71071,4.D - Wastewater:CH4,4 - Waste,4.D - Wastewater,0.21051020260866815,2053,CH4,0,0,All Actions,CDMX,cdmx,SISEPUEDE,0.21051020260866815,
6002,71071,4.D - Wastewater:CH4,4 - Waste,4.D - Wastewater,0.2007210088573903,2054,CH4,0,0,All Actions,CDMX,cdmx,SISEPUEDE,0.2007210088573903,
6002,71071,4.D - Wastewater:CH4,4 - Waste,4.D - Wastewater,0.18937696270382834,2055,CH4,0,0,All Actions,CDMX,cdmx,SISEPUEDE,0.18937696270382834,
6002,71071,4.D - Wastewater:CH4,4 - Waste,4.D - Wastewater,0.1764210238348099,2056,CH4,0,0,All Actions,CDMX,cdmx,SISEPUEDE,0.1764210238348099,
6002,71071,4.D - Wastewater:CH4,4 - Waste,4.D - Wastewater,0.1618077832141303,2057,CH4,0,0,All Actions,CDMX,cdmx,SISEPUEDE,0.1618077832141303,
6002,71071,4.D - Wastewater:CH4,4 - Waste,4.D - Wastewater,0.14547504546089823,2058,CH4,0,0,All Actions,CDMX,cdmx,SISEPUEDE,0.14547504546089823,
6002,71071,4.D - Wastewater:CH4,4 - Waste,4.D - Wastewater,0.1273686426893439,2059,CH4,0,0,All Actions,CDMX,cdmx,SISEPUEDE,0.1273686426893439,
6002,71071,4.D - Wastewater:CH4,4 - Waste,4.D - Wastewater,0.10742640623072838,2060,CH4,0,0,All Actions,CDMX,cdmx,SISEPUEDE,0.10742640623072838,
6002,71071,4.D - Wastewater:N2O,4 - Waste,4.D - Wastewater,0.659193242929152,2022,N2O,0,0,All Actions,CDMX,cdmx,SISEPUEDE,0.659193242929152,
6002,71071,4.D - Wastewater:N2O,4 - Waste,4.D - Wastewater,0.6769592820382031,2023,N2O,0,0,All Actions,CDMX,cdmx,SISEPUEDE,0.6769592820382031,
6002,71071,4.D - Wastewater:N2O,4 - Waste,4.D - Wastewater,0.6902200558061717,2024,N2O,0,0,All Actions,CDMX,cdmx,SISEPUEDE,0.6902200558061717,
6002,71071,4.D - Wastewater:N2O,4 - Waste,4.D - Wastewater,0.6981736785633904,2025,N2O,0,0,All Actions,CDMX,cdmx,SISEPUEDE,0.6981736785633904,
6002,71071,4.D - Wastewater:N2O,4 - Waste,4.D - Wastewater,0.7091344803520023,2026,N2O,0,0,All Actions,CDMX,cdmx,SISEPUEDE,0.7091344803520023,
6002,71071,4.D - Wastewater:N2O,4 - Waste,4.D - Wastewater,0.7209170968689587,2027,N2O,0,0,All Actions,CDMX,cdmx,SISEPUEDE,0.7209170968689587,
6002,71071,4.D - Wastewater:N2O,4 - Waste,4.D - Wastewater,0.732848358230054,2028,N2O,0,0,All Actions,CDMX,cdmx,SISEPUEDE,0.732848358230054,
6002,71071,4.D - Wastewater:N2O,4 - Waste,4.D - Wastewater,0.7094522840920852,2029,N2O,0,0,All Actions,CDMX,cdmx,SISEPUEDE,0.7094522840920852,
6002,71071,4.D - Wastewater:N2O,4 - Waste,4.D - Wastewater,0.6866662480718282,2030,N2O,0,0,All Actions,CDMX,cdmx,SISEPUEDE,0.6866662480718282,
6002,71071,4.D - Wastewater:N2O,4 - Waste,4.D - Wastewater,0.6643819156480449,2031,N2O,0,0,All Actions,CDMX,cdmx,SISEPUEDE,0.6643819156480449,
6002,71071,4.D - Wastewater:N2O,4 - Waste,4.D - Wastewater,0.6425986960633097,2032,N2O,0,0,All Actions,CDMX,cdmx,SISEPUEDE,0.6425986960633097,
6002,71071,4.D - Wastewater:N2O,4 - Waste,4.D - Wastewater,0.6213133775159388,2033,N2O,0,0,All Actions,CDMX,cdmx,SISEPUEDE,0.6213133775159388,
6002,71071,4.D - Wastewater:N2O,4 - Waste,4.D - Wastewater,0.6005698590691496,2034,N2O,0,0,All Actions,CDMX,cdmx,SISEPUEDE,0.6005698590691496,
6002,71071,4.D - Wastewater:N2O,4 - Waste,4.D - Wastewater,0.5803454744473745,2035,N2O,0,0,All Actions,CDMX,cdmx,SISEPUEDE,0.5803454744473745,
6002,71071,4.D - Wastewater:N2O,4 - Waste,4.D - Wastewater,0.5606238864501885,2036,N2O,0,0,All Actions,CDMX,cdmx,SISEPUEDE,0.5606238864501885,
6002,71071,4.D - Wastewater:N2O,4 - Waste,4.D - Wastewater,0.5414370441843387,2037,N2O,0,0,All Actions,CDMX,cdmx,SISEPUEDE,0.5414370441843387,
6002,71071,4.D - Wastewater:N2O,4 - Waste,4.D - Wastewater,0.5227883967225583,2038,N2O,0,0,All Actions,CDMX,cdmx,SISEPUEDE,0.5227883967225583,
6002,71071,4.D - Wastewater:N2O,4 - Waste,4.D - Wastewater,0.5046602968689227,2039,N2O,0,0,All Actions,CDMX,cdmx,SISEPUEDE,0.5046602968689227,
6002,71071,4.D - Wastewater:N2O,4 - Waste,4.D - Wastewater,0.4869847146385627,2040,N2O,0,0,All Actions,CDMX,cdmx,SISEPUEDE,0.4869847146385627,
6002,71071,4.D - Wastewater:N2O,4 - Waste,4.D - Wastewater,0.46955289560178226,2041,N2O,0,0,All Actions,CDMX,cdmx,SISEPUEDE,0.46955289560178226,
6002,71071,4.D - Wastewater:N2O,4 - Waste,4.D - Wastewater,0.45243355874377417,2042,N2O,0,0,All Actions,CDMX,cdmx,SISEPUEDE,0.45243355874377417,
6002,71071,4.D - Wastewater:N2O,4 - Waste,4.D - Wastewater,0.4356693726186645,2043,N2O,0,0,All Actions,CDMX,cdmx,SISEPUEDE,0.4356693726186645,
6002,71071,4.D - Wastewater:N2O,4 - Waste,4.D - Wastewater,0.4193730561286577,2044,N2O,0,0,All Actions,CDMX,cdmx,SISEPUEDE,0.4193730561286577,
6002,71071,4.D - Wastewater:N2O,4 - Waste,4.D - Wastewater,0.4036696163844589,2045,N2O,0,0,All Actions,CDMX,cdmx,SISEPUEDE,0.4036696163844589,
6002,71071,4.D - Wastewater:N2O,4 - Waste,4.D - Wastewater,0.388684611745935,2046,N2O,0,0,All Actions,CDMX,cdmx,SISEPUEDE,0.388684611745935,
6002,71071,4.D - Wastewater:N2O,4 - Waste,4.D - Wastewater,0.37452373949262585,2047,N2O,0,0,All Actions,CDMX,cdmx,SISEPUEDE,0.37452373949262585,
6002,71071,4.D - Wastewater:N2O,4 - Waste,4.D - Wastewater,0.36137812713154427,2048,N2O,0,0,All Actions,CDMX,cdmx,SISEPUEDE,0.36137812713154427,
6002,71071,4.D - Wastewater:N2O,4 - Waste,4.D - Wastewater,0.3493963969764881,2049,N2O,0,0,All Actions,CDMX,cdmx,SISEPUEDE,0.3493963969764881,
6002,71071,4.D - Wastewater:N2O,4 - Waste,4.D - Wastewater,0.3387332700027507,2050,N2O,0,0,All Actions,CDMX,cdmx,SISEPUEDE,0.3387332700027507,
6002,71071,4.D - Wastewater:N2O,4 - Waste,4.D - Wastewater,0.32950177917218026,2051,N2O,0,0,All Actions,CDMX,cdmx,SISEPUEDE,0.32950177917218026,
6002,71071,4.D - Wastewater:N2O,4 - Waste,4.D - Wastewater,0.32182340982802593,2052,N2O,0,0,All Actions,CDMX,cdmx,SISEPUEDE,0.32182340982802593,
6002,71071,4.D - Wastewater:N2O,4 - Waste,4.D - Wastewater,0.31579495699560256,2053,N2O,0,0,All Actions,CDMX,cdmx,SISEPUEDE,0.31579495699560256,
6002,71071,4.D - Wastewater:N2O,4 - Waste,4.D - Wastewater,0.31156963272784993,2054,N2O,0,0,All Actions,CDMX,cdmx,SISEPUEDE,0.31156963272784993,
6002,71071,4.D - Wastewater:N2O,4 - Waste,4.D - Wastewater,0.30927458788343715,2055,N2O,0,0,All Actions,CDMX,cdmx,SISEPUEDE,0.30927458788343715,
6002,71071,4.D - Wastewater:N2O,4 - Waste,4.D - Wastewater,0.30906575811823045,2056,N2O,0,0,All Actions,CDMX,cdmx,SISEPUEDE,0.30906575811823045,
6002,71071,4.D - Wastewater:N2O,4 - Waste,4.D - Wastewater,0.3111443820300916,2057,N2O,0,0,All Actions,CDMX,cdmx,SISEPUEDE,0.3111443820300916,
6002,71071,4.D - Wastewater:N2O,4 - Waste,4.D - Wastewater,0.31568331191176774,2058,N2O,0,0,All Actions,CDMX,cdmx,SISEPUEDE,0.31568331191176774,
6002,71071,4.D - Wastewater:N2O,4 - Waste,4.D - Wastewater,0.3228912222502932,2059,N2O,0,0,All Actions,CDMX,cdmx,SISEPUEDE,0.3228912222502932,
6002,71071,4.D - Wastewater:N2O,4 - Waste,4.D - Wastewater,0.33296357416933986,2060,N2O,0,0,All Actions,CDMX,cdmx,SISEPUEDE,0.33296357416933986,
6002,71071,5 - CCSQ:CO2,5 - CCSQ,5 - CCSQ,0.0,2022,CO2,0,0,All Actions,CDMX,cdmx,SISEPUEDE,0.0,
6002,71071,5 - CCSQ:CO2,5 - CCSQ,5 - CCSQ,0.0,2023,CO2,0,0,All Actions,CDMX,cdmx,SISEPUEDE,0.0,
6002,71071,5 - CCSQ:CO2,5 - CCSQ,5 - CCSQ,0.0,2024,CO2,0,0,All Actions,CDMX,cdmx,SISEPUEDE,0.0,
6002,71071,5 - CCSQ:CO2,5 - CCSQ,5 - CCSQ,0.0,2025,CO2,0,0,All Actions,CDMX,cdmx,SISEPUEDE,0.0,
6002,71071,5 - CCSQ:CO2,5 - CCSQ,5 - CCSQ,0.0,2026,CO2,0,0,All Actions,CDMX,cdmx,SISEPUEDE,0.0,
6002,71071,5 - CCSQ:CO2,5 - CCSQ,5 - CCSQ,0.0,2027,CO2,0,0,All Actions,CDMX,cdmx,SISEPUEDE,0.0,
6002,71071,5 - CCSQ:CO2,5 - CCSQ,5 - CCSQ,0.0,2028,CO2,0,0,All Actions,CDMX,cdmx,SISEPUEDE,0.0,
6002,71071,5 - CCSQ:CO2,5 - CCSQ,5 - CCSQ,-1.0121790399277495,2029,CO2,0,0,All Actions,CDMX,cdmx,SISEPUEDE,-1.0121790399277495,
6002,71071,5 - CCSQ:CO2,5 - CCSQ,5 - CCSQ,-2.024358079855499,2030,CO2,0,0,All Actions,CDMX,cdmx,SISEPUEDE,-2.024358079855499,
6002,71071,5 - CCSQ:CO2,5 - CCSQ,5 - CCSQ,-3.036537119783249,2031,CO2,0,0,All Actions,CDMX,cdmx,SISEPUEDE,-3.036537119783249,
6002,71071,5 - CCSQ:CO2,5 - CCSQ,5 - CCSQ,-4.048716159710999,2032,CO2,0,0,All Actions,CDMX,cdmx,SISEPUEDE,-4.048716159710999,
6002,71071,5 - CCSQ:CO2,5 - CCSQ,5 - CCSQ,-5.060895199638749,2033,CO2,0,0,All Actions,CDMX,cdmx,SISEPUEDE,-5.060895199638749,
6002,71071,5 - CCSQ:CO2,5 - CCSQ,5 - CCSQ,-6.073074239566498,2034,CO2,0,0,All Actions,CDMX,cdmx,SISEPUEDE,-6.073074239566498,
6002,71071,5 - CCSQ:CO2,5 - CCSQ,5 - CCSQ,-7.085253279494247,2035,CO2,0,0,All Actions,CDMX,cdmx,SISEPUEDE,-7.085253279494247,
6002,71071,5 - CCSQ:CO2,5 - CCSQ,5 - CCSQ,-8.097432319421998,2036,CO2,0,0,All Actions,CDMX,cdmx,SISEPUEDE,-8.097432319421998,
6002,71071,5 - CCSQ:CO2,5 - CCSQ,5 - CCSQ,-9.109611359349747,2037,CO2,0,0,All Actions,CDMX,cdmx,SISEPUEDE,-9.109611359349747,
6002,71071,5 - CCSQ:CO2,5 - CCSQ,5 - CCSQ,-10.121790399277495,2038,CO2,0,0,All Actions,CDMX,cdmx,SISEPUEDE,-10.121790399277495,
6002,71071,5 - CCSQ:CO2,5 - CCSQ,5 - CCSQ,-11.133969439205249,2039,CO2,0,0,All Actions,CDMX,cdmx,SISEPUEDE,-11.133969439205249,
6002,71071,5 - CCSQ:CO2,5 - CCSQ,5 - CCSQ,-12.146148479132997,2040,CO2,0,0,All Actions,CDMX,cdmx,SISEPUEDE,-12.146148479132997,
6002,71071,5 - CCSQ:CO2,5 - CCSQ,5 - CCSQ,-13.158327519060746,2041,CO2,0,0,All Actions,CDMX,cdmx,SISEPUEDE,-13.158327519060746,
6002,71071,5 - CCSQ:CO2,5 - CCSQ,5 - CCSQ,-14.170506558988494,2042,CO2,0,0,All Actions,CDMX,cdmx,SISEPUEDE,-14.170506558988494,
6002,71071,5 - CCSQ:CO2,5 - CCSQ,5 - CCSQ,-15.182685598916244,2043,CO2,0,0,All Actions,CDMX,cdmx,SISEPUEDE,-15.182685598916244,
6002,71071,5 - CCSQ:CO2,5 - CCSQ,5 - CCSQ,-16.194864638843995,2044,CO2,0,0,All Actions,CDMX,cdmx,SISEPUEDE,-16.194864638843995,
6002,71071,5 - CCSQ:CO2,5 - CCSQ,5 - CCSQ,-17.20704367877174,2045,CO2,0,0,All Actions,CDMX,cdmx,SISEPUEDE,-17.20704367877174,
6002,71071,5 - CCSQ:CO2,5 - CCSQ,5 - CCSQ,-18.219222718699495,2046,CO2,0,0,All Actions,CDMX,cdmx,SISEPUEDE,-18.219222718699495,
6002,71071,5 - CCSQ:CO2,5 - CCSQ,5 - CCSQ,-19.231401758627243,2047,CO2,0,0,All Actions,CDMX,cdmx,SISEPUEDE,-19.231401758627243,
6002,71071,5 - CCSQ:CO2,5 - CCSQ,5 - CCSQ,-20.24358079855499,2048,CO2,0,0,All Actions,CDMX,cdmx,SISEPUEDE,-20.24358079855499,
6002,71071,5 - CCSQ:CO2,5 - CCSQ,5 - CCSQ,-21.255759838482746,2049,CO2,0,0,All Actions,CDMX,cdmx,SISEPUEDE,-21.255759838482746,
6002,71071,5 - CCSQ:CO2,5 - CCSQ,5 - CCSQ,-22.267938878410497,2050,CO2,0,0,All Actions,CDMX,cdmx,SISEPUEDE,-22.267938878410497,
6002,71071,5 - CCSQ:CO2,5 - CCSQ,5 - CCSQ,-23.28011791833824,2051,CO2,0,0,All Actions,CDMX,cdmx,SISEPUEDE,-23.28011791833824,
6002,71071,5 - CCSQ:CO2,5 - CCSQ,5 - CCSQ,-24.292296958265993,2052,CO2,0,0,All Actions,CDMX,cdmx,SISEPUEDE,-24.292296958265993,
6002,71071,5 - CCSQ:CO2,5 - CCSQ,5 - CCSQ,-25.30447599819374,2053,CO2,0,0,All Actions,CDMX,cdmx,SISEPUEDE,-25.30447599819374,
6002,71071,5 - CCSQ:CO2,5 - CCSQ,5 - CCSQ,-26.316655038121493,2054,CO2,0,0,All Actions,CDMX,cdmx,SISEPUEDE,-26.316655038121493,
6002,71071,5 - CCSQ:CO2,5 - CCSQ,5 - CCSQ,-27.32883407804924,2055,CO2,0,0,All Actions,CDMX,cdmx,SISEPUEDE,-27.32883407804924,
6002,71071,5 - CCSQ:CO2,5 - CCSQ,5 - CCSQ,-28.34101311797699,2056,CO2,0,0,All Actions,CDMX,cdmx,SISEPUEDE,-28.34101311797699,
6002,71071,5 - CCSQ:CO2,5 - CCSQ,5 - CCSQ,-29.35319215790474,2057,CO2,0,0,All Actions,CDMX,cdmx,SISEPUEDE,-29.35319215790474,
6002,71071,5 - CCSQ:CO2,5 - CCSQ,5 - CCSQ,-30.365371197832488,2058,CO2,0,0,All Actions,CDMX,cdmx,SISEPUEDE,-30.365371197832488,
6002,71071,5 - CCSQ:CO2,5 - CCSQ,5 - CCSQ,-31.377550237760243,2059,CO2,0,0,All Actions,CDMX,cdmx,SISEPUEDE,-31.377550237760243,
6002,71071,5 - CCSQ:CO2,5 - CCSQ,5 - CCSQ,-32.38972927768799,2060,CO2,0,0,All Actions,CDMX,cdmx,SISEPUEDE,-32.38972927768799,
